,Date_Time,Wind_Speed,Wind_Speed_2D,H_direction,V_direction,U_axis,V_axis,W_axis,timestamp
0,2024-03-15 16:44:35.983257,5.394,4.572000000000001,116.8,32.0,-4.082000000000001,2.064,2.846,0.0
10,2024-03-15 16:44:36.226605,5.593999999999999,4.858,120.4,29.8,-4.184,2.468,2.764,0.2433478832244873
20,2024-03-15 16:44:36.474588,5.2780000000000005,4.64,117.8,28.4,-4.098,2.172,2.502,0.4913308620452881
30,2024-03-15 16:44:36.733311,5.484,5.398000000000001,114.8,4.4,-4.904,2.254,0.45,0.750053882598877
40,2024-03-15 16:44:36.978033,5.35,4.726000000000001,119.0,28.0,-4.12,2.304,2.512,0.9947760105133057
50,2024-03-15 16:44:37.230850,4.878,4.516,115.8,13.4,-4.066,1.964,1.2,1.2475929260253906
60,2024-03-15 16:44:37.474418,5.0920000000000005,4.986,115.0,5.0,-4.516,2.106,0.48,1.4911608695983887
70,2024-03-15 16:44:37.722747,5.222,5.139999999999999,112.8,4.4,-4.728,2.018,0.424,1.739490032196045
80,2024-03-15 16:44:37.982584,5.258,5.0520000000000005,114.6,10.0,-4.5920000000000005,2.106,0.9399999999999998,1.9993269443511963
90,2024-03-15 16:44:38.229199,5.724,4.956,118.2,30.0,-4.3740000000000006,2.3280000000000003,2.8279999999999994,2.2459418773651123
100,2024-03-15 16:44:38.476151,6.706,6.194,118.6,22.4,-5.448,2.9520000000000004,2.56,2.492893934249878
110,2024-03-15 16:44:38.722391,6.816,6.299999999999999,119.2,22.4,-5.485999999999999,3.098,2.596,2.739133834838867
120,2024-03-15 16:44:38.996118,6.953999999999999,6.438,121.2,22.0,-5.498,3.338,2.616,3.0128610134124756
130,2024-03-15 16:44:39.237716,6.319999999999999,5.706,121.2,25.4,-4.876,2.954,2.648,3.2544589042663574
140,2024-03-15 16:44:39.472896,6.158,5.504,120.4,26.4,-4.736,2.794,2.754,3.4896390438079834
150,2024-03-15 16:44:39.725078,6.454000000000001,5.862,142.6,24.8,-3.434,3.138,2.672,3.741821050643921
160,2024-03-15 16:44:39.980722,6.004,5.334,120.8,27.2,-4.5680000000000005,2.752,2.752,3.997464895248413
170,2024-03-15 16:44:40.245683,5.442,4.674000000000001,118.8,30.8,-4.0920000000000005,2.2540000000000004,2.766,4.262425899505615
180,2024-03-15 16:44:40.476518,5.358,4.496,124.8,33.0,-3.676,2.5820000000000003,2.908,4.493260860443115
190,2024-03-15 16:44:40.744400,5.296,4.664,119.8,28.2,-4.052,2.298,2.488,4.76114296913147
200,2024-03-15 16:44:40.985760,5.994,5.424,119.6,22.8,-4.704,2.676,2.234,5.002502918243408
210,2024-03-15 16:44:41.239598,6.362,5.749999999999999,120.8,25.4,-4.932,2.898,2.7,5.256340980529785
220,2024-03-15 16:44:41.472633,6.378,5.63,128.4,28.2,-4.389999999999999,3.508,2.992,5.489375829696655
230,2024-03-15 16:44:41.724994,5.587999999999999,5.128,123.8,23.4,-4.256,2.856,2.194,5.741736888885498
240,2024-03-15 16:44:41.984010,5.8020000000000005,5.21,124.6,26.2,-4.287999999999999,2.932,2.496,6.000752925872803
250,2024-03-15 16:44:42.234304,6.082,5.595999999999999,124.4,23.2,-4.612,3.162,2.382,6.251046895980835
260,2024-03-15 16:44:42.473213,5.338,4.548,131.0,31.6,-3.426,2.986,2.772,6.489955902099609
270,2024-03-15 16:44:42.722345,5.076,4.192,128.2,34.2,-3.2920000000000003,2.582,2.854,6.73908805847168
280,2024-03-15 16:44:42.976021,5.658,4.901999999999999,135.8,29.8,-3.428,3.504,2.806,6.992763996124268
290,2024-03-15 16:44:43.224138,5.486,4.638,133.4,32.4,-3.382,3.162,2.9,7.240880966186523
300,2024-03-15 16:44:43.479577,5.484,4.716,132.8,30.8,-3.442,3.22,2.802,7.496320009231567
310,2024-03-15 16:44:43.725701,6.104,5.409999999999999,126.2,27.8,-4.356,3.192,2.8020000000000005,7.742444038391113
320,2024-03-15 16:44:43.973463,5.18,4.358,121.6,32.6,-3.714,2.268,2.782,7.990206003189087
330,2024-03-15 16:44:44.230661,5.779999999999999,5.042,124.4,29.2,-4.156000000000001,2.8440000000000003,2.822,8.247403860092163
340,2024-03-15 16:44:44.473079,5.894,5.166,125.2,28.8,-4.224,2.966,2.83,8.489821910858154
350,2024-03-15 16:44:44.722838,5.62,5.174000000000001,120.4,23.0,-4.459999999999999,2.6180000000000003,2.178,8.739580869674683
360,2024-03-15 16:44:44.978939,5.702,5.442,117.0,13.4,-4.843999999999999,2.474,1.3199999999999998,8.995682001113892
370,2024-03-15 16:44:45.250554,6.1240000000000006,5.774,116.6,16.8,-5.158,2.588,1.7580000000000002,9.26729702949524
380,2024-03-15 16:44:45.472222,5.404000000000001,5.146,116.2,13.4,-4.617999999999999,2.27,1.294,9.488965034484863
390,2024-03-15 16:44:45.725375,5.67,5.214,119.8,23.2,-4.523999999999999,2.59,2.218,9.742117881774902
400,2024-03-15 16:44:46.007677,5.882,5.218000000000001,120.2,27.4,-4.502000000000001,2.628,2.7019999999999995,10.024420022964478
410,2024-03-15 16:44:46.230949,5.818,5.132,122.4,28.0,-4.318,2.75,2.744,10.247691869735718
420,2024-03-15 16:44:46.506818,5.984,5.228,120.0,29.0,-4.5200000000000005,2.622,2.898000000000001,10.523561000823975
430,2024-03-15 16:44:46.803748,6.144,5.464,122.0,27.0,-4.636,2.896,2.79,10.820490837097168
440,2024-03-15 16:44:47.050666,6.346,5.658,124.0,26.8,-4.688,3.162,2.8600000000000003,11.067409038543701
450,2024-03-15 16:44:47.281062,6.674,6.128,143.2,23.4,-3.508,3.404,2.632,11.297804832458496
460,2024-03-15 16:44:47.523025,6.742,6.122,125.4,24.8,-4.984,3.5480000000000005,2.816,11.539767980575562
470,2024-03-15 16:44:47.763891,7.462000000000001,6.989999999999999,121.2,20.4,-5.972,3.624,2.604,11.780633926391602
480,2024-03-15 16:44:48.011810,7.471999999999999,6.944,123.2,21.8,-5.804,3.81,2.72,12.028553009033203
490,2024-03-15 16:44:48.248018,6.825999999999999,6.17,134.6,25.4,-4.3740000000000006,4.356,2.908,12.264760971069336
500,2024-03-15 16:44:48.530888,7.116,6.481999999999999,137.0,24.2,-4.406000000000001,4.754,2.93,12.547631025314331
510,2024-03-15 16:44:48.779458,6.967999999999999,6.606,140.6,14.4,-4.198,5.098,1.722,12.79620099067688
520,2024-03-15 16:44:49.028207,6.909999999999999,6.642,140.4,10.0,-4.192,5.146,1.208,13.044950008392334
530,2024-03-15 16:44:49.369043,7.504,7.035999999999999,139.2,18.2,-4.594,5.331999999999999,2.312,13.385786056518555
540,2024-03-15 16:44:49.612270,7.212000000000001,6.598000000000001,135.4,23.8,-4.617999999999999,4.708,2.914,13.629013061523438
550,2024-03-15 16:44:49.918291,6.247999999999999,5.548,130.6,27.4,-4.215999999999999,3.6019999999999994,2.8680000000000003,13.935034036636353
560,2024-03-15 16:44:50.122780,6.824000000000001,6.222,134.2,24.0,-4.444000000000001,4.35,2.798,14.139523029327393
570,2024-03-15 16:44:50.306432,6.632,6.016,130.2,25.0,-4.58,3.896,2.782,14.323174953460693
580,2024-03-15 16:44:50.591593,6.496,5.8020000000000005,131.4,26.6,-4.338,3.84,2.9159999999999995,14.608335971832275
590,2024-03-15 16:44:50.822356,6.922,6.398000000000001,125.6,22.2,-5.210000000000001,3.708,2.632,14.839098930358887
600,2024-03-15 16:44:51.066470,7.204000000000001,6.712000000000001,123.6,21.2,-5.58,3.73,2.6,15.083212852478027
610,2024-03-15 16:44:51.289177,7.052,6.494,132.0,22.8,-4.808000000000001,4.352,2.732,15.305919885635376
620,2024-03-15 16:44:51.580264,7.912000000000001,7.444,135.6,19.8,-5.206,5.316,2.68,15.597007036209106
630,2024-03-15 16:44:51.877216,7.986,7.606,131.4,17.6,-5.692,5.045999999999999,2.428,15.893959045410156
640,2024-03-15 16:44:52.105811,7.803999999999999,7.625999999999999,165.8,8.6,-2.5380000000000003,6.07,1.386,16.122554063796997
650,2024-03-15 16:44:52.289452,8.702,8.702,147.4,0.0,-4.684,7.324,0.0,16.30619502067566
660,2024-03-15 16:44:52.547236,8.882,8.882,149.4,0.0,-4.540000000000001,7.628,0.0,16.563978910446167
670,2024-03-15 16:44:52.728194,6.610000000000001,6.610000000000001,151.4,0.0,-3.168,5.803999999999999,0.0,16.7449369430542
680,2024-03-15 16:44:53.009962,7.717999999999999,7.717999999999999,150.2,0.0,-3.836,6.694,0.0,17.026705026626587
690,2024-03-15 16:44:53.235035,7.303999999999999,7.303999999999999,144.8,0.0,-4.225999999999999,5.960000000000001,0.0,17.25177788734436
700,2024-03-15 16:44:53.496035,6.73,6.494,140.6,9.0,-4.132,5.01,1.158,17.51277804374695
710,2024-03-15 16:44:53.734919,7.768000000000001,7.768000000000001,143.2,0.0,-4.65,6.222,0.0,17.751662015914917
720,2024-03-15 16:44:54.000593,7.17,7.17,148.2,0.0,-3.78,6.088,0.0,18.017335891723633
730,2024-03-15 16:44:54.227362,6.828,6.828,147.6,0.0,-3.658,5.758,0.0,18.244104862213135
740,2024-03-15 16:44:54.502549,7.632,7.632,149.2,0.0,-3.926,6.537999999999999,0.0,18.519291877746582
750,2024-03-15 16:44:54.758038,8.584,8.584,146.4,0.0,-4.77,7.142,0.0,18.774780988693237
760,2024-03-15 16:44:55.029604,8.303999999999998,8.303999999999998,146.2,0.0,-4.598000000000001,6.916000000000001,0.0,19.04634690284729
770,2024-03-15 16:44:55.254999,7.961999999999999,7.961999999999999,145.6,0.0,-4.49,6.572,0.0,19.27174186706543
780,2024-03-15 16:44:55.503183,7.652000000000001,7.652000000000001,148.6,0.0,-3.964,6.542,0.0,19.519925832748413
790,2024-03-15 16:44:55.733283,7.022,7.022,147.0,0.0,-3.798000000000001,5.906,0.0,19.750025987625122
800,2024-03-15 16:44:56.001848,6.808,6.808,150.4,0.0,-3.372,5.91,0.0,20.018590927124023
810,2024-03-15 16:44:56.244219,6.138,6.138,147.0,0.0,-3.3519999999999994,5.126,0.0,20.26096200942993
820,2024-03-15 16:44:56.481039,6.8420000000000005,6.8420000000000005,148.8,0.0,-3.522,5.86,0.0,20.497781991958618
830,2024-03-15 16:44:56.731522,7.184,7.184,153.0,0.0,-3.268,6.390000000000001,0.0,20.748265027999878
840,2024-03-15 16:44:56.990765,7.711999999999999,7.711999999999999,150.0,0.0,-3.87,6.666,0.0,21.007508039474487
850,2024-03-15 16:44:57.224995,9.184,9.184,153.6,0.0,-4.106,8.2,0.0,21.241737842559814
860,2024-03-15 16:44:57.499837,7.909999999999999,7.909999999999999,156.2,0.0,-3.246,7.194,0.0,21.5165798664093
870,2024-03-15 16:44:57.744217,7.244,7.244,149.8,0.0,-3.6279999999999992,6.2700000000000005,0.0,21.76095986366272
880,2024-03-15 16:44:57.979532,6.481999999999999,6.481999999999999,145.2,0.0,-3.712,5.3100000000000005,0.0,21.996274948120117
890,2024-03-15 16:44:58.252238,7.609999999999999,7.609999999999999,147.6,0.0,-4.109999999999999,6.402000000000001,0.0,22.268980979919434
900,2024-03-15 16:44:58.499422,6.511999999999999,6.511999999999999,142.8,0.0,-3.946,5.174,0.0,22.516165018081665
910,2024-03-15 16:44:58.727678,6.882,6.5920000000000005,138.2,14.6,-4.386,4.914,1.7719999999999998,22.744421005249023
920,2024-03-15 16:44:59.029888,6.663999999999999,6.325999999999999,135.6,18.2,-4.418,4.522,2.064,23.046630859375
930,2024-03-15 16:44:59.257371,6.061999999999999,5.8180000000000005,133.0,16.2,-4.26,3.962,1.65,23.27411389350891
940,2024-03-15 16:44:59.517165,7.236,7.236,145.2,0.0,-4.098000000000001,5.958,0.0,23.533907890319824
950,2024-03-15 16:44:59.747444,8.418000000000001,8.418000000000001,148.0,0.0,-4.488,7.12,0.0,23.76418685913086
960,2024-03-15 16:44:59.998125,7.318,7.318,148.8,0.0,-3.794000000000001,6.254,0.0,24.014868021011353
970,2024-03-15 16:45:00.271805,7.342,7.148000000000001,145.2,8.2,-4.052,5.851999999999999,1.066,24.2885479927063
980,2024-03-15 16:45:00.478345,6.819999999999999,6.651999999999999,142.4,7.6,-4.074,5.252,0.994,24.49508786201477
990,2024-03-15 16:45:00.786628,6.5280000000000005,6.5280000000000005,147.0,0.0,-3.5620000000000003,5.468,0.0,24.8033709526062
1000,2024-03-15 16:45:01.029542,6.372000000000001,6.288,141.6,4.2,-3.9260000000000006,4.904,0.474,25.046284914016724
1010,2024-03-15 16:45:01.283225,6.1,5.976,143.4,5.0,-3.564,4.788,0.5559999999999999,25.299968004226685
1020,2024-03-15 16:45:01.509887,6.166000000000001,5.56,138.4,25.6,-3.686,4.16,2.668,25.52662992477417
1030,2024-03-15 16:45:01.762946,6.498,6.156000000000001,130.6,18.6,-4.666,4.012,2.04,25.779688835144043
1040,2024-03-15 16:45:02.050982,6.856,6.638,131.0,14.4,-4.98,4.376,1.7,26.06772494316101
1050,2024-03-15 16:45:02.263683,7.158,6.872,128.8,16.0,-5.342,4.298,1.974,26.280426025390625
1060,2024-03-15 16:45:02.510158,7.63,7.475999999999999,130.4,11.4,-5.664,4.843999999999999,1.504,26.52690100669861
1070,2024-03-15 16:45:02.743099,7.241999999999999,7.056,125.4,12.8,-5.752,4.072,1.596,26.759841918945312
1080,2024-03-15 16:45:03.013808,7.781999999999999,7.654000000000001,130.0,10.4,-5.837999999999999,4.934,1.386,27.030550956726074
1090,2024-03-15 16:45:03.231335,7.628,7.506,125.2,10.2,-6.102,4.3180000000000005,1.326,27.248077869415283
1100,2024-03-15 16:45:03.492208,8.852,8.704,132.4,9.8,-6.394,5.856,1.502,27.50895094871521
1110,2024-03-15 16:45:03.747640,8.331999999999999,8.184000000000001,124.0,10.6,-6.784000000000001,4.566,1.544,27.76438283920288
1120,2024-03-15 16:45:04.036066,8.088000000000001,7.968000000000001,124.4,9.6,-6.56,4.508,1.346,28.05280900001526
1130,2024-03-15 16:45:04.351462,7.586,7.401999999999999,127.4,12.4,-5.878,4.496,1.64,28.368204832077026
1140,2024-03-15 16:45:04.527432,7.545999999999999,7.295999999999999,130.6,14.8,-5.5200000000000005,4.75,1.924,28.544174909591675
1150,2024-03-15 16:45:04.799038,6.878,6.714,130.6,12.8,-5.1,4.3420000000000005,1.484,28.815780878067017
1160,2024-03-15 16:45:05.055167,7.325999999999999,7.078,137.2,14.8,-4.832,5.172,1.856,29.07190990447998
1170,2024-03-15 16:45:05.260461,7.478,7.314,133.8,11.8,-5.282000000000001,5.05,1.4940000000000002,29.277204036712646
1180,2024-03-15 16:45:05.510739,6.998,6.808,130.4,13.2,-5.166,4.406000000000001,1.572,29.52748203277588
1190,2024-03-15 16:45:05.780700,7.382,7.211999999999999,130.0,12.2,-5.508,4.648000000000001,1.532,29.79744291305542
1200,2024-03-15 16:45:06.003621,8.644000000000002,8.458000000000002,124.8,11.8,-6.972,4.772,1.7399999999999998,30.0203640460968
1210,2024-03-15 16:45:06.255946,10.108,9.964,120.6,9.8,-8.58,5.0600000000000005,1.654,30.27268886566162
1220,2024-03-15 16:45:06.491743,11.296,11.17,120.4,8.4,-9.61,5.682,1.648,30.508486032485962
1230,2024-03-15 16:45:06.805808,11.516,11.406,120.8,8.0,-9.822,5.794,1.582,30.822551012039185
1240,2024-03-15 16:45:07.019343,11.828,11.736,117.0,5.4,-10.46,5.308,1.14,31.036085844039917
1250,2024-03-15 16:45:07.252250,9.768,9.61,120.8,10.2,-8.234,4.954,1.73,31.26899290084839
1260,2024-03-15 16:45:07.500236,9.694,9.694,112.8,0.0,-8.924000000000001,3.774,0.0,31.516978979110718
1270,2024-03-15 16:45:07.741074,9.93,9.864,115.8,4.2,-8.884,4.272,0.728,31.757817029953003
1280,2024-03-15 16:45:07.977336,10.412,10.175999999999998,118.6,12.4,-8.92,4.890000000000001,2.196,31.994078874588013
1290,2024-03-15 16:45:08.240383,12.15,11.994000000000002,119.0,9.2,-10.48,5.83,1.92,32.25712585449219
1300,2024-03-15 16:45:08.487463,11.458000000000002,11.27,117.2,10.2,-10.014,5.162,2.048,32.50420594215393
1310,2024-03-15 16:45:08.757143,10.63,10.558000000000002,116.0,4.0,-9.476,4.646,0.7939999999999999,32.77388596534729
1320,2024-03-15 16:45:09.056977,10.855999999999998,10.696000000000002,118.4,9.8,-9.401999999999996,5.098000000000001,1.85,33.07371997833252
1330,2024-03-15 16:45:09.284032,9.954,9.728,118.8,12.4,-8.52,4.702,2.092,33.30077505111694
1340,2024-03-15 16:45:09.508489,9.611999999999998,9.57,114.4,2.4,-8.706,3.974,0.4059999999999999,33.52523183822632
1350,2024-03-15 16:45:09.756805,8.996,8.996,110.6,0.0,-8.407999999999998,3.172,0.0,33.773547887802124
1360,2024-03-15 16:45:10.007846,8.622,8.528,106.8,5.4,-8.164,2.4480000000000004,0.7959999999999999,34.02458906173706
1370,2024-03-15 16:45:10.229635,8.828,8.629999999999999,103.2,11.0,-8.38,1.998,1.654,34.24637794494629
1380,2024-03-15 16:45:10.522660,8.238,8.146,108.4,5.4,-7.712000000000001,2.57,0.764,34.53940296173096
1390,2024-03-15 16:45:10.752652,7.334,7.105999999999999,99.0,13.0,-7.0200000000000005,1.098,1.62,34.769394874572754
1400,2024-03-15 16:45:11.061151,8.565999999999999,8.565999999999999,111.2,0.0,-7.996,3.074,0.0,35.07789397239685
1410,2024-03-15 16:45:11.340821,9.622,9.552,117.4,6.2,-8.434000000000001,4.432,1.0579999999999998,35.357563972473145
1420,2024-03-15 16:45:11.580142,9.708,9.642,118.4,5.8,-8.47,4.5920000000000005,0.9920000000000002,35.596884965896606
1430,2024-03-15 16:45:11.813247,10.029999999999998,10.029999999999998,114.8,0.0,-9.116,4.184,0.0,35.82998991012573
1440,2024-03-15 16:45:12.047445,9.274,9.274,109.4,0.0,-8.736,3.106,0.0,36.06418800354004
1450,2024-03-15 16:45:12.291501,9.664,9.664,112.2,0.0,-8.959999999999999,3.608000000000001,0.0,36.30824398994446
1460,2024-03-15 16:45:12.491431,8.976,8.976,110.6,0.0,-8.395999999999999,3.162,0.0,36.50817394256592
1470,2024-03-15 16:45:12.742935,9.070000000000002,9.004,107.6,4.4,-8.572000000000001,2.732,0.6900000000000001,36.75967788696289
1480,2024-03-15 16:45:13.011566,9.392,9.252,104.4,8.8,-8.94,2.3160000000000003,1.4280000000000002,37.0283088684082
1490,2024-03-15 16:45:13.273716,9.882,9.842,110.4,2.4,-9.224,3.402,0.382,37.2904589176178
1500,2024-03-15 16:45:13.510961,10.596,10.496,118.6,7.0,-9.21,5.002,1.274,37.52770400047302
1510,2024-03-15 16:45:13.757253,10.456,10.34,118.2,7.6,-9.118,4.860000000000001,1.4,37.773995876312256
1520,2024-03-15 16:45:14.007510,8.624,8.438,105.2,9.4,-8.122000000000002,2.228,1.356,38.02425289154053
1530,2024-03-15 16:45:14.274268,8.616,8.462,101.0,8.4,-8.266000000000002,1.6780000000000002,1.246,38.29101085662842
1540,2024-03-15 16:45:14.510565,7.346000000000001,7.272,93.8,3.6,-7.244,0.5279999999999999,0.466,38.527307987213135
1550,2024-03-15 16:45:14.731507,7.7,7.484,98.4,12.0,-7.375999999999999,1.126,1.652,38.748250007629395
1560,2024-03-15 16:45:14.982455,8.204,8.178,101.8,2.0,-7.892,1.8060000000000005,0.308,38.9991979598999
1570,2024-03-15 16:45:15.226094,9.254,9.254,110.4,0.0,-8.676,3.222,0.0,39.24283695220947
1580,2024-03-15 16:45:15.487602,9.37,9.318,109.0,2.8,-8.788,3.032,0.444,39.50434494018555
1590,2024-03-15 16:45:15.731630,9.426,9.304,108.8,5.8,-8.796000000000001,3.006,0.9440000000000002,39.74837303161621
1600,2024-03-15 16:45:15.973275,9.606,9.606,112.8,0.0,-8.861999999999998,3.716,0.0,39.990017890930176
1610,2024-03-15 16:45:16.234937,8.524000000000001,8.524000000000001,112.8,0.0,-7.853999999999999,3.313999999999999,0.0,40.25167989730835
1620,2024-03-15 16:45:16.506098,7.720000000000001,7.471999999999999,101.4,11.2,-7.280000000000001,1.512,1.518,40.52284097671509
1630,2024-03-15 16:45:16.772647,6.840000000000001,6.698,128.6,6.6,-5.776000000000001,2.246,0.954,40.789389848709106
1640,2024-03-15 16:45:16.973604,7.428,7.345999999999999,107.6,3.8,-6.994,2.2339999999999995,0.494,40.990346908569336
1650,2024-03-15 16:45:17.259038,5.459999999999999,5.459999999999999,92.2,0.0,-5.449999999999999,0.2119999999999999,0.0,41.27578091621399
1660,2024-03-15 16:45:17.501670,6.867999999999999,6.394,102.2,21.4,-6.246,1.364,2.49,41.518412828445435
1670,2024-03-15 16:45:17.808406,6.853999999999999,6.492,102.4,18.6,-6.336,1.412,2.1900000000000004,41.825149059295654
1680,2024-03-15 16:45:18.082868,6.138,6.078,95.2,3.4,-6.018,0.6159999999999999,0.418,42.099611043930054
1690,2024-03-15 16:45:18.301103,7.006,6.728,101.8,14.2,-6.572,1.402,1.7579999999999998,42.317846059799194
1700,2024-03-15 16:45:18.517031,7.775999999999999,7.510000000000001,103.2,13.6,-7.290000000000001,1.7280000000000002,1.796,42.53377389907837
1710,2024-03-15 16:45:18.749562,7.993999999999998,7.993999999999998,108.6,0.0,-7.562,2.578,0.0,42.7663049697876
1720,2024-03-15 16:45:19.026225,7.495999999999999,7.44,115.0,3.2,-6.734,3.164,0.394,43.04296803474426
1730,2024-03-15 16:45:19.291024,6.970000000000001,6.768000000000001,115.4,10.4,-6.12,2.886,1.3,43.307766914367676
1740,2024-03-15 16:45:19.612786,6.901999999999999,6.774000000000001,98.2,7.0,-6.669999999999999,1.012,0.8400000000000001,43.62952899932861
1750,2024-03-15 16:45:19.873922,7.68,7.388,117.4,14.2,-6.564,3.38,1.86,43.89066505432129
1760,2024-03-15 16:45:20.139641,6.632,6.322000000000001,119.4,17.4,-5.504,3.108,1.984,44.156383991241455
1770,2024-03-15 16:45:20.352911,8.969999999999999,8.806000000000001,116.0,8.6,-7.919999999999999,3.846,1.334,44.369653940200806
1780,2024-03-15 16:45:20.539229,8.248,8.066,117.4,10.6,-7.147999999999999,3.734,1.558,44.55597186088562
1790,2024-03-15 16:45:20.831100,7.639999999999999,7.442,116.0,11.4,-6.672,3.286,1.5580000000000005,44.84784293174744
1800,2024-03-15 16:45:21.108986,5.714,5.386,119.2,19.4,-4.698,2.62,1.886,45.12572884559631
1810,2024-03-15 16:45:21.310495,5.5600000000000005,5.402,115.0,8.6,-4.888,2.29,0.8480000000000001,45.32723784446716
1820,2024-03-15 16:45:21.501603,5.896,5.67,115.6,12.0,-5.1080000000000005,2.46,1.2580000000000002,45.51834583282471
1830,2024-03-15 16:45:21.755773,6.38,6.228,114.2,7.8,-5.676,2.556,0.8619999999999999,45.77251601219177
1840,2024-03-15 16:45:22.048945,7.25,7.159999999999999,115.6,3.8,-6.444,3.118,0.536,46.06568789482117
1850,2024-03-15 16:45:22.310257,6.3580000000000005,6.194000000000001,136.0,7.2,-4.524,2.782,0.51,46.32699990272522
1860,2024-03-15 16:45:22.525365,6.470000000000001,6.242,114.8,10.0,-5.674,2.598,1.026,46.54210805892944
1870,2024-03-15 16:45:22.772657,7.470000000000001,7.470000000000001,112.4,0.0,-6.894,2.872,0.0,46.78939986228943
1880,2024-03-15 16:45:23.075266,7.859999999999999,7.859999999999999,113.4,0.0,-7.214,3.118,0.0,47.09200882911682
1890,2024-03-15 16:45:23.307014,7.672,7.608,114.8,3.2,-6.912000000000001,3.186,0.458,47.32375693321228
1900,2024-03-15 16:45:23.526022,7.539999999999999,7.254,117.6,15.8,-6.424,3.364,2.012,47.54276490211487
1910,2024-03-15 16:45:23.885188,7.389999999999999,7.164,116.6,12.4,-6.401999999999999,3.214,1.626,47.901931047439575
1920,2024-03-15 16:45:24.163985,6.93,6.7620000000000005,115.8,7.8,-6.078,2.956,0.98,48.1807279586792
1930,2024-03-15 16:45:24.398772,7.151999999999999,6.664,118.0,21.0,-5.888,3.112,2.536,48.41551494598389
1940,2024-03-15 16:45:24.585637,6.354000000000001,5.67,119.8,27.2,-4.924,2.8,2.848,48.60238003730774
1950,2024-03-15 16:45:24.841924,4.664,3.6020000000000003,125.0,39.4,-2.94,2.0740000000000003,2.936,48.85866689682007
1960,2024-03-15 16:45:25.098882,5.47,5.024,118.2,20.4,-4.412,2.39,1.964,49.11562490463257
1970,2024-03-15 16:45:25.392093,5.51,5.426,110.4,4.4,-5.082,1.89,0.436,49.408835887908936
1980,2024-03-15 16:45:25.651139,5.540000000000001,5.312,132.2,11.0,-3.82,0.136,0.94,49.66788196563721
1990,2024-03-15 16:45:25.917904,6.228,5.782,70.8,15.8,-5.372,-1.984,1.904,49.93464684486389
2000,2024-03-15 16:45:26.133785,6.526000000000001,5.7620000000000005,65.0,28.0,-5.22,-2.434,3.054,50.15052795410156
2010,2024-03-15 16:45:26.342888,5.316,5.316,74.8,0.0,-5.0840000000000005,-1.432,0.0,50.359631061553955
2020,2024-03-15 16:45:26.564111,5.142,4.964,108.6,7.0,-4.676,1.636,0.5599999999999999,50.5808539390564
2030,2024-03-15 16:45:26.755672,5.358,5.272,113.4,4.4,-4.844,2.066,0.45,50.77241492271423
2040,2024-03-15 16:45:27.064978,5.122,4.532,118.4,27.8,-3.99,2.146,2.372,51.08172082901001
2050,2024-03-15 16:45:27.309797,5.2700000000000005,4.402,119.0,33.4,-3.844,2.142,2.874,51.32653999328613
2060,2024-03-15 16:45:27.602809,5.99,5.804,114.8,8.8,-5.2700000000000005,2.424,0.932,51.61955189704895
2070,2024-03-15 16:45:27.953694,5.552,5.552,114.8,0.0,-5.036,2.334,0.0,51.97043704986572
2080,2024-03-15 16:45:28.180195,5.632000000000001,5.384,116.8,15.2,-4.804,2.432,1.492,52.196938037872314
2090,2024-03-15 16:45:28.357623,5.136,4.741999999999999,117.8,20.0,-4.19,2.222,1.7559999999999998,52.37436604499817
2100,2024-03-15 16:45:28.652924,5.411999999999999,5.194,116.2,12.8,-4.656000000000001,2.3,1.178,52.66966700553894
2110,2024-03-15 16:45:28.956279,5.444,5.164,117.2,16.2,-4.582,2.386,1.558,52.97302198410034
2120,2024-03-15 16:45:29.246371,5.296,4.708,124.6,26.6,-3.888,2.592,2.294,53.2631139755249
2130,2024-03-15 16:45:29.479834,6.220000000000001,5.553999999999999,131.0,26.8,-4.192,3.642,2.7960000000000003,53.49657702445984
2140,2024-03-15 16:45:29.720602,5.698,4.936,125.0,30.0,-4.048,2.816,2.84,53.73734498023987
2150,2024-03-15 16:45:29.966033,5.494,4.832,126.0,28.6,-3.914,2.832,2.604,53.982775926589966
2160,2024-03-15 16:45:30.178086,6.05,5.74,120.2,18.6,-4.959999999999999,2.88,1.906,54.19482898712158
2170,2024-03-15 16:45:30.263551,6.303999999999999,6.004,119.4,17.8,-5.222,2.96,1.92,54.2802939414978
2180,2024-03-15 16:45:30.512970,5.952,5.666,119.2,17.6,-4.95,2.756,1.7879999999999998,54.52971291542053
2190,2024-03-15 16:45:30.753855,5.82,5.417999999999999,121.8,21.4,-4.596,2.862,2.118,54.7705979347229
2200,2024-03-15 16:45:31.049160,6.351999999999999,5.978,121.0,19.8,-5.116,3.082,2.148,55.06590294837952
2210,2024-03-15 16:45:31.296001,6.595999999999999,6.023999999999999,121.2,24.0,-5.151999999999999,3.12,2.69,55.31274390220642
2220,2024-03-15 16:45:31.483303,5.582000000000001,4.868,122.8,29.4,-4.090000000000001,2.632,2.726,55.50004601478577
2230,2024-03-15 16:45:31.779184,5.554,4.686,124.2,32.2,-3.868,2.63,2.966,55.79592704772949
2240,2024-03-15 16:45:32.083495,5.464,4.664,125.8,31.6,-3.776,2.7339999999999995,2.844,56.10023784637451
2250,2024-03-15 16:45:32.288175,6.284000000000001,5.624,128.0,26.4,-4.424,3.466,2.802,56.30491805076599
2260,2024-03-15 16:45:32.534679,5.642,4.902000000000001,129.2,29.8,-3.768,3.104,2.786,56.551421880722046
2270,2024-03-15 16:45:32.730466,6.036,5.276,131.8,29.2,-3.91,3.5260000000000007,2.9240000000000004,56.74720883369446
2280,2024-03-15 16:45:33.000091,6.602000000000001,5.95,123.0,25.4,-4.991999999999999,3.2379999999999995,2.844,57.016834020614624
2290,2024-03-15 16:45:33.275344,5.896,5.534,117.0,15.2,-4.924,2.518,1.602,57.2920868396759
2300,2024-03-15 16:45:33.491075,5.502,5.502,114.8,0.0,-4.998,2.304,0.0,57.50781798362732
2310,2024-03-15 16:45:33.764429,6.642,6.164,116.4,19.2,-5.5200000000000005,2.734,2.22,57.781172037124634
2320,2024-03-15 16:45:34.052769,6.706,6.472,116.2,9.4,-5.816,2.838,1.12,58.06951189041138
2330,2024-03-15 16:45:34.313031,6.331999999999999,6.331999999999999,113.2,0.0,-5.82,2.4840000000000004,0.0,58.329773902893066
2340,2024-03-15 16:45:34.523434,6.18,6.18,113.6,0.0,-5.67,2.46,0.0,58.54017686843872
2350,2024-03-15 16:45:34.802716,5.268,5.268,111.8,0.0,-4.884,1.968,0.0,58.819458961486816
2360,2024-03-15 16:45:35.061176,5.156000000000001,5.156000000000001,113.0,0.0,-4.746,2.02,0.0,59.077919006347656
2370,2024-03-15 16:45:35.284124,4.906000000000001,4.906000000000001,112.6,0.0,-4.5280000000000005,1.884,0.0,59.3008668422699
2380,2024-03-15 16:45:35.488165,4.892,4.892,113.2,0.0,-4.505999999999999,1.908,0.0,59.504907846450806
2390,2024-03-15 16:45:35.778542,5.566,4.816,117.8,30.0,-4.25,2.268,2.75,59.79528498649597
2400,2024-03-15 16:45:35.994379,4.71,4.258,117.0,19.2,-3.796,1.916,1.582,60.01112198829651
2410,2024-03-15 16:45:36.255918,4.978,4.428,117.6,24.2,-3.92,2.058,2.034,60.272660970687866
2420,2024-03-15 16:45:36.573813,5.38,4.808,117.4,26.8,-4.266,2.214,2.42,60.590555906295776
2430,2024-03-15 16:45:36.776398,4.92,4.664000000000001,115.4,13.8,-4.208,2.014,1.25,60.79314088821411
2440,2024-03-15 16:45:37.121787,5.1,5.022,114.4,4.2,-4.574,2.076,0.418,61.138530015945435
2450,2024-03-15 16:45:37.295613,4.996,4.9,114.4,4.8,-4.452,2.048,0.444,61.31235599517822
2460,2024-03-15 16:45:37.514202,4.738,4.651999999999999,115.4,4.8,-4.202,1.996,0.41,61.53094506263733
2470,2024-03-15 16:45:37.746267,4.109999999999999,4.109999999999999,113.2,0.0,-3.776,1.622,0.0,61.763010025024414
2480,2024-03-15 16:45:38.105076,4.726,4.726,139.8,0.0,-2.434,1.782,0.0,62.12181901931763
2490,2024-03-15 16:45:38.308612,4.531999999999999,4.354,96.6,7.0,-4.279999999999999,0.5700000000000001,0.5559999999999999,62.325355052948
2500,2024-03-15 16:45:38.506996,4.648,4.534,94.0,5.4,-4.488,0.314,0.474,62.523738861083984
2510,2024-03-15 16:45:38.809638,5.072000000000001,4.938000000000001,71.2,5.4,-4.662,-1.6119999999999997,0.554,62.82638096809387
2520,2024-03-15 16:45:38.992390,4.554,4.394,70.2,6.8,-4.138,-1.462,0.522,63.009132862091064
2530,2024-03-15 16:45:39.277413,4.634,3.790000000000001,66.0,35.0,-3.468,-1.5219999999999998,2.666,63.29415583610535
2540,2024-03-15 16:45:39.528823,5.0920000000000005,4.303999999999999,64.4,32.2,-3.88,-1.864,2.7139999999999995,63.54556584358215
2550,2024-03-15 16:45:39.761398,4.854,4.134,65.4,31.4,-3.752,-1.73,2.532,63.778141021728516
2560,2024-03-15 16:45:40.041422,4.816000000000001,4.43,68.8,17.4,-4.1240000000000006,-1.616,1.4899999999999998,64.0581648349762
2570,2024-03-15 16:45:40.237843,4.836,4.522,73.2,12.6,-4.314,-1.2899999999999998,1.116,64.25458598136902
2580,2024-03-15 16:45:40.472304,5.144,5.144,79.8,0.0,-5.018,-0.9600000000000002,0.0,64.48904705047607
2590,2024-03-15 16:45:40.750262,4.624,4.624,83.4,0.0,-4.57,-0.53,0.0,64.76700496673584
2600,2024-03-15 16:45:40.971881,5.889999999999999,5.889999999999999,112.0,0.0,-5.462000000000001,2.196,0.0,64.98862385749817
2610,2024-03-15 16:45:41.229542,5.082000000000001,5.082000000000001,113.0,0.0,-4.682,1.97,0.0,65.24628496170044
2620,2024-03-15 16:45:41.473804,5.247999999999999,5.156,114.4,4.8,-4.7,2.1179999999999994,0.44,65.4905469417572
2630,2024-03-15 16:45:41.734580,6.058,5.852,116.0,11.2,-5.256,2.5620000000000003,1.2579999999999998,65.75132298469543
2640,2024-03-15 16:45:41.997342,6.148,5.720000000000001,119.6,21.6,-4.984,2.808,2.2340000000000004,66.01408505439758
2650,2024-03-15 16:45:42.227740,6.0280000000000005,5.648000000000001,120.0,20.4,-4.874,2.844,2.086,66.24448299407959
2660,2024-03-15 16:45:42.476801,6.19,5.876,119.6,18.2,-5.1,2.914,1.894,66.49354386329651
2670,2024-03-15 16:45:42.723992,6.508,6.138,122.2,19.4,-5.182,3.2840000000000003,2.156,66.74073505401611
2680,2024-03-15 16:45:42.978522,6.26,5.764,123.2,23.0,-4.836,3.13,2.438,66.99526500701904
2690,2024-03-15 16:45:43.225473,6.675999999999999,6.194,117.8,21.8,-5.478,2.884,2.4479999999999995,67.24221587181091
2700,2024-03-15 16:45:43.477553,5.806,5.191999999999999,119.4,26.4,-4.5120000000000005,2.568,2.592,67.494295835495
2710,2024-03-15 16:45:43.734189,6.066,5.418,119.2,26.8,-4.723999999999999,2.646,2.7060000000000004,67.75093197822571
2720,2024-03-15 16:45:43.996632,5.982,5.6,115.6,18.2,-5.046000000000001,2.424,1.884,68.01337504386902
2730,2024-03-15 16:45:44.227725,5.787999999999999,5.456,117.0,14.8,-4.862,2.474,1.502,68.2444679737091
2740,2024-03-15 16:45:44.489375,4.991999999999999,4.648000000000001,114.6,13.2,-4.232,1.922,1.14,68.50611805915833
2750,2024-03-15 16:45:44.739408,4.272,4.272,113.8,0.0,-3.914,1.7120000000000002,0.0,68.75615096092224
2760,2024-03-15 16:45:44.990091,4.396,4.396,113.4,0.0,-4.0280000000000005,1.754,0.0,69.00683403015137
2770,2024-03-15 16:45:45.225811,5.674,5.574,109.2,4.8,-5.244000000000001,1.846,0.472,69.24255394935608
2780,2024-03-15 16:45:45.481901,6.632000000000001,6.556,110.2,3.8,-6.138,2.282,0.448,69.49864387512207
2790,2024-03-15 16:45:45.725382,5.014,4.7620000000000005,114.6,11.2,-4.326,1.98,1.006,69.74212503433228
2800,2024-03-15 16:45:45.977750,5.73,5.241999999999999,117.2,23.8,-4.666,2.392,2.302,69.99449300765991
2810,2024-03-15 16:45:46.227594,5.758,5.5200000000000005,116.2,12.4,-4.95,2.44,1.286,70.2443368434906
2820,2024-03-15 16:45:46.482409,6.3,5.848000000000001,116.4,22.0,-5.226000000000001,2.6160000000000005,2.342,70.49915194511414
2830,2024-03-15 16:45:46.750310,5.754,5.454000000000001,116.2,14.0,-4.890000000000001,2.4040000000000004,1.4460000000000002,70.76705288887024
2840,2024-03-15 16:45:46.978624,5.478,5.478,113.2,0.0,-5.038,2.152,0.0,70.9953670501709
2850,2024-03-15 16:45:47.224631,5.408,5.284000000000001,114.2,5.2,-4.818,2.164,0.534,71.2413740158081
2860,2024-03-15 16:45:47.478113,5.029999999999999,5.029999999999999,111.8,0.0,-4.662000000000001,1.888,0.0,71.4948558807373
2870,2024-03-15 16:45:47.737482,5.252,5.252,109.4,0.0,-4.944,1.7680000000000002,0.0,71.75422501564026
2880,2024-03-15 16:45:47.991282,5.444,5.134,106.2,14.6,-4.93,1.4220000000000002,1.414,72.00802493095398
2890,2024-03-15 16:45:48.226221,4.712000000000001,4.596,106.6,5.4,-4.395999999999999,1.3199999999999998,0.486,72.24296402931213
2900,2024-03-15 16:45:48.474788,5.168,4.764,106.0,17.8,-4.561999999999999,1.318,1.516,72.49153089523315
2910,2024-03-15 16:45:48.733478,4.464,4.464,109.8,0.0,-4.198,1.506,0.0,72.75022101402283
2920,2024-03-15 16:45:48.984522,5.268000000000001,4.946,105.6,15.6,-4.752000000000001,1.346,1.396,73.00126504898071
2930,2024-03-15 16:45:49.224955,5.612,5.28,107.0,15.2,-5.0360000000000005,1.564,1.476,73.2416980266571
2940,2024-03-15 16:45:49.473856,4.938,4.84,139.8,4.6,-3.1020000000000003,1.472,0.466,73.49059891700745
2950,2024-03-15 16:45:49.752840,5.369999999999999,5.158,107.2,10.2,-4.917999999999999,1.546,0.95,73.76958298683167
2960,2024-03-15 16:45:49.973019,5.62,5.388,107.6,10.2,-5.132,1.636,1.024,73.98976182937622
2970,2024-03-15 16:45:50.223143,5.794,5.664,110.2,5.4,-5.314,1.948,0.528,74.23988604545593
2980,2024-03-15 16:45:50.471354,5.57,5.57,113.0,0.0,-5.122,2.1900000000000004,0.0,74.48809695243835
2990,2024-03-15 16:45:50.730346,5.7,5.087999999999999,117.8,26.8,-4.504,2.37,2.55,74.74708890914917
3000,2024-03-15 16:45:50.973108,5.948,5.508,117.2,22.2,-4.896000000000001,2.53,2.242,74.9898509979248
3010,2024-03-15 16:45:51.224346,6.556,6.556,114.6,0.0,-5.965999999999999,2.72,0.0,75.2410888671875
3020,2024-03-15 16:45:51.488318,7.924000000000001,7.647999999999999,116.4,14.8,-6.841999999999999,3.422,2.028,75.50506091117859
3030,2024-03-15 16:45:51.734278,6.864,6.814,115.2,3.0,-6.159999999999999,2.904,0.39,75.75102090835571
3040,2024-03-15 16:45:51.980439,7.045999999999999,6.664,117.8,19.0,-5.896,3.104,2.274,75.99718189239502
3050,2024-03-15 16:45:52.228341,6.832000000000001,6.335999999999999,119.0,21.8,-5.545999999999999,3.056,2.5380000000000003,76.2450840473175
3060,2024-03-15 16:45:52.508505,6.496,5.948000000000001,121.4,23.6,-5.0760000000000005,3.08,2.612,76.5252480506897
3070,2024-03-15 16:45:52.728518,6.228,5.542,123.6,27.2,-4.616,3.064,2.8340000000000005,76.7452609539032
3080,2024-03-15 16:45:53.013809,6.168,5.464,120.2,27.6,-4.712,2.764,2.85,77.03055191040039
3090,2024-03-15 16:45:53.223902,5.638,5.217999999999999,118.0,16.8,-4.5920000000000005,2.4560000000000004,1.6800000000000002,77.24064493179321
3100,2024-03-15 16:45:53.475289,5.348,5.348,113.8,0.0,-4.892,2.15,0.0,77.49203205108643
3110,2024-03-15 16:45:53.745413,4.978,4.7700000000000005,107.6,10.4,-4.522,1.4660000000000002,0.914,77.76215600967407
3120,2024-03-15 16:45:53.987070,4.104,3.5380000000000003,98.6,22.4,-3.468,0.546,1.684,78.00381302833557
3130,2024-03-15 16:45:54.221887,3.592,3.248,102.6,15.0,-3.162,0.71,1.012,78.23863005638123
3140,2024-03-15 16:45:54.473309,3.54,3.2299999999999995,97.6,14.2,-3.1980000000000004,0.4439999999999999,0.964,78.49005198478699
3150,2024-03-15 16:45:54.733367,3.556,3.09,101.6,22.2,-3.014,0.628,1.402,78.75010991096497
3160,2024-03-15 16:45:54.999589,3.52,3.018,68.2,23.6,-2.808,-1.104,1.404,79.01633191108704
3170,2024-03-15 16:45:55.229853,2.598,2.598,89.0,0.0,-2.58,-0.06,0.0,79.24659585952759
3180,2024-03-15 16:45:55.495619,3.188,2.634,107.2,25.2,-2.51,0.78,1.42,79.51236200332642
3190,2024-03-15 16:45:55.728820,3.966,3.226,99.6,31.2,-3.184,0.5379999999999999,2.082,79.74556303024292
3200,2024-03-15 16:45:55.982561,4.298,3.982,95.6,13.4,-3.922,0.456,1.0559999999999998,79.9993040561676
3210,2024-03-15 16:45:56.230025,5.486000000000001,5.486000000000001,113.2,0.0,-5.044,2.158,0.0,80.2467679977417
3220,2024-03-15 16:45:56.477586,5.263999999999999,4.488,116.6,31.6,-4.016,2.0,2.754,80.49432897567749
3230,2024-03-15 16:45:56.723267,5.406000000000001,5.244,115.4,6.4,-4.748,2.232,0.564,80.74001002311707
3240,2024-03-15 16:45:57.019347,5.666,5.576,115.2,4.6,-5.05,2.368,0.438,81.03608989715576
3250,2024-03-15 16:45:57.222582,5.933999999999999,5.868,114.8,3.8,-5.326,2.458,0.4059999999999999,81.2393250465393
3260,2024-03-15 16:45:57.486200,5.755999999999999,5.755999999999999,113.8,0.0,-5.273999999999999,2.306,0.0,81.50294303894043
3270,2024-03-15 16:45:57.758156,5.529999999999999,5.529999999999999,112.6,0.0,-5.108,2.116,0.0,81.77489900588989
3280,2024-03-15 16:45:57.986177,5.295999999999999,5.295999999999999,111.6,0.0,-4.924,1.954,0.0,82.00291991233826
3290,2024-03-15 16:45:58.225717,4.448,4.286,109.4,6.6,-4.036,1.4260000000000002,0.548,82.24246001243591
3300,2024-03-15 16:45:58.476386,5.214,5.214,109.4,0.0,-4.912000000000001,1.7419999999999998,0.0,82.49312901496887
3310,2024-03-15 16:45:58.728320,4.82,4.228,99.0,25.2,-4.158,0.6900000000000001,2.1060000000000003,82.74506282806396
3320,2024-03-15 16:45:59.029532,4.106,3.466,100.0,23.6,-3.396,0.608,1.764,83.0462749004364
3330,2024-03-15 16:45:59.234421,4.548,3.894000000000001,97.2,27.0,-3.854,0.518,2.158,83.25116395950317
3340,2024-03-15 16:45:59.501362,3.862000000000001,3.462,93.4,15.6,-3.438,0.218,1.146,83.51810503005981
3350,2024-03-15 16:45:59.725701,4.126,3.53,98.8,22.6,-3.468,0.578,1.738,83.74244403839111
3360,2024-03-15 16:45:59.974608,3.564,3.3480000000000003,96.8,7.8,-3.312,0.4019999999999999,0.602,83.99135088920593
