,forecast,real_wind,residuals,t_plus_x
2023-09-25 16:49:00.225,1.007,1.007,0.0,1.007
2023-09-25 16:49:00.250,1.053,1.053,0.0,1.053
2023-09-25 16:49:00.275,1.11,1.11,0.0,1.11
2023-09-25 16:49:00.300,1.179,1.179,0.0,1.179
2023-09-25 16:49:00.325,1.276,1.276,0.0,1.276
2023-09-25 16:49:00.350,1.32,1.32,0.0,1.32
2023-09-25 16:49:00.375,1.356,1.356,0.0,1.356
2023-09-25 16:49:00.400,1.394,1.394,0.0,1.394
2023-09-25 16:49:00.425,1.419,1.419,0.0,1.419
2023-09-25 16:49:00.450,1.402,1.402,0.0,1.402
2023-09-25 16:49:00.475,1.386,1.386,0.0,1.386
2023-09-25 16:49:00.500,1.357,1.357,0.0,1.357
2023-09-25 16:49:00.525,1.327,1.327,0.0,1.327
2023-09-25 16:49:00.550,1.279,1.279,0.0,1.279
2023-09-25 16:49:00.575,1.168,1.168,0.0,1.168
2023-09-25 16:49:00.600,1.1,1.1,0.0,1.1
2023-09-25 16:49:00.625,1.047,1.047,0.0,1.047
2023-09-25 16:49:00.650,0.981,0.981,0.0,0.981
2023-09-25 16:49:00.675,1.2010701444997158,0.943,-0.2580701444997159,1.007
2023-09-25 16:49:00.700,1.2858046682580817,0.886,-0.3998046682580817,1.053
2023-09-25 16:49:00.725,1.439458674555544,0.865,-0.574458674555544,1.11
2023-09-25 16:49:00.750,1.369855227186541,0.835,-0.534855227186541,1.179
2023-09-25 16:49:00.775,1.304991300416403,0.825,-0.47999130041640314,1.276
2023-09-25 16:49:00.800,1.2312216704926033,0.822,-0.4092216704926034,1.32
2023-09-25 16:49:00.825,1.1054334234321734,0.855,-0.25043342343217345,1.356
2023-09-25 16:49:00.850,1.1968307745107225,0.892,-0.3048307745107225,1.394
2023-09-25 16:49:00.875,0.9562704724259491,0.917,-0.039270472425949055,1.419
2023-09-25 16:49:00.900,0.7623871302711623,0.94,0.1776128697288376,1.402
2023-09-25 16:49:00.925,0.8044966388577346,0.951,0.14650336114226536,1.386
2023-09-25 16:49:00.950,0.7205905108543879,1.011,0.29040948914561204,1.357
2023-09-25 16:49:00.975,0.935852600472855,1.008,0.072147399527145,1.327
2023-09-25 16:49:01.000,0.8237325418544954,1.048,0.22426745814550464,1.279
2023-09-25 16:49:01.025,0.7708852396217774,1.063,0.2921147603782226,1.168
2023-09-25 16:49:01.050,0.7705993759172094,1.068,0.29740062408279067,1.1
2023-09-25 16:49:01.075,0.7285104423709196,1.038,0.3094895576290805,1.047
2023-09-25 16:49:01.100,0.8559637747991136,1.003,0.14703622520088633,0.981
2023-09-25 16:49:01.125,0.7050585515462257,0.974,0.2689414484537743,0.943
2023-09-25 16:49:01.150,0.7138772698021575,0.933,0.21912273019784256,0.886
2023-09-25 16:49:01.175,0.7856002898995612,0.91,0.12439971010043882,0.865
2023-09-25 16:49:01.200,0.8891100978780533,0.888,-0.0011100978780532733,0.835
2023-09-25 16:49:01.225,0.9576317974810278,0.901,-0.05663179748102776,0.825
2023-09-25 16:49:01.250,1.0765066994881836,0.868,-0.20850669948818357,0.822
2023-09-25 16:49:01.275,0.9997504845206187,0.84,-0.15975048452061869,0.855
2023-09-25 16:49:01.300,0.9657292776771125,0.808,-0.15772927767711242,0.892
2023-09-25 16:49:01.325,1.0148717590001373,0.807,-0.2078717590001372,0.917
2023-09-25 16:49:01.350,1.0321780725886942,0.843,-0.18917807258869423,0.94
2023-09-25 16:49:01.375,0.9123914923178515,0.843,-0.06939149231785158,0.951
2023-09-25 16:49:01.400,0.757548882692765,0.912,0.15445111730723504,1.011
2023-09-25 16:49:01.425,0.8062139447929559,0.891,0.08478605520704408,1.008
2023-09-25 16:49:01.450,0.7708104623092258,0.934,0.16318953769077427,1.048
2023-09-25 16:49:01.475,0.8308348417707652,0.99,0.15916515822923483,1.063
2023-09-25 16:49:01.500,0.7950830365587667,1.104,0.3089169634412334,1.068
2023-09-25 16:49:01.525,0.8149942970709925,1.185,0.3700057029290076,1.038
2023-09-25 16:49:01.550,0.8072951775426298,1.3,0.49270482245737024,1.003
2023-09-25 16:49:01.575,0.804576763123759,1.399,0.594423236876241,0.974
2023-09-25 16:49:01.600,0.8431610113354546,1.502,0.6588389886645454,0.933
2023-09-25 16:49:01.625,0.6183639823663997,1.627,1.0086360176336004,0.91
2023-09-25 16:49:01.650,0.7339850094064475,1.732,0.9980149905935525,0.888
2023-09-25 16:49:01.675,0.6077893633009507,1.862,1.2542106366990495,0.901
2023-09-25 16:49:01.700,0.8761180353745338,1.927,1.0508819646254661,0.868
2023-09-25 16:49:01.725,0.9241301736548548,1.968,1.0438698263451451,0.84
2023-09-25 16:49:01.750,0.8326630690752622,1.981,1.1483369309247378,0.808
2023-09-25 16:49:01.775,0.9743733817901644,2.004,1.0296266182098357,0.807
2023-09-25 16:49:01.800,1.1097523710836135,2.016,0.9062476289163865,0.843
2023-09-25 16:49:01.825,1.2658372330837524,2.026,0.7601627669162474,0.843
2023-09-25 16:49:01.850,1.3471649251689009,2.023,0.6758350748310993,0.912
2023-09-25 16:49:01.875,1.3643465111686361,2.042,0.6776534888313637,0.891
2023-09-25 16:49:01.900,1.3791659774828062,2.053,0.6738340225171937,0.934
2023-09-25 16:49:01.925,1.5264616165162255,2.095,0.5685383834837747,0.99
2023-09-25 16:49:01.950,1.7128263042452234,2.105,0.39217369575477656,1.104
2023-09-25 16:49:01.975,1.9047187880183492,2.115,0.21028121198165106,1.185
2023-09-25 16:49:02.000,1.8760218010030196,2.121,0.24497819899698037,1.3
2023-09-25 16:49:02.025,1.8925102337059732,2.139,0.24648976629402664,1.399
2023-09-25 16:49:02.050,1.9030444978698964,2.143,0.23995550213010342,1.502
2023-09-25 16:49:02.075,1.9045162932874609,2.165,0.2604837067125392,1.627
2023-09-25 16:49:02.100,1.8835445763845808,2.181,0.2974554236154192,1.732
2023-09-25 16:49:02.125,1.7892626846008337,2.199,0.40973731539916614,1.862
2023-09-25 16:49:02.150,1.672757767079471,2.171,0.4982422329205287,1.927
2023-09-25 16:49:02.175,1.7321196860171129,2.162,0.42988031398288706,1.968
2023-09-25 16:49:02.200,1.8045993294928786,2.209,0.4044006705071215,1.981
2023-09-25 16:49:02.225,2.0181202874423185,2.241,0.22287971255768158,2.004
2023-09-25 16:49:02.250,2.063330893245126,2.224,0.16066910675487422,2.016
2023-09-25 16:49:02.275,2.027173624837169,2.229,0.20182637516283108,2.026
2023-09-25 16:49:02.300,2.0309710150089453,2.252,0.2210289849910545,2.023
2023-09-25 16:49:02.325,2.0423826792662148,2.276,0.23361732073378505,2.042
2023-09-25 16:49:02.350,2.0048526637325805,2.312,0.3071473362674193,2.053
2023-09-25 16:49:02.375,1.9032205519156338,2.37,0.46677944808436633,2.095
2023-09-25 16:49:02.400,1.791519034805297,2.451,0.6594809651947031,2.105
2023-09-25 16:49:02.425,1.8983077366740162,2.491,0.5926922633259839,2.115
2023-09-25 16:49:02.450,1.9772693245137538,2.478,0.5007306754862464,2.121
2023-09-25 16:49:02.475,1.9713338361837152,2.495,0.523666163816285,2.139
2023-09-25 16:49:02.500,2.082804580339573,2.562,0.47919541966042667,2.143
2023-09-25 16:49:02.525,2.2072762577801712,2.641,0.4337237422198288,2.165
2023-09-25 16:49:02.550,2.1551548334057378,2.695,0.5398451665942621,2.181
2023-09-25 16:49:02.575,2.0999468211885075,2.731,0.6310531788114924,2.199
2023-09-25 16:49:02.600,2.0931143591302845,2.754,0.6608856408697155,2.171
2023-09-25 16:49:02.625,1.9914910667814796,2.747,0.7555089332185203,2.162
2023-09-25 16:49:02.650,1.9584222459732779,2.707,0.748577754026722,2.209
2023-09-25 16:49:02.675,2.0480608050154654,2.708,0.6599391949845348,2.241
2023-09-25 16:49:02.700,2.2234697680515714,2.727,0.5035302319484285,2.224
2023-09-25 16:49:02.725,2.414359825881254,2.736,0.321640174118746,2.229
2023-09-25 16:49:02.750,2.4547250159650074,2.732,0.27727498403499284,2.252
2023-09-25 16:49:02.775,2.4556787936876487,2.711,0.2553212063123511,2.276
2023-09-25 16:49:02.800,2.4399824268173287,2.695,0.25501757318267115,2.312
2023-09-25 16:49:02.825,2.4819611997936275,2.66,0.17803880020637264,2.37
2023-09-25 16:49:02.850,2.526683850726279,2.647,0.12031614927372081,2.451
2023-09-25 16:49:02.875,2.4175155635756287,2.582,0.16448443642437116,2.491
2023-09-25 16:49:02.900,2.354542395567921,2.565,0.21045760443207895,2.478
2023-09-25 16:49:02.925,2.4487545865470985,2.531,0.0822454134529016,2.495
2023-09-25 16:49:02.950,2.472647964319856,2.485,0.012352035680144091,2.562
2023-09-25 16:49:02.975,2.5487918551196658,2.411,-0.13779185511966574,2.641
2023-09-25 16:49:03.000,2.5896512552924893,2.357,-0.2326512552924891,2.695
2023-09-25 16:49:03.025,2.525235026489481,2.366,-0.15923502648948107,2.731
2023-09-25 16:49:03.050,2.518334659691286,2.36,-0.15833465969128602,2.754
2023-09-25 16:49:03.075,2.462727789909951,2.352,-0.11072778990995102,2.747
2023-09-25 16:49:03.100,2.4866142253600074,2.286,-0.2006142253600074,2.707
2023-09-25 16:49:03.125,2.2798292604892834,2.256,-0.023829260489283577,2.708
2023-09-25 16:49:03.150,2.334591880803214,2.244,-0.09059188080321379,2.727
2023-09-25 16:49:03.175,2.2785101339436626,2.204,-0.07451013394366246,2.736
2023-09-25 16:49:03.200,2.2180950978617338,2.165,-0.05309509786173372,2.732
2023-09-25 16:49:03.225,2.337130696016647,2.177,-0.1601306960166471,2.711
2023-09-25 16:49:03.250,2.3066844065517134,2.15,-0.15668440655171345,2.695
2023-09-25 16:49:03.275,2.2711511984796307,2.03,-0.24115119847963085,2.66
2023-09-25 16:49:03.300,2.0392712404676936,1.912,-0.12727124046769367,2.647
2023-09-25 16:49:03.325,2.0763690747288073,1.861,-0.21536907472880729,2.582
2023-09-25 16:49:03.350,2.1031302011810116,1.836,-0.2671302011810115,2.565
2023-09-25 16:49:03.375,2.10442860543051,1.837,-0.26742860543051017,2.531
2023-09-25 16:49:03.400,2.0912065210201662,1.788,-0.3032065210201662,2.485
2023-09-25 16:49:03.425,1.8936769787486558,1.79,-0.10367697874865578,2.411
2023-09-25 16:49:03.450,2.0062017645451333,1.79,-0.2162017645451333,2.357
2023-09-25 16:49:03.475,2.1264381529477325,1.784,-0.3424381529477325,2.366
2023-09-25 16:49:03.500,1.9843222597831622,1.818,-0.16632225978316217,2.36
2023-09-25 16:49:03.525,1.959383237661866,1.827,-0.1323832376618661,2.352
2023-09-25 16:49:03.550,1.9344537047864565,1.882,-0.05245370478645661,2.286
2023-09-25 16:49:03.575,1.8475617277018914,1.874,0.02643827229810869,2.256
2023-09-25 16:49:03.600,1.6463533175398843,1.858,0.21164668246011575,2.244
2023-09-25 16:49:03.625,1.5810547507858428,1.804,0.22294524921415726,2.204
2023-09-25 16:49:03.650,1.4725720556582862,1.75,0.2774279443417138,2.165
2023-09-25 16:49:03.675,1.5225516452358892,1.7,0.1774483547641108,2.177
2023-09-25 16:49:03.700,1.582997466413223,1.633,0.05000253358677709,2.15
2023-09-25 16:49:03.725,1.6342761971835238,1.617,-0.0172761971835238,2.03
2023-09-25 16:49:03.750,1.721064977157989,1.574,-0.14706497715798883,1.912
2023-09-25 16:49:03.775,1.6302555985903342,1.571,-0.059255598590334246,1.861
2023-09-25 16:49:03.800,1.866875677986392,1.577,-0.289875677986392,1.836
2023-09-25 16:49:03.825,1.749679174936372,1.602,-0.14767917493637195,1.837
2023-09-25 16:49:03.850,1.7128722821245472,1.608,-0.10487228212454713,1.788
2023-09-25 16:49:03.875,1.699686287413131,1.748,0.048313712586868895,1.79
2023-09-25 16:49:03.900,1.5695687816032877,1.825,0.25543121839671223,1.79
2023-09-25 16:49:03.925,1.6197479089013354,1.858,0.23825209109866474,1.784
2023-09-25 16:49:03.950,1.4774573809661757,1.941,0.4635426190338243,1.818
2023-09-25 16:49:03.975,1.5663325710605625,1.993,0.42666742893943765,1.827
2023-09-25 16:49:04.000,1.403755829536587,2.091,0.6872441704634131,1.882
2023-09-25 16:49:04.025,1.384518438124163,2.171,0.7864815618758367,1.874
2023-09-25 16:49:04.050,1.4948780477274868,2.186,0.6911219522725132,1.858
2023-09-25 16:49:04.075,1.3542427295033657,2.174,0.8197572704966343,1.804
2023-09-25 16:49:04.100,1.4090854263328543,2.188,0.7789145736671459,1.75
2023-09-25 16:49:04.125,1.5780947139145658,2.101,0.5229052860854342,1.7
2023-09-25 16:49:04.150,1.3057941596876796,2.062,0.7562058403123202,1.633
2023-09-25 16:49:04.175,1.586105794631425,2.053,0.46689420536857495,1.617
2023-09-25 16:49:04.200,1.9052149731789898,2.004,0.0987850268210102,1.574
2023-09-25 16:49:04.225,1.7841486314432564,1.957,0.17285136855674366,1.571
2023-09-25 16:49:04.250,1.9554466879757981,1.863,-0.09244668797579814,1.577
2023-09-25 16:49:04.275,1.868570159159726,1.733,-0.1355701591597258,1.602
2023-09-25 16:49:04.300,1.9502220837725872,1.547,-0.4032220837725873,1.608
2023-09-25 16:49:04.325,2.1069508192246467,1.402,-0.7049508192246468,1.748
2023-09-25 16:49:04.350,2.1229484165280073,1.348,-0.7749484165280072,1.825
2023-09-25 16:49:04.375,1.9539980256750518,1.316,-0.6379980256750517,1.858
2023-09-25 16:49:04.400,1.8780649247805181,1.335,-0.5430649247805182,1.941
2023-09-25 16:49:04.425,1.89726538540899,1.375,-0.52226538540899,1.993
2023-09-25 16:49:04.450,1.8186988635884125,1.434,-0.38469886358841254,2.091
2023-09-25 16:49:04.475,1.8771598935479545,1.455,-0.42215989354795447,2.171
2023-09-25 16:49:04.500,1.747656649833393,1.48,-0.267656649833393,2.186
2023-09-25 16:49:04.525,1.6183056779110516,1.563,-0.055305677911051676,2.174
2023-09-25 16:49:04.550,1.6305369139486328,1.745,0.11446308605136735,2.188
2023-09-25 16:49:04.575,1.671447308351535,1.935,0.26355269164846495,2.101
2023-09-25 16:49:04.600,1.4836281343613418,2.004,0.5203718656386582,2.062
2023-09-25 16:49:04.625,1.0140984959739876,2.044,1.0299015040260124,2.053
2023-09-25 16:49:04.650,0.9628511910634653,2.141,1.1781488089365348,2.004
2023-09-25 16:49:04.675,0.9525502093130606,2.158,1.2054497906869392,1.957
2023-09-25 16:49:04.700,1.0084134337342365,2.237,1.2285865662657636,1.863
2023-09-25 16:49:04.725,1.2057602262439342,2.235,1.0292397737560657,1.733
2023-09-25 16:49:04.750,1.3445495950861532,2.243,0.8984504049138466,1.547
2023-09-25 16:49:04.775,1.5164154645245718,2.23,0.7135845354754282,1.402
2023-09-25 16:49:04.800,1.6593416470795144,2.228,0.5686583529204858,1.348
2023-09-25 16:49:04.825,1.7510199026532507,2.196,0.4449800973467495,1.316
2023-09-25 16:49:04.850,1.7313552560022596,2.173,0.44164474399774045,1.335
2023-09-25 16:49:04.875,1.8413532409747075,2.139,0.29764675902529225,1.375
2023-09-25 16:49:04.900,1.9384152933816732,2.035,0.09658470661832697,1.434
2023-09-25 16:49:04.925,1.6801188515710195,1.971,0.2908811484289806,1.455
2023-09-25 16:49:04.950,1.979761653218374,1.825,-0.15476165321837398,1.48
2023-09-25 16:49:04.975,1.9214819635707137,1.773,-0.14848196357071375,1.563
2023-09-25 16:49:05.000,2.1422186853086673,1.715,-0.42721868530866725,1.745
2023-09-25 16:49:05.025,2.32269178479047,1.669,-0.6536917847904697,1.935
2023-09-25 16:49:05.050,2.14170088236461,1.65,-0.49170088236461007,2.004
2023-09-25 16:49:05.075,2.110129896591838,1.637,-0.4731298965918378,2.044
2023-09-25 16:49:05.100,1.963026569844959,1.635,-0.3280265698449589,2.141
2023-09-25 16:49:05.125,1.9879753241498133,1.656,-0.33197532414981334,2.158
2023-09-25 16:49:05.150,1.8550492166979293,1.654,-0.2010492166979294,2.237
2023-09-25 16:49:05.175,1.783126174991938,1.651,-0.13212617499193802,2.235
2023-09-25 16:49:05.200,1.6531566541596199,1.681,0.027843345840380174,2.243
2023-09-25 16:49:05.225,1.726859282419168,1.759,0.03214071758083192,2.23
2023-09-25 16:49:05.250,1.6611728453816281,1.966,0.30482715461837184,2.228
2023-09-25 16:49:05.275,1.6174538362553976,2.161,0.5435461637446024,2.196
2023-09-25 16:49:05.300,1.6126795621316754,2.324,0.7113204378683244,2.173
2023-09-25 16:49:05.325,1.4014895083240066,2.479,1.0775104916759934,2.139
2023-09-25 16:49:05.350,1.3949011960460251,2.671,1.2760988039539747,2.035
2023-09-25 16:49:05.375,1.441052610723699,2.741,1.2999473892763012,1.971
2023-09-25 16:49:05.400,1.3754972287455678,2.781,1.4055027712544323,1.825
2023-09-25 16:49:05.425,1.476926102724631,2.819,1.342073897275369,1.773
2023-09-25 16:49:05.450,1.5406085733090142,2.803,1.2623914266909857,1.715
2023-09-25 16:49:05.475,1.6148451185388484,2.726,1.1111548814611516,1.669
2023-09-25 16:49:05.500,1.71223565088629,2.474,0.7617643491137103,1.65
2023-09-25 16:49:05.525,1.5686072697150788,2.238,0.6693927302849212,1.637
2023-09-25 16:49:05.550,1.833601906465195,1.962,0.12839809353480502,1.635
2023-09-25 16:49:05.575,2.0993464852833763,1.756,-0.3433464852833763,1.656
2023-09-25 16:49:05.600,2.296163986573853,1.517,-0.7791639865738529,1.654
2023-09-25 16:49:05.625,2.363264575449563,1.345,-1.0182645754495632,1.651
2023-09-25 16:49:05.650,2.6660407009306346,1.271,-1.3950407009306347,1.681
2023-09-25 16:49:05.675,2.8939021077313907,1.21,-1.6839021077313907,1.759
2023-09-25 16:49:05.700,2.7390628016445246,1.147,-1.5920628016445246,1.966
2023-09-25 16:49:05.725,2.804136053235909,1.153,-1.6511360532359092,2.161
2023-09-25 16:49:05.750,2.495265087878323,1.17,-1.3252650878783232,2.324
2023-09-25 16:49:05.775,2.3780996510988293,1.238,-1.1400996510988293,2.479
2023-09-25 16:49:05.800,2.0333670421104344,1.304,-0.7293670421104343,2.671
2023-09-25 16:49:05.825,1.7499977373050146,1.341,-0.40899773730501465,2.741
2023-09-25 16:49:05.850,1.3680199301946498,1.356,-0.012019930194649753,2.781
2023-09-25 16:49:05.875,1.089243024328973,1.418,0.3287569756710269,2.819
2023-09-25 16:49:05.900,1.1816666440101586,1.388,0.20633335598984126,2.803
2023-09-25 16:49:05.925,0.9419291413250662,1.437,0.49507085867493383,2.726
2023-09-25 16:49:05.950,0.9480712139928196,1.49,0.5419287860071804,2.474
2023-09-25 16:49:05.975,1.142657540502908,1.489,0.3463424594970921,2.238
2023-09-25 16:49:06.000,1.0014561537043978,1.549,0.5475438462956022,1.962
2023-09-25 16:49:06.025,1.2321883391788346,1.598,0.36581166082116545,1.756
2023-09-25 16:49:06.050,1.1706675274116993,1.653,0.4823324725883007,1.517
2023-09-25 16:49:06.075,1.1460919629684652,1.675,0.5289080370315349,1.345
2023-09-25 16:49:06.100,1.234255963887186,1.725,0.49074403611281414,1.271
2023-09-25 16:49:06.125,1.2264997186880446,1.709,0.48250028131195544,1.21
2023-09-25 16:49:06.150,1.2127140853053604,1.72,0.5072859146946396,1.147
2023-09-25 16:49:06.175,1.3439543271890417,1.681,0.3370456728109583,1.153
2023-09-25 16:49:06.200,1.2638201037063763,1.67,0.4061798962936236,1.17
2023-09-25 16:49:06.225,1.2667266524588594,1.666,0.3992733475411405,1.238
2023-09-25 16:49:06.250,1.52435988419486,1.647,0.12264011580514,1.304
2023-09-25 16:49:06.275,1.4245060293783363,1.569,0.1444939706216637,1.341
2023-09-25 16:49:06.300,1.4287713314410238,1.496,0.06722866855897625,1.356
2023-09-25 16:49:06.325,1.4584343456203652,1.438,-0.02043434562036528,1.418
2023-09-25 16:49:06.350,1.5725415017162172,1.396,-0.1765415017162173,1.388
2023-09-25 16:49:06.375,1.5184311252715936,1.419,-0.09943112527159359,1.437
2023-09-25 16:49:06.400,1.6468055961013828,1.436,-0.21080559610138283,1.49
2023-09-25 16:49:06.425,1.6404377877886784,1.397,-0.24343778778867842,1.489
2023-09-25 16:49:06.450,1.5539704154565273,1.384,-0.16997041545652736,1.549
2023-09-25 16:49:06.475,1.545993027829337,1.368,-0.1779930278293369,1.598
2023-09-25 16:49:06.500,1.517042785297126,1.382,-0.1350427852971261,1.653
2023-09-25 16:49:06.525,1.463553976325853,1.434,-0.029553976325852993,1.675
2023-09-25 16:49:06.550,1.4577184286156886,1.495,0.03728157138431154,1.725
2023-09-25 16:49:06.575,1.3811358325487215,1.558,0.17686416745127853,1.709
2023-09-25 16:49:06.600,1.2911269392393754,1.59,0.2988730607606247,1.72
2023-09-25 16:49:06.625,1.2548943854028094,1.607,0.3521056145971906,1.681
2023-09-25 16:49:06.650,1.155736069917127,1.66,0.5042639300828728,1.67
2023-09-25 16:49:06.675,1.1995044739986902,1.745,0.5454955260013099,1.666
2023-09-25 16:49:06.700,1.375649080681794,1.821,0.4453509193182059,1.647
2023-09-25 16:49:06.725,1.2723109327276418,1.901,0.6286890672723582,1.569
2023-09-25 16:49:06.750,1.2782437949814982,2.005,0.7267562050185017,1.496
2023-09-25 16:49:06.775,1.2962361276826622,2.047,0.750763872317338,1.438
2023-09-25 16:49:06.800,1.2547543967344446,2.069,0.8142456032655554,1.396
2023-09-25 16:49:06.825,1.351064107930489,2.095,0.7439358920695112,1.419
2023-09-25 16:49:06.850,1.3562747153621777,2.143,0.7867252846378221,1.436
2023-09-25 16:49:06.875,1.4394462420511254,2.206,0.7665537579488746,1.397
2023-09-25 16:49:06.900,1.47408994021022,2.227,0.7529100597897798,1.384
2023-09-25 16:49:06.925,1.4864836767653506,2.25,0.7635163232346494,1.368
2023-09-25 16:49:06.950,1.6245099253974056,2.271,0.6464900746025943,1.382
2023-09-25 16:49:06.975,1.6924661636373293,2.28,0.5875338363626705,1.434
2023-09-25 16:49:07.000,1.7917413353324225,2.225,0.43325866466757756,1.495
2023-09-25 16:49:07.025,1.7433430052772527,2.204,0.46065699472274746,1.558
2023-09-25 16:49:07.050,1.8882355364235925,2.2,0.31176446357640764,1.59
2023-09-25 16:49:07.075,2.010357530197542,2.131,0.12064246980245796,1.607
2023-09-25 16:49:07.100,1.9435067759249756,2.039,0.09549322407502459,1.66
2023-09-25 16:49:07.125,2.0004103474521506,1.919,-0.08141034745215059,1.745
2023-09-25 16:49:07.150,1.9112021905033187,1.794,-0.1172021905033187,1.821
2023-09-25 16:49:07.175,2.018719266561284,1.679,-0.33971926656128404,1.901
2023-09-25 16:49:07.200,2.092994236948651,1.565,-0.527994236948651,2.005
2023-09-25 16:49:07.225,2.0571591845971207,1.447,-0.6101591845971206,2.047
2023-09-25 16:49:07.250,2.067769581558762,1.381,-0.6867695815587618,2.069
2023-09-25 16:49:07.275,2.104774024820654,1.342,-0.7627740248206538,2.095
2023-09-25 16:49:07.300,2.0951368006849,1.234,-0.8611368006848998,2.143
2023-09-25 16:49:07.325,1.9820325165933863,1.191,-0.7910325165933862,2.206
2023-09-25 16:49:07.350,2.0261785032339126,1.185,-0.8411785032339125,2.227
2023-09-25 16:49:07.375,1.907859268337811,1.23,-0.6778592683378111,2.25
2023-09-25 16:49:07.400,1.7189741210561438,1.501,-0.2179741210561439,2.271
2023-09-25 16:49:07.425,1.6729127246740227,1.706,0.03308727532597722,2.28
2023-09-25 16:49:07.450,1.4844763802881764,1.939,0.45452361971182365,2.225
2023-09-25 16:49:07.475,1.335716233975523,2.11,0.7742837660244768,2.204
2023-09-25 16:49:07.500,1.3110981853926766,2.206,0.8949018146073233,2.2
2023-09-25 16:49:07.525,1.1725827889766254,2.284,1.1114172110233744,2.131
2023-09-25 16:49:07.550,1.0224302526041709,2.497,1.474569747395829,2.039
2023-09-25 16:49:07.575,1.2038058279981154,2.701,1.4971941720018846,1.919
2023-09-25 16:49:07.600,1.1420587115115342,2.791,1.6489412884884658,1.794
2023-09-25 16:49:07.625,1.0583943879621562,2.821,1.762605612037844,1.679
2023-09-25 16:49:07.650,1.2379735612792295,2.719,1.4810264387207703,1.565
2023-09-25 16:49:07.675,0.8419237015940948,2.665,1.8230762984059052,1.447
2023-09-25 16:49:07.700,1.3508290457778043,2.609,1.2581709542221957,1.381
2023-09-25 16:49:07.725,1.7142315324805713,2.588,0.8737684675194288,1.342
2023-09-25 16:49:07.750,1.9361368104342866,2.641,0.7048631895657134,1.234
2023-09-25 16:49:07.775,2.4039017610564355,2.665,0.26109823894356454,1.191
2023-09-25 16:49:07.800,2.425638339378487,2.601,0.17536166062151315,1.185
2023-09-25 16:49:07.825,2.4025694407093283,2.56,0.15743055929067173,1.23
2023-09-25 16:49:07.850,2.405622498193595,2.648,0.24237750180640516,1.501
2023-09-25 16:49:07.875,2.7184058350211466,2.781,0.0625941649788535,1.706
2023-09-25 16:49:07.900,2.623324608057742,2.836,0.2126753919422577,1.939
2023-09-25 16:49:07.925,2.4038160127772477,2.996,0.5921839872227523,2.11
2023-09-25 16:49:07.950,2.3253053564614716,3.024,0.6986946435385284,2.206
2023-09-25 16:49:07.975,2.241614620100962,3.086,0.844385379899038,2.284
2023-09-25 16:49:08.000,2.4098106471324394,3.093,0.6831893528675606,2.497
2023-09-25 16:49:08.025,2.4004867850878657,3.224,0.8235132149121345,2.701
2023-09-25 16:49:08.050,2.382700007528392,3.307,0.924299992471608,2.791
2023-09-25 16:49:08.075,2.488068225212508,3.407,0.9189317747874921,2.821
2023-09-25 16:49:08.100,2.40211503279975,3.377,0.97488496720025,2.719
2023-09-25 16:49:08.125,2.371021529510542,3.293,0.9219784704894582,2.665
2023-09-25 16:49:08.150,2.3418097427766478,3.262,0.9201902572233522,2.609
2023-09-25 16:49:08.175,2.6627232696245544,3.111,0.4482767303754458,2.588
2023-09-25 16:49:08.200,2.4294138640751406,3.042,0.6125861359248592,2.641
2023-09-25 16:49:08.225,2.8071608383090174,2.999,0.1918391616909827,2.665
2023-09-25 16:49:08.250,2.9948106515978012,3.004,0.00918934840219876,2.601
2023-09-25 16:49:08.275,3.0035446701764013,2.867,-0.13654467017640126,2.56
2023-09-25 16:49:08.300,2.9622855813158613,2.842,-0.1202855813158612,2.648
2023-09-25 16:49:08.325,3.0637555086061945,2.804,-0.2597555086061947,2.781
2023-09-25 16:49:08.350,3.0862895046265284,2.956,-0.13028950462652844,2.836
2023-09-25 16:49:08.375,3.076253660098452,3.17,0.09374633990154813,2.996
2023-09-25 16:49:08.400,3.227178725520255,3.333,0.10582127447974532,3.024
2023-09-25 16:49:08.425,2.8314630197812045,3.514,0.6825369802187953,3.086
2023-09-25 16:49:08.450,2.8966866643248297,3.648,0.7513133356751704,3.093
2023-09-25 16:49:08.475,2.8194988224282267,3.708,0.8885011775717735,3.224
2023-09-25 16:49:08.500,2.7015187720047455,3.734,1.0324812279952544,3.307
2023-09-25 16:49:08.525,2.5568197476753856,3.896,1.3391802523246144,3.407
2023-09-25 16:49:08.550,2.691759178033375,3.933,1.2412408219666249,3.377
2023-09-25 16:49:08.575,2.4937691122912873,3.941,1.4472308877087126,3.293
2023-09-25 16:49:08.600,2.555996669623036,3.808,1.2520033303769638,3.262
2023-09-25 16:49:08.625,2.526316689981942,3.634,1.107683310018058,3.111
2023-09-25 16:49:08.650,2.5161106785095417,3.49,0.9738893214904585,3.042
2023-09-25 16:49:08.675,3.030334942024373,3.348,0.31766505797562683,2.999
2023-09-25 16:49:08.700,3.21498517937398,3.237,0.022014820626020004,3.004
2023-09-25 16:49:08.725,3.4904008974243492,3.183,-0.3074008974243494,2.867
2023-09-25 16:49:08.750,3.6981717039789874,3.144,-0.5541717039789873,2.842
2023-09-25 16:49:08.775,3.79840554389868,2.983,-0.81540554389868,2.804
2023-09-25 16:49:08.800,3.5250816989920284,2.928,-0.5970816989920285,2.956
2023-09-25 16:49:08.825,3.653233879566703,2.98,-0.6732338795667032,3.17
2023-09-25 16:49:08.850,3.6111386555524465,3.088,-0.5231386555524464,3.333
2023-09-25 16:49:08.875,3.3973999007848734,3.225,-0.17239990078487333,3.514
2023-09-25 16:49:08.900,3.3214759889117014,3.26,-0.061475988911701585,3.648
2023-09-25 16:49:08.925,3.0487186882255886,3.284,0.23528131177441125,3.708
2023-09-25 16:49:08.950,3.0034580068729846,3.32,0.31654199312701525,3.734
2023-09-25 16:49:08.975,2.9785232889762185,3.327,0.3484767110237814,3.896
2023-09-25 16:49:09.000,2.8959815228112253,3.326,0.43001847718877473,3.933
2023-09-25 16:49:09.025,2.7451814078413292,3.353,0.607818592158671,3.941
2023-09-25 16:49:09.050,2.8376046167309217,3.358,0.5203953832690784,3.808
2023-09-25 16:49:09.075,2.708532813078687,3.248,0.5394671869213132,3.634
2023-09-25 16:49:09.100,2.4970316803419554,3.154,0.6569683196580445,3.49
2023-09-25 16:49:09.125,2.634355033043573,3.032,0.39764496695642704,3.348
2023-09-25 16:49:09.150,2.6494782803711763,3.003,0.35352171962882384,3.237
2023-09-25 16:49:09.175,3.025232743664395,2.966,-0.05923274366439468,3.183
2023-09-25 16:49:09.200,3.2367134890381615,2.914,-0.3227134890381613,3.144
2023-09-25 16:49:09.225,3.1420768594859902,2.854,-0.28807685948599016,2.983
2023-09-25 16:49:09.250,3.236342265623671,2.841,-0.3953422656236709,2.928
2023-09-25 16:49:09.275,3.1902971514214813,2.866,-0.3242971514214812,2.98
2023-09-25 16:49:09.300,3.1810000048502243,2.898,-0.28300000485022414,3.088
2023-09-25 16:49:09.325,2.9786237123085573,2.911,-0.06762371230855724,3.225
2023-09-25 16:49:09.350,2.919031563731491,2.975,0.05596843626850889,3.26
2023-09-25 16:49:09.375,2.693521241434296,2.99,0.29647875856570405,3.284
2023-09-25 16:49:09.400,2.6228649026969064,3.03,0.4071350973030934,3.32
2023-09-25 16:49:09.425,2.6586798843562205,3.082,0.42332011564377936,3.327
2023-09-25 16:49:09.450,2.662316801550234,3.193,0.5306831984497662,3.326
2023-09-25 16:49:09.475,2.7443491786961913,3.323,0.5786508213038086,3.353
2023-09-25 16:49:09.500,2.75043500950958,3.359,0.6085649904904198,3.358
2023-09-25 16:49:09.525,2.660791092041958,3.356,0.6952089079580417,3.248
2023-09-25 16:49:09.550,2.5618362572167666,3.366,0.8041637427832335,3.154
2023-09-25 16:49:09.575,2.522729211865859,3.427,0.904270788134141,3.032
2023-09-25 16:49:09.600,2.6822993953640752,3.368,0.6857006046359246,3.003
2023-09-25 16:49:09.625,2.513690317910359,3.447,0.9333096820896412,2.966
2023-09-25 16:49:09.650,2.660486316240778,3.427,0.7665136837592219,2.914
2023-09-25 16:49:09.675,2.771358365831981,3.399,0.6276416341680191,2.854
2023-09-25 16:49:09.700,2.8245894627745334,3.425,0.6004105372254664,2.841
2023-09-25 16:49:09.725,3.0093935418244584,3.453,0.44360645817554145,2.866
2023-09-25 16:49:09.750,2.9650848074184246,3.38,0.4149151925815753,2.898
2023-09-25 16:49:09.775,3.237174019741974,3.311,0.07382598025802611,2.911
2023-09-25 16:49:09.800,3.2443689976080266,3.26,0.015631002391973237,2.975
2023-09-25 16:49:09.825,3.130461585214568,3.133,0.0025384147854321526,2.99
2023-09-25 16:49:09.850,2.9880485585658443,3.056,0.06795144143415577,3.03
2023-09-25 16:49:09.875,3.179290700371304,2.928,-0.2512907003713041,3.082
2023-09-25 16:49:09.900,2.9032488950531654,2.868,-0.03524889505316553,3.193
2023-09-25 16:49:09.925,3.0456823367288393,2.795,-0.25068233672883933,3.323
2023-09-25 16:49:09.950,3.2885523643415646,2.677,-0.6115523643415646,3.359
2023-09-25 16:49:09.975,2.9562242087295076,2.54,-0.4162242087295076,3.356
2023-09-25 16:49:10.000,3.001444934290774,2.553,-0.4484449342907739,3.366
2023-09-25 16:49:10.025,3.372120171628611,2.594,-0.7781201716286112,3.427
2023-09-25 16:49:10.050,3.3216639845402653,2.613,-0.7086639845402654,3.368
2023-09-25 16:49:10.075,2.9409839568444323,2.656,-0.2849839568444321,3.447
2023-09-25 16:49:10.100,2.962632187560302,2.708,-0.2546321875603019,3.427
2023-09-25 16:49:10.125,2.709386384722291,2.772,0.06261361527770859,3.399
2023-09-25 16:49:10.150,2.536367141593851,2.78,0.24363285840614868,3.425
2023-09-25 16:49:10.175,2.474133798328303,2.796,0.32186620167169666,3.453
2023-09-25 16:49:10.200,2.406156878821464,2.768,0.361843121178536,3.38
2023-09-25 16:49:10.225,2.321597290731888,2.847,0.525402709268112,3.311
2023-09-25 16:49:10.250,2.3843214841832676,2.826,0.44167851581673245,3.26
2023-09-25 16:49:10.275,2.373437230706607,2.762,0.38856276929339284,3.133
2023-09-25 16:49:10.300,2.3411453296916807,2.718,0.3768546703083193,3.056
2023-09-25 16:49:10.325,2.4050021025442674,2.645,0.23999789745573263,2.928
2023-09-25 16:49:10.350,2.415693481511215,2.585,0.16930651848878497,2.868
2023-09-25 16:49:10.375,2.454205622802882,2.486,0.031794377197118084,2.795
2023-09-25 16:49:10.400,2.3930007602100325,2.427,0.03399923978996755,2.677
2023-09-25 16:49:10.425,2.5465855409484712,2.386,-0.1605855409484711,2.54
2023-09-25 16:49:10.450,2.575454098987656,2.381,-0.1944540989876562,2.553
2023-09-25 16:49:10.475,2.7435771526380806,2.276,-0.46757715263808075,2.594
2023-09-25 16:49:10.500,2.503775993754394,2.248,-0.25577599375439375,2.613
2023-09-25 16:49:10.525,2.568372825329841,2.233,-0.3353728253298409,2.656
2023-09-25 16:49:10.550,2.7485887823508772,2.176,-0.5725887823508771,2.708
2023-09-25 16:49:10.575,2.43498511941986,2.197,-0.2379851194198599,2.772
2023-09-25 16:49:10.600,2.488988525860969,2.185,-0.3039885258609689,2.78
2023-09-25 16:49:10.625,2.246256163669002,2.198,-0.048256163669002206,2.796
2023-09-25 16:49:10.650,2.185695524381235,2.263,0.07730447561876508,2.768
2023-09-25 16:49:10.675,2.1923974396813812,2.355,0.16260256031861875,2.847
2023-09-25 16:49:10.700,2.0945014285738806,2.415,0.3204985714261195,2.826
2023-09-25 16:49:10.725,2.0697405648261658,2.495,0.42525943517383435,2.762
2023-09-25 16:49:10.750,2.1234971886974447,2.594,0.4705028113025551,2.718
2023-09-25 16:49:10.775,2.0759328173121987,2.702,0.6260671826878013,2.645
2023-09-25 16:49:10.800,2.0514908006650066,2.742,0.6905091993349934,2.585
2023-09-25 16:49:10.825,2.1591279284987404,2.781,0.6218720715012598,2.486
2023-09-25 16:49:10.850,1.9111296534518272,2.839,0.9278703465481728,2.427
2023-09-25 16:49:10.875,1.9176976271666397,2.922,1.0043023728333604,2.386
2023-09-25 16:49:10.900,2.008853290150261,2.969,0.9601467098497389,2.381
2023-09-25 16:49:10.925,1.8981559178839689,3.028,1.1298440821160312,2.276
2023-09-25 16:49:10.950,1.9491123243425075,3.039,1.0898876756574927,2.248
2023-09-25 16:49:10.975,2.1884296548782,3.054,0.8655703451218,2.233
2023-09-25 16:49:11.000,2.362881693247715,3.073,0.7101183067522849,2.176
2023-09-25 16:49:11.025,2.414886421795003,3.054,0.6391135782049968,2.197
2023-09-25 16:49:11.050,2.498706491126537,3.139,0.6402935088734627,2.185
2023-09-25 16:49:11.075,2.7734069527541947,3.158,0.38459304724580523,2.198
2023-09-25 16:49:11.100,2.6754891326058376,3.195,0.5195108673941622,2.263
2023-09-25 16:49:11.125,2.5952216879326873,3.179,0.5837783120673126,2.355
2023-09-25 16:49:11.150,2.580507551208868,3.142,0.5614924487911317,2.415
2023-09-25 16:49:11.175,2.547685460660746,3.044,0.49631453933925407,2.495
2023-09-25 16:49:11.200,2.559498669441835,3.005,0.445501330558165,2.594
2023-09-25 16:49:11.225,2.784798289629726,2.978,0.19320171037027434,2.702
2023-09-25 16:49:11.250,2.91576258805913,2.916,0.00023741194087012474,2.742
2023-09-25 16:49:11.275,2.7766351084691467,2.827,0.05036489153085322,2.781
2023-09-25 16:49:11.300,3.0220403705041288,2.78,-0.24204037050412897,2.839
2023-09-25 16:49:11.325,2.8934181267029158,2.818,-0.0754181267029157,2.922
2023-09-25 16:49:11.350,2.969817473564265,2.798,-0.17181747356426502,2.969
2023-09-25 16:49:11.375,2.8925069411941005,2.789,-0.10350694119410031,3.028
2023-09-25 16:49:11.400,2.7717401448143684,2.732,-0.03974014481436816,3.039
2023-09-25 16:49:11.425,2.8071175292391164,2.695,-0.11211752923911655,3.054
2023-09-25 16:49:11.450,2.790105679981152,2.641,-0.14910567998115187,3.073
2023-09-25 16:49:11.475,2.7861354500501445,2.58,-0.20613545005014444,3.054
2023-09-25 16:49:11.500,2.6739057468017617,2.528,-0.14590574680176172,3.139
2023-09-25 16:49:11.525,2.673831346232589,2.545,-0.12883134623258918,3.158
2023-09-25 16:49:11.550,2.7673490707759205,2.526,-0.24134907077592072,3.195
2023-09-25 16:49:11.575,2.579212356146421,2.476,-0.10321235614642088,3.179
2023-09-25 16:49:11.600,2.3371106145863836,2.412,0.07488938541361634,3.142
2023-09-25 16:49:11.625,2.4579233763127837,2.352,-0.10592337631278381,3.044
2023-09-25 16:49:11.650,2.3958461415985868,2.349,-0.04684614159858658,3.005
2023-09-25 16:49:11.675,2.5503936093510404,2.324,-0.22639360935104058,2.978
2023-09-25 16:49:11.700,2.5541519971265747,2.309,-0.24515199712657454,2.916
2023-09-25 16:49:11.725,2.44550835642245,2.285,-0.16050835642244987,2.827
2023-09-25 16:49:11.750,2.440550882343655,2.285,-0.15555088234365488,2.78
2023-09-25 16:49:11.775,2.413080852412159,2.291,-0.12208085241215905,2.818
2023-09-25 16:49:11.800,2.330739228915088,2.269,-0.061739228915087985,2.798
2023-09-25 16:49:11.825,2.196673806594072,2.243,0.04632619340592781,2.789
2023-09-25 16:49:11.850,2.100598533551975,2.227,0.12640146644802508,2.732
2023-09-25 16:49:11.875,2.116279181208955,2.232,0.11572081879104523,2.695
2023-09-25 16:49:11.900,2.148433028123263,2.245,0.09656697187673702,2.641
2023-09-25 16:49:11.925,2.0903598520109394,2.272,0.18164014798906036,2.58
2023-09-25 16:49:11.950,2.176451411583347,2.325,0.14854858841665308,2.528
2023-09-25 16:49:11.975,2.1556479085740463,2.38,0.22435209142595358,2.545
2023-09-25 16:49:12.000,2.177747376597436,2.445,0.26725262340256384,2.526
2023-09-25 16:49:12.025,2.1453437633079497,2.52,0.3746562366920503,2.476
2023-09-25 16:49:12.050,2.0102445073283595,2.602,0.5917554926716404,2.412
2023-09-25 16:49:12.075,2.0329042470825467,2.638,0.6050957529174532,2.352
2023-09-25 16:49:12.100,1.982837749539434,2.73,0.747162250460566,2.349
2023-09-25 16:49:12.125,2.0056438982161087,2.844,0.8383561017838912,2.324
2023-09-25 16:49:12.150,2.0008633072174793,2.899,0.8981366927825207,2.309
2023-09-25 16:49:12.175,1.9753933904345646,2.994,1.0186066095654356,2.285
2023-09-25 16:49:12.200,2.0993942892128197,3.006,0.9066057107871801,2.285
2023-09-25 16:49:12.225,2.1061448769462436,3.018,0.9118551230537562,2.291
2023-09-25 16:49:12.250,2.2239702379265784,3.05,0.8260297620734214,2.269
2023-09-25 16:49:12.275,2.268661383105409,2.998,0.7293386168945912,2.243
2023-09-25 16:49:12.300,2.2374877727624636,2.958,0.7205122272375366,2.227
2023-09-25 16:49:12.325,2.325152559995918,2.981,0.6558474400040817,2.232
2023-09-25 16:49:12.350,2.5179937896061824,2.976,0.4580062103938176,2.245
2023-09-25 16:49:12.375,2.507001702206474,2.895,0.3879982977935259,2.272
2023-09-25 16:49:12.400,2.436370031393979,2.845,0.4086299686060211,2.325
2023-09-25 16:49:12.425,2.729553655268883,2.772,0.04244634473111697,2.38
2023-09-25 16:49:12.450,2.6670013734913325,2.774,0.10699862650866754,2.445
2023-09-25 16:49:12.475,2.8599266617790766,2.777,-0.08292666177907648,2.52
2023-09-25 16:49:12.500,2.98671943094765,2.762,-0.2247194309476499,2.602
2023-09-25 16:49:12.525,2.685196556048755,2.816,0.13080344395124488,2.638
2023-09-25 16:49:12.550,2.8588815777709127,2.803,-0.05588157777091274,2.73
2023-09-25 16:49:12.575,2.7967393886536835,2.762,-0.034739388653683534,2.844
2023-09-25 16:49:12.600,2.603615143912441,2.72,0.11638485608755911,2.899
2023-09-25 16:49:12.625,2.564293349554557,2.713,0.14870665044544307,2.994
2023-09-25 16:49:12.650,2.599659594096407,2.755,0.15534040590359277,3.006
2023-09-25 16:49:12.675,2.5825012199058146,2.767,0.1844987800941853,3.018
2023-09-25 16:49:12.700,2.571440702140727,2.732,0.16055929785927336,3.05
2023-09-25 16:49:12.725,2.537246588758603,2.691,0.15375341124139696,2.998
2023-09-25 16:49:12.750,2.509853314810326,2.612,0.10214668518967418,2.958
2023-09-25 16:49:12.775,2.5634694303368404,2.511,-0.05246943033684026,2.981
2023-09-25 16:49:12.800,2.469131627785327,2.46,-0.009131627785326835,2.976
2023-09-25 16:49:12.825,2.5974123709808747,2.379,-0.21841237098087474,2.895
2023-09-25 16:49:12.850,2.5714939455435655,2.266,-0.30549394554356546,2.845
2023-09-25 16:49:12.875,2.46630045062947,2.184,-0.28230045062946996,2.772
2023-09-25 16:49:12.900,2.5194967988096755,2.077,-0.4424967988096755,2.774
2023-09-25 16:49:12.925,2.3865882819884865,1.95,-0.43658828198848654,2.777
2023-09-25 16:49:12.950,2.47034346440284,1.85,-0.6203434644028398,2.762
2023-09-25 16:49:12.975,2.5717226533743824,1.734,-0.8377226533743825,2.816
2023-09-25 16:49:13.000,2.473336768182791,1.667,-0.8063367681827909,2.803
2023-09-25 16:49:13.025,2.4746505189189247,1.613,-0.8616505189189247,2.762
2023-09-25 16:49:13.050,2.3831658789139056,1.555,-0.8281658789139057,2.72
2023-09-25 16:49:13.075,2.214738511789025,1.548,-0.666738511789025,2.713
2023-09-25 16:49:13.100,2.1817164950833465,1.543,-0.6387164950833466,2.755
2023-09-25 16:49:13.125,2.129947206848546,1.56,-0.5699472068485458,2.767
2023-09-25 16:49:13.150,1.8725021871254597,1.58,-0.2925021871254596,2.732
2023-09-25 16:49:13.175,1.7181509534737545,1.624,-0.09415095347375435,2.691
2023-09-25 16:49:13.200,1.78016180283632,1.689,-0.09116180283631992,2.612
2023-09-25 16:49:13.225,1.662410922708909,1.77,0.10758907729109102,2.511
2023-09-25 16:49:13.250,1.6567812977315137,1.832,0.17521870226848635,2.46
2023-09-25 16:49:13.275,1.5457543052527352,1.915,0.3692456947472649,2.379
2023-09-25 16:49:13.300,1.3880248099324688,2.014,0.625975190067531,2.266
2023-09-25 16:49:13.325,1.4256571814074235,2.076,0.6503428185925766,2.184
2023-09-25 16:49:13.350,1.3166730971898966,2.161,0.8443269028101035,2.077
2023-09-25 16:49:13.375,1.3952447823814103,2.197,0.8017552176185898,1.95
2023-09-25 16:49:13.400,1.3104509666293729,2.229,0.9185490333706272,1.85
2023-09-25 16:49:13.425,1.307048060125617,2.232,0.9249519398743833,1.734
2023-09-25 16:49:13.450,1.513654446545059,2.244,0.7303455534549412,1.667
2023-09-25 16:49:13.475,1.5464847175893757,2.27,0.7235152824106243,1.613
2023-09-25 16:49:13.500,1.6761596254362148,2.256,0.579840374563785,1.555
2023-09-25 16:49:13.525,1.7708616906728625,2.209,0.4381383093271376,1.548
2023-09-25 16:49:13.550,1.761241107686706,2.119,0.35775889231329416,1.543
2023-09-25 16:49:13.575,1.8019626677712541,2.05,0.2480373322287457,1.56
2023-09-25 16:49:13.600,1.938047810062974,1.952,0.01395218993702585,1.58
2023-09-25 16:49:13.625,1.9499278342513235,1.863,-0.08692783425132355,1.624
2023-09-25 16:49:13.650,2.000915095907523,1.752,-0.2489150959075228,1.689
2023-09-25 16:49:13.675,2.0186779185155204,1.689,-0.3296779185155203,1.77
2023-09-25 16:49:13.700,2.1171819218000016,1.523,-0.5941819218000017,1.832
2023-09-25 16:49:13.725,2.1253350079058824,1.34,-0.7853350079058823,1.915
2023-09-25 16:49:13.750,2.0419556031963064,1.192,-0.8499556031963065,2.014
2023-09-25 16:49:13.775,2.127769164874485,1.13,-0.9977691648744851,2.076
2023-09-25 16:49:13.800,2.0325499581537545,1.119,-0.9135499581537545,2.161
2023-09-25 16:49:13.825,2.015368615734298,1.098,-0.9173686157342977,2.197
2023-09-25 16:49:13.850,1.8681323586761254,1.134,-0.7341323586761255,2.229
2023-09-25 16:49:13.875,1.7579516559055082,1.154,-0.6039516559055083,2.232
2023-09-25 16:49:13.900,1.6568341616246658,1.211,-0.4458341616246657,2.244
2023-09-25 16:49:13.925,1.5825167863084382,1.217,-0.3655167863084381,2.27
2023-09-25 16:49:13.950,1.4058441660242693,1.32,-0.08584416602426925,2.256
2023-09-25 16:49:13.975,1.4449646726984873,1.372,-0.07296467269848717,2.209
2023-09-25 16:49:14.000,1.3666857057761828,1.376,0.009314294223817132,2.119
2023-09-25 16:49:14.025,1.1445132195969157,1.346,0.20148678040308443,2.05
2023-09-25 16:49:14.050,0.9440410299830658,1.31,0.3659589700169342,1.952
2023-09-25 16:49:14.075,0.7800233292694573,1.271,0.49097667073054263,1.863
2023-09-25 16:49:14.100,0.9100265173239683,1.165,0.2549734826760317,1.752
2023-09-25 16:49:14.125,0.835420623948429,1.061,0.22557937605157097,1.689
2023-09-25 16:49:14.150,0.9942641377507494,0.97,-0.024264137750749426,1.523
2023-09-25 16:49:14.175,1.0213752300202517,0.939,-0.08237523002025171,1.34
2023-09-25 16:49:14.200,1.2274557111646962,0.883,-0.3444557111646962,1.192
2023-09-25 16:49:14.225,1.3040678997367183,0.873,-0.43106789973671833,1.13
2023-09-25 16:49:14.250,1.4117360509065429,0.946,-0.4657360509065429,1.119
2023-09-25 16:49:14.275,1.547920044699651,0.983,-0.5649200446996511,1.098
2023-09-25 16:49:14.300,1.2786827375108025,0.991,-0.28768273751080253,1.134
2023-09-25 16:49:14.325,1.1562784020326613,1.013,-0.1432784020326614,1.154
2023-09-25 16:49:14.350,1.0248472099300767,1.041,0.016152790069923206,1.211
2023-09-25 16:49:14.375,1.0038664423351353,1.094,0.09013355766486475,1.217
2023-09-25 16:49:14.400,0.9594794694180939,1.19,0.23052053058190602,1.32
2023-09-25 16:49:14.425,0.8089692530235417,1.226,0.41703074697645826,1.372
2023-09-25 16:49:14.450,0.7119354144398635,1.268,0.5560645855601365,1.376
2023-09-25 16:49:14.475,0.7736645284902849,1.254,0.4803354715097151,1.346
2023-09-25 16:49:14.500,0.8978243504124753,1.228,0.33017564958752466,1.31
2023-09-25 16:49:14.525,0.8107090726868094,1.187,0.3762909273131907,1.271
2023-09-25 16:49:14.550,0.8589363660039457,1.168,0.3090636339960542,1.165
2023-09-25 16:49:14.575,0.9460287535933983,1.155,0.2089712464066017,1.061
2023-09-25 16:49:14.600,0.8903602484111326,1.16,0.2696397515888673,0.97
2023-09-25 16:49:14.625,1.0362461881626,1.144,0.10775381183739996,0.939
2023-09-25 16:49:14.650,1.069463905670311,1.011,-0.05846390567031112,0.883
2023-09-25 16:49:14.675,0.8860498793747142,0.944,0.057950120625285706,0.873
2023-09-25 16:49:14.700,1.0973681186791755,0.868,-0.2293681186791755,0.946
2023-09-25 16:49:14.725,1.1634496010882616,0.865,-0.2984496010882616,0.983
2023-09-25 16:49:14.750,1.2899121347139981,0.793,-0.4969121347139981,0.991
2023-09-25 16:49:14.775,1.2396510130930845,0.725,-0.5146510130930845,1.013
2023-09-25 16:49:14.800,1.1378845397187072,0.701,-0.4368845397187072,1.041
2023-09-25 16:49:14.825,1.1288520445198968,0.627,-0.5018520445198968,1.094
2023-09-25 16:49:14.850,0.9858013438949502,0.588,-0.39780134389495025,1.19
2023-09-25 16:49:14.875,1.0097369452088885,0.54,-0.4697369452088884,1.226
2023-09-25 16:49:14.900,0.8724023946076351,0.602,-0.27040239460763515,1.268
2023-09-25 16:49:14.925,0.9977969935682945,0.634,-0.36379699356829454,1.254
2023-09-25 16:49:14.950,0.8422030472299891,0.689,-0.15320304722998912,1.228
2023-09-25 16:49:14.975,0.8150675446897698,0.729,-0.08606754468976985,1.187
2023-09-25 16:49:15.000,0.7781239456437063,0.802,0.023876054356293697,1.168
2023-09-25 16:49:15.025,0.7673261478530069,0.913,0.14567385214699313,1.155
2023-09-25 16:49:15.050,0.8261588210657337,0.96,0.13384117893426628,1.16
2023-09-25 16:49:15.075,0.4929825352302871,1.053,0.5600174647697128,1.144
2023-09-25 16:49:15.100,0.5652252253052961,1.124,0.558774774694704,1.011
2023-09-25 16:49:15.125,0.4349787531303977,1.212,0.7770212468696023,0.944
2023-09-25 16:49:15.150,0.45959985308049656,1.241,0.7814001469195035,0.868
2023-09-25 16:49:15.175,0.44195711023277673,1.263,0.8210428897672232,0.865
2023-09-25 16:49:15.200,0.4520301412217141,1.257,0.8049698587782859,0.793
2023-09-25 16:49:15.225,0.6108319508488547,1.279,0.6681680491511452,0.725
2023-09-25 16:49:15.250,0.6737228942456617,1.256,0.5822771057543383,0.701
2023-09-25 16:49:15.275,0.8822327305845868,1.185,0.3027672694154132,0.627
2023-09-25 16:49:15.300,0.8332919226031302,1.151,0.3177080773968698,0.588
2023-09-25 16:49:15.325,0.9657423801791755,1.155,0.18925761982082456,0.54
2023-09-25 16:49:15.350,0.9972521360512139,1.202,0.20474786394878608,0.602
2023-09-25 16:49:15.375,1.0091783440123754,1.27,0.26082165598762463,0.634
2023-09-25 16:49:15.400,1.0699537437884272,1.383,0.3130462562115728,0.689
2023-09-25 16:49:15.425,1.097531995298263,1.493,0.39546800470173715,0.729
2023-09-25 16:49:15.450,1.153766293983573,1.649,0.4952337060164269,0.802
2023-09-25 16:49:15.475,1.237855070714083,1.824,0.5861449292859171,0.913
2023-09-25 16:49:15.500,1.1632075426735202,2.003,0.8397924573264799,0.96
2023-09-25 16:49:15.525,1.2140902036763368,2.195,0.980909796323663,1.053
2023-09-25 16:49:15.550,1.2675791503312004,2.316,1.0484208496687994,1.124
2023-09-25 16:49:15.575,1.1000218972482783,2.456,1.3559781027517217,1.212
2023-09-25 16:49:15.600,0.9796722719490055,2.561,1.5813277280509945,1.241
2023-09-25 16:49:15.625,0.8774812339846392,2.553,1.6755187660153608,1.263
2023-09-25 16:49:15.650,0.9635661530942801,2.557,1.5934338469057199,1.257
2023-09-25 16:49:15.675,1.0543231867052052,2.503,1.448676813294795,1.279
2023-09-25 16:49:15.700,1.3230151946796327,2.457,1.1339848053203672,1.256
2023-09-25 16:49:15.725,1.5254301287430359,2.277,0.7515698712569643,1.185
2023-09-25 16:49:15.750,1.638424329884819,2.078,0.43957567011518095,1.151
2023-09-25 16:49:15.775,2.0201263665910347,1.867,-0.15312636659103473,1.155
2023-09-25 16:49:15.800,2.179022922391918,1.7,-0.47902292239191824,1.202
2023-09-25 16:49:15.825,2.415418478850986,1.47,-0.9454184788509858,1.27
2023-09-25 16:49:15.850,2.3183523482860156,1.217,-1.1013523482860155,1.383
2023-09-25 16:49:15.875,2.1484997329176556,1.024,-1.1244997329176556,1.493
2023-09-25 16:49:15.900,2.4786118671634423,0.783,-1.6956118671634424,1.649
2023-09-25 16:49:15.925,2.2520184246638637,0.64,-1.6120184246638636,1.824
2023-09-25 16:49:15.950,2.3484984878958723,0.52,-1.8284984878958723,2.003
2023-09-25 16:49:15.975,2.168909508062941,0.503,-1.6659095080629407,2.195
2023-09-25 16:49:16.000,2.1296231043722673,0.551,-1.5786231043722672,2.316
2023-09-25 16:49:16.025,2.1826308304935957,0.556,-1.6266308304935957,2.456
2023-09-25 16:49:16.050,1.8402859584916764,0.624,-1.2162859584916763,2.561
2023-09-25 16:49:16.075,1.5946510454374487,0.7,-0.8946510454374488,2.553
2023-09-25 16:49:16.100,1.2116870926383836,0.8,-0.41168709263838354,2.557
2023-09-25 16:49:16.125,0.99903578569303,0.914,-0.08503578569302994,2.503
2023-09-25 16:49:16.150,0.7472438850808438,1.074,0.32675611491915624,2.457
2023-09-25 16:49:16.175,0.6431023903003003,1.164,0.5208976096996997,2.277
2023-09-25 16:49:16.200,0.40498881357070216,1.131,0.7260111864292979,2.078
2023-09-25 16:49:16.225,0.25136122876123224,1.162,0.9106387712387677,1.867
2023-09-25 16:49:16.250,0.36400944796908097,1.23,0.865990552030919,1.7
2023-09-25 16:49:16.275,0.3871781601193267,1.398,1.0108218398806732,1.47
2023-09-25 16:49:16.300,0.6853916026024027,1.529,0.8436083973975972,1.217
2023-09-25 16:49:16.325,0.6219317144896388,1.573,0.9510682855103612,1.024
2023-09-25 16:49:16.350,0.6060125435417855,1.573,0.9669874564582145,0.783
2023-09-25 16:49:16.375,0.7758583638192684,1.579,0.8031416361807315,0.64
2023-09-25 16:49:16.400,0.8254741642430797,1.517,0.6915258357569202,0.52
2023-09-25 16:49:16.425,0.9115515594481833,1.507,0.5954484405518166,0.503
2023-09-25 16:49:16.450,0.9723678044432613,1.569,0.5966321955567386,0.551
2023-09-25 16:49:16.475,1.2908618449305314,1.55,0.2591381550694687,0.556
2023-09-25 16:49:16.500,1.1373791497291459,1.508,0.3706208502708541,0.624
2023-09-25 16:49:16.525,1.1176531187262289,1.491,0.37334688127377125,0.7
2023-09-25 16:49:16.550,1.195261242953633,1.445,0.24973875704636717,0.8
2023-09-25 16:49:16.575,1.179831192352741,1.51,0.3301688076472591,0.914
2023-09-25 16:49:16.600,1.5198721229681913,1.596,0.07612787703180879,1.074
2023-09-25 16:49:16.625,1.6046872497211513,1.667,0.06231275027884875,1.164
2023-09-25 16:49:16.650,1.4431214367546747,1.743,0.29987856324532536,1.131
2023-09-25 16:49:16.675,1.5471006220586832,1.788,0.24089937794131688,1.162
2023-09-25 16:49:16.700,1.465853920259813,1.858,0.392146079740187,1.23
2023-09-25 16:49:16.725,1.374067443606503,1.952,0.5779325563934969,1.398
2023-09-25 16:49:16.750,1.4652246917299705,2.054,0.5887753082700293,1.529
2023-09-25 16:49:16.775,1.3448133883358488,2.07,0.725186611664151,1.573
2023-09-25 16:49:16.800,1.1181119298807083,1.989,0.8708880701192918,1.573
2023-09-25 16:49:16.825,1.2694057915533488,1.862,0.5925942084466513,1.579
2023-09-25 16:49:16.850,1.2902175000066398,1.751,0.4607824999933601,1.517
2023-09-25 16:49:16.875,1.36041070926865,1.742,0.38158929073135006,1.507
2023-09-25 16:49:16.900,1.5755044925819548,1.678,0.10249550741804514,1.569
2023-09-25 16:49:16.925,1.6501741499657245,1.694,0.043825850034275415,1.55
2023-09-25 16:49:16.950,1.792497311420803,1.675,-0.11749731142080289,1.508
2023-09-25 16:49:16.975,1.7677234354243794,1.865,0.09727656457562062,1.491
2023-09-25 16:49:17.000,1.8317226504668769,2.016,0.18427734953312314,1.445
2023-09-25 16:49:17.025,1.7937535619634808,2.05,0.25624643803651903,1.51
2023-09-25 16:49:17.050,1.794248656652899,2.287,0.4927513433471009,1.596
2023-09-25 16:49:17.075,2.007919199859107,2.409,0.401080800140893,1.667
2023-09-25 16:49:17.100,1.871097879481657,2.525,0.6539021205183428,1.743
2023-09-25 16:49:17.125,1.71974904518452,2.5,0.7802509548154799,1.788
2023-09-25 16:49:17.150,1.3658618725909557,2.58,1.2141381274090444,1.858
2023-09-25 16:49:17.175,1.5174711776454766,2.602,1.0845288223545233,1.952
2023-09-25 16:49:17.200,1.4398741526623586,2.595,1.1551258473376416,2.054
2023-09-25 16:49:17.225,1.5415011436167732,2.356,0.8144988563832267,2.07
2023-09-25 16:49:17.250,1.2888672271463522,2.157,0.8681327728536479,1.989
2023-09-25 16:49:17.275,1.3023472603977486,2.084,0.7816527396022515,1.862
2023-09-25 16:49:17.300,2.307404353474295,1.866,-0.4414043534742951,1.751
2023-09-25 16:49:17.325,2.022295145965109,1.748,-0.27429514596510907,1.742
2023-09-25 16:49:17.350,2.520687638134911,1.628,-0.8926876381349109,1.678
2023-09-25 16:49:17.375,2.587623551655426,1.618,-0.9696235516554259,1.694
2023-09-25 16:49:17.400,2.5122441646790517,1.562,-0.9502441646790516,1.675
2023-09-25 16:49:17.425,2.5542529742416002,1.577,-0.9772529742416003,1.865
2023-09-25 16:49:17.450,2.287050145375055,1.587,-0.7000501453750549,2.016
2023-09-25 16:49:17.475,2.2446636391558985,1.603,-0.6416636391558985,2.05
2023-09-25 16:49:17.500,2.1111070088875423,1.599,-0.5121070088875423,2.287
2023-09-25 16:49:17.525,1.955531399164766,1.614,-0.34153139916476594,2.409
2023-09-25 16:49:17.550,1.67407426536131,1.69,0.015925734638689848,2.525
2023-09-25 16:49:17.575,1.7902308539050988,1.785,-0.00523085390509892,2.5
2023-09-25 16:49:17.600,1.6514698796310259,1.916,0.26453012036897405,2.58
2023-09-25 16:49:17.625,1.5541939741599733,2.098,0.5438060258400266,2.602
2023-09-25 16:49:17.650,1.3623409157587625,2.203,0.8406590842412374,2.595
2023-09-25 16:49:17.675,1.341091705572566,2.307,0.965908294427434,2.356
2023-09-25 16:49:17.700,1.2166506537427515,2.467,1.2503493462572486,2.157
2023-09-25 16:49:17.725,1.295603545310947,2.539,1.2433964546890532,2.084
2023-09-25 16:49:17.750,1.5336553439855545,2.518,0.9843446560144453,1.866
2023-09-25 16:49:17.775,1.4865947337500174,2.478,0.9914052662499828,1.748
2023-09-25 16:49:17.800,1.5356715895129252,2.458,0.922328410487075,1.628
2023-09-25 16:49:17.825,1.5918659002118924,2.424,0.8321340997881075,1.618
2023-09-25 16:49:17.850,1.7060684679070748,2.364,0.6579315320929251,1.562
2023-09-25 16:49:17.875,1.774860645507228,2.205,0.4301393544927721,1.577
2023-09-25 16:49:17.900,1.6296899814774604,2.14,0.5103100185225398,1.587
2023-09-25 16:49:17.925,1.9967913178129646,2.067,0.07020868218703558,1.603
2023-09-25 16:49:17.950,2.1206410999170835,1.961,-0.15964109991708342,1.599
2023-09-25 16:49:17.975,2.033880467640658,1.919,-0.11488046764065807,1.614
2023-09-25 16:49:18.000,2.5107212465432913,1.937,-0.5737212465432913,1.69
2023-09-25 16:49:18.025,2.6750446971010007,2.009,-0.6660446971010008,1.785
2023-09-25 16:49:18.050,2.5782341333314402,2.029,-0.5492341333314403,1.916
2023-09-25 16:49:18.075,2.3677638996556514,1.957,-0.4107638996556513,2.098
2023-09-25 16:49:18.100,2.208202677441817,1.959,-0.2492026774418168,2.203
2023-09-25 16:49:18.125,2.0022741036631935,1.983,-0.019274103663193376,2.307
2023-09-25 16:49:18.150,1.9557807999641852,1.953,-0.002780799964185121,2.467
2023-09-25 16:49:18.175,1.7815504424741373,1.787,0.005449557525862625,2.539
2023-09-25 16:49:18.200,1.5698839453310314,1.686,0.11611605466896857,2.518
2023-09-25 16:49:18.225,1.6604151512920275,1.613,-0.04741515129202756,2.478
2023-09-25 16:49:18.250,1.7844367438727544,1.642,-0.1424367438727545,2.458
2023-09-25 16:49:18.275,1.9522666406265716,1.644,-0.3082666406265717,2.424
2023-09-25 16:49:18.300,1.864241285163092,1.708,-0.1562412851630921,2.364
2023-09-25 16:49:18.325,1.8166524466516178,1.869,0.05234755334838215,2.205
2023-09-25 16:49:18.350,2.082254381757903,2.044,-0.038254381757902856,2.14
2023-09-25 16:49:18.375,1.8147320901205373,2.185,0.3702679098794628,2.067
2023-09-25 16:49:18.400,1.6758309692831257,2.227,0.5511690307168742,1.961
2023-09-25 16:49:18.425,1.6252244498264536,2.332,0.7067755501735462,1.919
2023-09-25 16:49:18.450,1.7367181460785936,2.424,0.6872818539214063,1.937
2023-09-25 16:49:18.475,1.5929893848127445,2.51,0.9170106151872552,2.009
2023-09-25 16:49:18.500,1.4705810985263983,2.603,1.132418901473602,2.029
2023-09-25 16:49:18.525,1.3500514272795008,2.621,1.2709485727204992,1.957
2023-09-25 16:49:18.550,1.331280402321925,2.524,1.1927195976780751,1.959
2023-09-25 16:49:18.575,1.5333363741468125,2.395,0.8616636258531876,1.983
2023-09-25 16:49:18.600,1.5994645172377988,2.249,0.6495354827622013,1.953
2023-09-25 16:49:18.625,1.6810929690838858,2.177,0.4959070309161142,1.787
2023-09-25 16:49:18.650,1.818086616513268,2.235,0.4169133834867318,1.686
2023-09-25 16:49:18.675,2.3292757734980305,2.27,-0.05927577349803048,1.613
2023-09-25 16:49:18.700,2.464580694254325,2.294,-0.17058069425432487,1.642
2023-09-25 16:49:18.725,2.418550308916014,2.353,-0.06555030891601366,1.644
2023-09-25 16:49:18.750,2.4415929361746165,2.408,-0.03359293617461656,1.708
2023-09-25 16:49:18.775,2.191545172237403,2.545,0.35345482776259685,1.869
2023-09-25 16:49:18.800,2.2991725214530367,2.698,0.3988274785469632,2.044
2023-09-25 16:49:18.825,2.480638905850543,2.79,0.3093610941494571,2.185
2023-09-25 16:49:18.850,2.2255551185374576,2.786,0.5604448814625425,2.227
2023-09-25 16:49:18.875,2.0321675596465885,2.676,0.6438324403534117,2.332
2023-09-25 16:49:18.900,1.865075009396705,2.567,0.7019249906032952,2.424
2023-09-25 16:49:18.925,1.7974997597002713,2.503,0.7055002402997288,2.51
2023-09-25 16:49:18.950,2.047398674553178,2.417,0.3696013254468218,2.603
2023-09-25 16:49:18.975,2.152803017430612,2.263,0.11019698256938781,2.621
2023-09-25 16:49:19.000,2.051059192269607,2.034,-0.01705919226960706,2.524
2023-09-25 16:49:19.025,2.0972308875399777,1.785,-0.31223088753997774,2.395
2023-09-25 16:49:19.050,2.2124004970274487,1.589,-0.6234004970274487,2.249
2023-09-25 16:49:19.075,2.5220420356940245,1.508,-1.0140420356940245,2.177
2023-09-25 16:49:19.100,2.751715949278494,1.438,-1.313715949278494,2.235
2023-09-25 16:49:19.125,2.7681787416752153,1.41,-1.3581787416752154,2.27
2023-09-25 16:49:19.150,2.730542684716101,1.428,-1.302542684716101,2.294
2023-09-25 16:49:19.175,2.4574172414370063,1.458,-0.9994172414370064,2.353
2023-09-25 16:49:19.200,2.2504500947764248,1.476,-0.7744500947764248,2.408
2023-09-25 16:49:19.225,2.1382286604722096,1.482,-0.6562286604722096,2.545
2023-09-25 16:49:19.250,1.930519878431512,1.493,-0.43751987843151197,2.698
2023-09-25 16:49:19.275,1.7695205506882197,1.518,-0.25152055068821966,2.79
2023-09-25 16:49:19.300,1.5523457987832896,1.547,-0.005345798783289668,2.786
2023-09-25 16:49:19.325,1.422191278443434,1.586,0.163808721556566,2.676
2023-09-25 16:49:19.350,1.2031159523396815,1.639,0.4358840476603185,2.567
2023-09-25 16:49:19.375,1.2845737051220107,1.67,0.3854262948779892,2.503
2023-09-25 16:49:19.400,1.365793865110693,1.654,0.288206134889307,2.417
2023-09-25 16:49:19.425,1.1451697968236687,1.621,0.4758302031763313,2.263
2023-09-25 16:49:19.450,1.1833781811074862,1.565,0.3816218188925138,2.034
2023-09-25 16:49:19.475,1.2969249300417012,1.559,0.26207506995829877,1.785
2023-09-25 16:49:19.500,1.4266094901431543,1.571,0.14439050985684565,1.589
2023-09-25 16:49:19.525,1.526178054145209,1.627,0.10082194585479098,1.508
2023-09-25 16:49:19.550,1.4677572678769981,1.687,0.21924273212300194,1.438
2023-09-25 16:49:19.575,1.4494235570446052,1.709,0.25957644295539484,1.41
2023-09-25 16:49:19.600,1.3580095324698438,1.732,0.3739904675301562,1.428
2023-09-25 16:49:19.625,1.43203852995953,1.792,0.3599614700404701,1.458
2023-09-25 16:49:19.650,1.54667015461194,1.813,0.26632984538806004,1.476
2023-09-25 16:49:19.675,1.4671278039425815,1.844,0.3768721960574186,1.482
2023-09-25 16:49:19.700,1.4410843628164054,1.917,0.47591563718359464,1.493
2023-09-25 16:49:19.725,1.533985745559411,1.979,0.44501425444058906,1.518
2023-09-25 16:49:19.750,1.495668852885377,2.011,0.5153311471146231,1.547
2023-09-25 16:49:19.775,1.5048523810283416,1.983,0.4781476189716585,1.586
2023-09-25 16:49:19.800,1.4143582824282257,1.957,0.5426417175717744,1.639
2023-09-25 16:49:19.825,1.3641032402875382,2.02,0.6558967597124619,1.67
2023-09-25 16:49:19.850,1.4813448687631374,2.125,0.6436551312368626,1.654
2023-09-25 16:49:19.875,1.5747534758025619,2.284,0.7092465241974379,1.621
2023-09-25 16:49:19.900,1.598868812529084,2.452,0.853131187470916,1.565
2023-09-25 16:49:19.925,1.7239125067481254,2.588,0.8640874932518747,1.559
2023-09-25 16:49:19.950,1.801313515912816,2.687,0.8856864840871839,1.571
2023-09-25 16:49:19.975,1.775436953317376,2.771,0.995563046682624,1.627
2023-09-25 16:49:20.000,1.8533939269618687,2.936,1.0826060730381313,1.687
2023-09-25 16:49:20.025,1.8695552492489118,3.129,1.2594447507510882,1.709
2023-09-25 16:49:20.050,1.867560396657252,3.205,1.337439603342748,1.732
2023-09-25 16:49:20.075,1.8443584587622597,3.199,1.3546415412377402,1.792
2023-09-25 16:49:20.100,1.6818799416314762,3.246,1.5641200583685237,1.813
2023-09-25 16:49:20.125,1.7606932653315108,3.19,1.4293067346684891,1.844
2023-09-25 16:49:20.150,1.8577162170695984,3.268,1.4102837829304014,1.917
2023-09-25 16:49:20.175,2.0966013171456717,3.356,1.2593986828543282,1.979
2023-09-25 16:49:20.200,2.441306694045092,3.389,0.9476933059549077,2.011
2023-09-25 16:49:20.225,2.5959439780409737,3.47,0.8740560219590265,1.983
2023-09-25 16:49:20.250,2.8412840974295506,3.466,0.6247159025704496,1.957
2023-09-25 16:49:20.275,2.799441764169428,3.298,0.498558235830572,2.02
2023-09-25 16:49:20.300,2.7803500894559847,3.231,0.45064991054401515,2.125
2023-09-25 16:49:20.325,3.0859565053131384,3.179,0.09304349468686146,2.284
2023-09-25 16:49:20.350,3.10693835103888,2.959,-0.1479383510388801,2.452
2023-09-25 16:49:20.375,2.7383796962012816,2.805,0.06662030379871853,2.588
2023-09-25 16:49:20.400,2.9578620850190234,2.568,-0.3898620850190233,2.687
2023-09-25 16:49:20.425,2.746555622465467,2.36,-0.38655562246546715,2.771
2023-09-25 16:49:20.450,2.797013229706028,2.242,-0.5550132297060282,2.936
2023-09-25 16:49:20.475,3.33665982613664,2.147,-1.1896598261366402,3.129
2023-09-25 16:49:20.500,3.14370716013657,2.172,-0.9717071601365697,3.205
2023-09-25 16:49:20.525,3.1340905927702227,2.217,-0.9170905927702226,3.199
2023-09-25 16:49:20.550,3.4749368095500026,2.266,-1.2089368095500026,3.246
2023-09-25 16:49:20.575,3.2041859805506014,2.329,-0.8751859805506013,3.19
2023-09-25 16:49:20.600,2.82816936197102,2.467,-0.3611693619710201,3.268
2023-09-25 16:49:20.625,2.912800066923319,2.552,-0.3608000669233191,3.356
2023-09-25 16:49:20.650,2.411700495271289,2.652,0.2402995047287111,3.389
2023-09-25 16:49:20.675,2.1127001193216857,2.796,0.6832998806783142,3.47
2023-09-25 16:49:20.700,2.0243368764334253,2.833,0.8086631235665749,3.466
2023-09-25 16:49:20.725,1.7793023001235349,2.817,1.0376976998764653,3.298
2023-09-25 16:49:20.750,1.8072422098342686,2.709,0.9017577901657314,3.231
2023-09-25 16:49:20.775,1.6765422859124715,2.692,1.0154577140875287,3.179
2023-09-25 16:49:20.800,2.057061689199653,2.704,0.6469383108003472,2.959
2023-09-25 16:49:20.825,2.2193420982091348,2.782,0.5626579017908653,2.805
2023-09-25 16:49:20.850,2.2012590797709266,2.793,0.5917409202290735,2.568
2023-09-25 16:49:20.875,2.347766872920411,2.81,0.46223312707958897,2.36
2023-09-25 16:49:20.900,2.4041192872521187,2.807,0.4028807127478813,2.242
2023-09-25 16:49:20.925,2.523767223397874,2.728,0.20423277660212635,2.147
2023-09-25 16:49:20.950,2.352651051982793,2.695,0.34234894801720683,2.172
2023-09-25 16:49:20.975,2.590600879718642,2.676,0.08539912028135799,2.217
2023-09-25 16:49:21.000,2.6247281303558996,2.625,0.0002718696441004198,2.266
2023-09-25 16:49:21.025,2.594832428589646,2.601,0.006167571410354178,2.329
2023-09-25 16:49:21.050,2.5973654112882683,2.523,-0.07436541128826812,2.467
2023-09-25 16:49:21.075,2.468205502364471,2.377,-0.09120550236447134,2.552
2023-09-25 16:49:21.100,2.3142573932224595,2.27,-0.044257393222459473,2.652
2023-09-25 16:49:21.125,2.4798308534987674,2.17,-0.3098308534987675,2.796
2023-09-25 16:49:21.150,2.580937533595155,2.082,-0.49893753359515536,2.833
2023-09-25 16:49:21.175,2.477239077650352,2.019,-0.45823907765035177,2.817
2023-09-25 16:49:21.200,2.5715824471664726,1.947,-0.6245824471664725,2.709
2023-09-25 16:49:21.225,2.523552950735492,1.828,-0.6955529507354921,2.692
2023-09-25 16:49:21.250,2.498007971477763,1.719,-0.7790079714777629,2.704
2023-09-25 16:49:21.275,2.6146688675636494,1.629,-0.9856688675636494,2.782
2023-09-25 16:49:21.300,2.3644228452594103,1.515,-0.8494228452594104,2.793
2023-09-25 16:49:21.325,2.2045540957526546,1.44,-0.7645540957526546,2.81
2023-09-25 16:49:21.350,2.1795986588893728,1.381,-0.7985986588893728,2.807
2023-09-25 16:49:21.375,1.9785673318242354,1.328,-0.6505673318242353,2.728
2023-09-25 16:49:21.400,1.9336846904812843,1.279,-0.6546846904812844,2.695
2023-09-25 16:49:21.425,1.83272545845651,1.227,-0.6057254584565099,2.676
2023-09-25 16:49:21.450,1.7440268714634222,1.219,-0.5250268714634221,2.625
2023-09-25 16:49:21.475,1.7076808104116536,1.21,-0.4976808104116537,2.601
2023-09-25 16:49:21.500,1.783712222707301,1.108,-0.6757122227073009,2.523
2023-09-25 16:49:21.525,1.7716928143555475,1.086,-0.6856928143555474,2.377
2023-09-25 16:49:21.550,1.4421698849400442,1.043,-0.39916988494004424,2.27
2023-09-25 16:49:21.575,1.4169356207690014,0.944,-0.4729356207690014,2.17
2023-09-25 16:49:21.600,1.2780347824783376,0.896,-0.38203478247833755,2.082
2023-09-25 16:49:21.625,1.0969286965828764,0.839,-0.2579286965828764,2.019
2023-09-25 16:49:21.650,1.126474655924161,0.796,-0.3304746559241609,1.947
2023-09-25 16:49:21.675,1.0106532962785162,0.704,-0.30665329627851623,1.828
2023-09-25 16:49:21.700,1.0660970019638845,0.582,-0.4840970019638845,1.719
2023-09-25 16:49:21.725,1.0280122501379851,0.54,-0.4880122501379851,1.629
2023-09-25 16:49:21.750,1.096911725321672,0.585,-0.5119117253216721,1.515
2023-09-25 16:49:21.775,1.4633606282148994,0.525,-0.9383606282148994,1.44
2023-09-25 16:49:21.800,1.006784806672221,0.55,-0.4567848066722209,1.381
2023-09-25 16:49:21.825,0.9104651464877027,0.571,-0.33946514648770276,1.328
2023-09-25 16:49:21.850,1.0361476199529431,0.655,-0.3811476199529431,1.279
2023-09-25 16:49:21.875,0.6147076951656765,0.743,0.12829230483432352,1.227
2023-09-25 16:49:21.900,0.6724647471337621,0.765,0.09253525286623787,1.219
2023-09-25 16:49:21.925,0.5074032189181623,0.844,0.33659678108183766,1.21
2023-09-25 16:49:21.950,0.5328429810331293,0.919,0.3861570189668707,1.108
2023-09-25 16:49:21.975,0.6503255506151158,0.895,0.24467444938488425,1.086
2023-09-25 16:49:22.000,0.5195237448920764,0.853,0.33347625510792356,1.043
2023-09-25 16:49:22.025,0.5472844515029319,0.827,0.27971554849706803,0.944
2023-09-25 16:49:22.050,0.6159596899959916,0.805,0.18904031000400845,0.896
2023-09-25 16:49:22.075,0.4505168297771047,0.809,0.35848317022289533,0.839
2023-09-25 16:49:22.100,0.5746337561918673,0.744,0.1693662438081327,0.796
2023-09-25 16:49:22.125,0.40753798100970473,0.637,0.22946201899029528,0.704
2023-09-25 16:49:22.150,0.3771579255632413,0.58,0.20284207443675867,0.582
2023-09-25 16:49:22.175,0.7448105324806318,0.49,-0.2548105324806318,0.54
2023-09-25 16:49:22.200,0.7606668117633105,0.522,-0.2386668117633105,0.585
2023-09-25 16:49:22.225,0.8804744559529304,0.608,-0.2724744559529304,0.525
2023-09-25 16:49:22.250,1.061265001174812,0.726,-0.33526500117481195,0.55
2023-09-25 16:49:22.275,1.0555475382351047,0.804,-0.2515475382351047,0.571
2023-09-25 16:49:22.300,0.9544089668756592,0.857,-0.09740896687565925,0.655
2023-09-25 16:49:22.325,0.7615424262998738,0.917,0.15545757370012625,0.743
2023-09-25 16:49:22.350,0.564656099723497,0.946,0.381343900276503,0.765
2023-09-25 16:49:22.375,0.4390345213987206,1.025,0.5859654786012793,0.844
2023-09-25 16:49:22.400,0.48801371883268657,1.111,0.6229862811673135,0.919
2023-09-25 16:49:22.425,0.39990458047325617,1.184,0.7840954195267438,0.895
2023-09-25 16:49:22.450,0.5006901748404118,1.139,0.6383098251595882,0.853
2023-09-25 16:49:22.475,0.39296153421883273,1.086,0.6930384657811673,0.827
2023-09-25 16:49:22.500,0.4745905401340015,1.035,0.5604094598659984,0.805
2023-09-25 16:49:22.525,0.7202074129624791,1.004,0.28379258703752086,0.809
2023-09-25 16:49:22.550,0.8243084946248103,0.971,0.1466915053751897,0.744
2023-09-25 16:49:22.575,0.9234997360156252,0.89,-0.03349973601562517,0.637
2023-09-25 16:49:22.600,0.7770066951770536,0.81,0.03299330482294649,0.58
2023-09-25 16:49:22.625,0.9185945639993883,0.764,-0.1545945639993883,0.49
2023-09-25 16:49:22.650,0.9294781445161938,0.631,-0.2984781445161938,0.522
2023-09-25 16:49:22.675,0.925077897879494,0.556,-0.36907789787949397,0.608
2023-09-25 16:49:22.700,1.0430472121911905,0.571,-0.4720472121911905,0.726
2023-09-25 16:49:22.725,1.1205458304979854,0.558,-0.5625458304979853,0.804
2023-09-25 16:49:22.750,1.0984673862116274,0.584,-0.5144673862116275,0.857
2023-09-25 16:49:22.775,1.0416117293183096,0.573,-0.46861172931830963,0.917
2023-09-25 16:49:22.800,1.0069205739677172,0.572,-0.4349205739677172,0.946
2023-09-25 16:49:22.825,0.8708668361616293,0.591,-0.27986683616162933,1.025
2023-09-25 16:49:22.850,0.8012636427476972,0.636,-0.16526364274769723,1.111
2023-09-25 16:49:22.875,0.7667783486159329,0.634,-0.13277834861593285,1.184
2023-09-25 16:49:22.900,0.4474244343190179,0.752,0.3045755656809821,1.139
2023-09-25 16:49:22.925,0.5761228927362384,0.827,0.25087710726376156,1.086
2023-09-25 16:49:22.950,0.5480518789347354,0.884,0.3359481210652646,1.035
2023-09-25 16:49:22.975,0.30883077567298445,0.957,0.6481692243270155,1.004
2023-09-25 16:49:23.000,0.5779773596661852,0.978,0.40002264033381474,0.971
2023-09-25 16:49:23.025,0.4525491844359759,1.045,0.592450815564024,0.89
2023-09-25 16:49:23.050,0.5787774129529951,1.08,0.501222587047005,0.81
2023-09-25 16:49:23.075,0.6439579840573129,1.102,0.45804201594268723,0.764
2023-09-25 16:49:23.100,0.5377628797636501,1.093,0.5552371202363499,0.631
2023-09-25 16:49:23.125,0.5504291554089522,1.11,0.5595708445910479,0.556
2023-09-25 16:49:23.150,0.6125446340919631,1.099,0.48645536590803684,0.571
2023-09-25 16:49:23.175,0.5488081430177371,1.106,0.557191856982263,0.558
2023-09-25 16:49:23.200,0.6534101827640071,1.069,0.41558981723599286,0.584
2023-09-25 16:49:23.225,0.7813202230786553,1.022,0.24067977692134468,0.573
2023-09-25 16:49:23.250,0.8200526630257017,0.937,0.11694733697429838,0.572
2023-09-25 16:49:23.275,1.0562930251649894,0.88,-0.17629302516498935,0.591
2023-09-25 16:49:23.300,1.038797052240569,0.895,-0.14379705224056893,0.636
2023-09-25 16:49:23.325,1.1071593848088073,0.934,-0.17315938480880722,0.634
2023-09-25 16:49:23.350,1.0963805360884038,0.954,-0.14238053608840384,0.752
2023-09-25 16:49:23.375,1.0787653102818022,0.949,-0.12976531028180227,0.827
2023-09-25 16:49:23.400,0.9816826945322281,0.932,-0.04968269453222807,0.884
2023-09-25 16:49:23.425,0.8747568999598224,0.937,0.062243100040177635,0.957
2023-09-25 16:49:23.450,0.8535101761989171,0.945,0.09148982380108284,0.978
2023-09-25 16:49:23.475,0.9135225214602456,0.994,0.0804774785397544,1.045
2023-09-25 16:49:23.500,0.9461929546291682,1.107,0.1608070453708318,1.08
2023-09-25 16:49:23.525,1.0443687111692928,1.235,0.19063128883070735,1.102
2023-09-25 16:49:23.550,0.9609661278472013,1.312,0.3510338721527988,1.093
2023-09-25 16:49:23.575,0.7546730006279063,1.373,0.6183269993720937,1.11
2023-09-25 16:49:23.600,0.7453983685963228,1.45,0.7046016314036772,1.099
2023-09-25 16:49:23.625,0.8138085893892797,1.522,0.7081914106107203,1.106
2023-09-25 16:49:23.650,0.836855863130379,1.553,0.716144136869621,1.069
2023-09-25 16:49:23.675,0.8037807732540078,1.555,0.7512192267459922,1.022
2023-09-25 16:49:23.700,0.745666294741943,1.531,0.7853337052580569,0.937
2023-09-25 16:49:23.725,0.8653546173190065,1.501,0.6356453826809934,0.88
2023-09-25 16:49:23.750,0.9878488456327776,1.447,0.4591511543672224,0.895
2023-09-25 16:49:23.775,1.0543659207091438,1.385,0.3306340792908562,0.934
2023-09-25 16:49:23.800,1.0828382070456026,1.339,0.25616179295439734,0.954
2023-09-25 16:49:23.825,1.1530255601899473,1.283,0.12997443981005263,0.949
2023-09-25 16:49:23.850,1.2782119306012496,1.245,-0.033211930601249495,0.932
2023-09-25 16:49:23.875,1.348303735795839,1.208,-0.140303735795839,0.937
2023-09-25 16:49:23.900,1.4310966776680634,1.2,-0.2310966776680634,0.945
2023-09-25 16:49:23.925,1.4896811872559161,1.19,-0.2996811872559162,0.994
2023-09-25 16:49:23.950,1.4649837323564787,1.231,-0.23398373235647862,1.107
2023-09-25 16:49:23.975,1.5158902613870504,1.279,-0.2368902613870505,1.235
2023-09-25 16:49:24.000,1.4485181101407014,1.322,-0.12651811014070136,1.312
2023-09-25 16:49:24.025,1.3416129890884476,1.328,-0.013612989088447547,1.373
2023-09-25 16:49:24.050,1.2402952668505596,1.325,0.08470473314944038,1.45
2023-09-25 16:49:24.075,1.0887007820447083,1.314,0.22529921795529173,1.522
2023-09-25 16:49:24.100,1.118131022358285,1.312,0.19386897764171507,1.553
2023-09-25 16:49:24.125,1.0416276146394685,1.305,0.2633723853605314,1.555
2023-09-25 16:49:24.150,1.0598405436410914,1.235,0.17515945635890873,1.531
2023-09-25 16:49:24.175,1.0654317633657624,1.207,0.14156823663423768,1.501
2023-09-25 16:49:24.200,1.1101180073449377,1.096,-0.014118007344937622,1.447
2023-09-25 16:49:24.225,1.1470187088430694,1.061,-0.0860187088430695,1.385
2023-09-25 16:49:24.250,1.1518028174432784,1.002,-0.1498028174432784,1.339
2023-09-25 16:49:24.275,1.2273594549411069,1.012,-0.21535945494110686,1.283
2023-09-25 16:49:24.300,1.2646885537694499,0.994,-0.2706885537694499,1.245
2023-09-25 16:49:24.325,1.2336596754681688,1.012,-0.22165967546816878,1.208
2023-09-25 16:49:24.350,1.2502767611567835,1.022,-0.22827676115678353,1.2
2023-09-25 16:49:24.375,1.1771952568754713,1.076,-0.10119525687547126,1.19
2023-09-25 16:49:24.400,1.1086370322989116,1.182,0.0733629677010883,1.231
2023-09-25 16:49:24.425,1.2646526201812027,1.292,0.027347379818797313,1.279
2023-09-25 16:49:24.450,1.0265793862445813,1.472,0.44542061375541864,1.322
2023-09-25 16:49:24.475,1.1418368323254704,1.545,0.40316316767452953,1.328
2023-09-25 16:49:24.500,0.8981671968892214,1.639,0.7408328031107786,1.325
2023-09-25 16:49:24.525,0.861825259965305,1.685,0.823174740034695,1.314
2023-09-25 16:49:24.550,0.8564847605304391,1.829,0.9725152394695609,1.312
2023-09-25 16:49:24.575,0.8054824328009549,1.911,1.1055175671990451,1.305
2023-09-25 16:49:24.600,0.911604473108065,1.941,1.029395526891935,1.235
2023-09-25 16:49:24.625,0.8496539784490873,1.938,1.0883460215509126,1.207
2023-09-25 16:49:24.650,0.9626543591399179,1.929,0.9663456408600821,1.096
2023-09-25 16:49:24.675,1.0342260717182823,1.874,0.8397739282817178,1.061
2023-09-25 16:49:24.700,1.2075991196372478,1.811,0.6034008803627522,1.002
2023-09-25 16:49:24.725,1.255931257460118,1.76,0.504068742539882,1.012
2023-09-25 16:49:24.750,1.5231999673381864,1.701,0.17780003266181366,0.994
2023-09-25 16:49:24.775,1.5986329677562021,1.629,0.030367032243797887,1.012
2023-09-25 16:49:24.800,1.7116611529793049,1.483,-0.22866115297930478,1.022
2023-09-25 16:49:24.825,1.5830288463055984,1.403,-0.18002884630559834,1.076
2023-09-25 16:49:24.850,1.682453361093515,1.36,-0.32245336109351497,1.182
2023-09-25 16:49:24.875,1.8951357001870583,1.329,-0.5661357001870584,1.292
2023-09-25 16:49:24.900,1.8200913133109933,1.32,-0.5000913133109932,1.472
2023-09-25 16:49:24.925,1.7841023102942235,1.338,-0.4461023102942234,1.545
2023-09-25 16:49:24.950,1.7391922284723813,1.435,-0.30419222847238125,1.639
2023-09-25 16:49:24.975,1.6627669719855431,1.497,-0.16576697198554302,1.685
2023-09-25 16:49:25.000,1.634029670831315,1.573,-0.06102967083131494,1.829
2023-09-25 16:49:25.025,1.5960072341331601,1.614,0.017992765866839955,1.911
2023-09-25 16:49:25.050,1.4441362693747641,1.61,0.16586373062523596,1.941
2023-09-25 16:49:25.075,1.3807190479200016,1.609,0.22828095207999843,1.938
2023-09-25 16:49:25.100,1.1946314245259146,1.651,0.4563685754740854,1.929
2023-09-25 16:49:25.125,1.1464420068540866,1.73,0.5835579931459134,1.874
2023-09-25 16:49:25.150,1.168910264673695,1.945,0.776089735326305,1.811
2023-09-25 16:49:25.175,1.1070243805181763,2.11,1.0029756194818236,1.76
2023-09-25 16:49:25.200,1.212087099662484,2.066,0.8539129003375159,1.701
2023-09-25 16:49:25.225,1.0996829240426569,2.082,0.982317075957343,1.629
2023-09-25 16:49:25.250,1.354000961700221,2.09,0.7359990382997788,1.483
2023-09-25 16:49:25.275,1.5057146378382005,2.102,0.5962853621617994,1.403
2023-09-25 16:49:25.300,1.555839573595094,2.213,0.657160426404906,1.36
2023-09-25 16:49:25.325,1.7751336177312993,2.326,0.5508663822687008,1.329
2023-09-25 16:49:25.350,1.5834780239586892,2.487,0.9035219760413109,1.32
2023-09-25 16:49:25.375,1.4895386546456424,2.586,1.0964613453543575,1.338
2023-09-25 16:49:25.400,1.5754202572794176,2.552,0.9765797427205825,1.435
2023-09-25 16:49:25.425,1.3176123565997042,2.601,1.2833876434002958,1.497
2023-09-25 16:49:25.450,1.4910675242193552,2.662,1.1709324757806447,1.573
2023-09-25 16:49:25.475,2.134127573603214,2.708,0.573872426396786,1.614
2023-09-25 16:49:25.500,2.063492403376735,2.754,0.6905075966232652,1.61
2023-09-25 16:49:25.525,2.0888930958263323,2.895,0.8061069041736677,1.609
2023-09-25 16:49:25.550,2.2834984362595576,2.991,0.7075015637404425,1.651
2023-09-25 16:49:25.575,2.092235540696186,2.995,0.902764459303814,1.73
2023-09-25 16:49:25.600,2.149836209767173,2.87,0.7201637902328271,1.945
2023-09-25 16:49:25.625,2.0181786513154387,2.838,0.8198213486845614,2.11
2023-09-25 16:49:25.650,2.017511708479122,2.724,0.7064882915208783,2.066
