,Date_Time,Altitude,timestamp
0,2024-03-15 16:44:12.70,,0.0
10,2024-03-15 16:44:13.909520,,1209.519863128662
20,2024-03-15 16:44:13.959421,,1259.4208717346191
30,2024-03-15 16:44:13.996258,,1296.2579727172852
40,2024-03-15 16:44:14.024290,,1324.2900371551514
50,2024-03-15 16:44:14.038086,,1338.0858898162842
60,2024-03-15 16:44:14.051716,,1351.7160415649414
70,2024-03-15 16:44:14.067900,,1367.8998947143555
80,2024-03-15 16:44:14.080864,,1380.863904953003
90,2024-03-15 16:44:14.095564,,1395.5638408660889
100,2024-03-15 16:44:14.112284,,1412.2838973999023
110,2024-03-15 16:44:14.124607,,1424.6070384979248
120,2024-03-15 16:44:14.148094,,1448.0938911437988
130,2024-03-15 16:44:14.165610,,1465.6100273132324
140,2024-03-15 16:44:14.180796,,1480.7958602905273
150,2024-03-15 16:44:14.196720,,1496.7198371887207
160,2024-03-15 16:44:14.215152,,1515.1519775390625
170,2024-03-15 16:44:14.236633,,1536.633014678955
180,2024-03-15 16:44:14.248458,,1548.4578609466553
190,2024-03-15 16:44:14.266072,,1566.0719871520996
200,2024-03-15 16:44:14.296644,,1596.6439247131348
210,2024-03-15 16:44:14.310903,,1610.903024673462
220,2024-03-15 16:44:14.324449,,1624.4490146636963
230,2024-03-15 16:44:14.338172,,1638.171911239624
240,2024-03-15 16:44:14.359504,,1659.5039367675781
250,2024-03-15 16:44:14.383248,,1683.2480430603027
260,2024-03-15 16:44:14.403937,,1703.93705368042
270,2024-03-15 16:44:14.445254,,1745.2540397644043
280,2024-03-15 16:44:14.497690,,1797.6899147033691
290,2024-03-15 16:44:14.548941,,1848.9408493041992
300,2024-03-15 16:44:14.601012,,1901.0119438171387
310,2024-03-15 16:44:14.653359,,1953.3588886260986
320,2024-03-15 16:44:14.705341,,2005.3410530090332
330,2024-03-15 16:44:14.755144,,2055.1438331604004
340,2024-03-15 16:44:14.808172,,2108.1719398498535
350,2024-03-15 16:44:14.858404,,2158.4038734436035
360,2024-03-15 16:44:14.920918,,2220.9179401397705
370,2024-03-15 16:44:14.967072,,2267.0719623565674
380,2024-03-15 16:44:15.013729,,2313.7290477752686
390,2024-03-15 16:44:15.064902,,2364.9020195007324
400,2024-03-15 16:44:15.116594,,2416.5940284729004
410,2024-03-15 16:44:15.168552,,2468.5518741607666
420,2024-03-15 16:44:15.220354,,2520.3540325164795
430,2024-03-15 16:44:15.271905,,2571.9048976898193
440,2024-03-15 16:44:15.337447,,2637.446880340576
450,2024-03-15 16:44:15.374717,,2674.7169494628906
460,2024-03-15 16:44:15.426534,,2726.533889770508
470,2024-03-15 16:44:15.478123,,2778.122901916504
480,2024-03-15 16:44:15.531785,,2831.784963607788
490,2024-03-15 16:44:15.582874,,2882.874011993408
500,2024-03-15 16:44:15.632916,,2932.9159259796143
510,2024-03-15 16:44:15.685640,,2985.640048980713
520,2024-03-15 16:44:15.737526,,3037.5258922576904
530,2024-03-15 16:44:15.788223,,3088.2229804992676
540,2024-03-15 16:44:15.839629,,3139.6288871765137
550,2024-03-15 16:44:15.893591,,3193.5908794403076
560,2024-03-15 16:44:15.944145,,3244.144916534424
570,2024-03-15 16:44:15.994719,,3294.7189807891846
580,2024-03-15 16:44:16.046100,,3346.099853515625
590,2024-03-15 16:44:16.099866,,3399.8658657073975
600,2024-03-15 16:44:16.150059,,3450.058937072754
610,2024-03-15 16:44:16.201880,,3501.879930496216
620,2024-03-15 16:44:16.253562,,3553.5619258880615
630,2024-03-15 16:44:16.305050,,3605.0498485565186
640,2024-03-15 16:44:16.355955,,3655.9548377990723
650,2024-03-15 16:44:16.408332,,3708.332061767578
660,2024-03-15 16:44:16.459691,,3759.690999984741
670,2024-03-15 16:44:16.511202,,3811.202049255371
680,2024-03-15 16:44:16.563237,,3863.236904144287
690,2024-03-15 16:44:16.615999,,3915.998935699463
700,2024-03-15 16:44:16.665909,,3965.909004211426
710,2024-03-15 16:44:16.717429,,4017.4288749694824
720,2024-03-15 16:44:16.770209,,4070.20902633667
730,2024-03-15 16:44:16.826402,,4126.401901245117
740,2024-03-15 16:44:16.875345,,4175.344944000244
750,2024-03-15 16:44:16.924724,,4224.724054336548
760,2024-03-15 16:44:16.979192,,4279.191970825195
770,2024-03-15 16:44:17.028007,,4328.006982803345
780,2024-03-15 16:44:17.078889,,4378.888845443726
790,2024-03-15 16:44:17.131225,,4431.225061416626
800,2024-03-15 16:44:17.182420,,4482.419967651367
810,2024-03-15 16:44:17.234317,,4534.3170166015625
820,2024-03-15 16:44:17.285480,,4585.479974746704
830,2024-03-15 16:44:17.339349,,4639.348983764648
840,2024-03-15 16:44:17.391497,,4691.496849060059
850,2024-03-15 16:44:17.442018,,4742.017984390259
860,2024-03-15 16:44:17.493291,,4793.290853500366
870,2024-03-15 16:44:17.544299,,4844.298839569092
880,2024-03-15 16:44:17.597179,,4897.178888320923
890,2024-03-15 16:44:17.647828,,4947.828054428101
900,2024-03-15 16:44:17.699612,,4999.611854553223
910,2024-03-15 16:44:17.751000,,5050.999879837036
920,2024-03-15 16:44:17.804027,,5104.027032852173
930,2024-03-15 16:44:17.853473,,5153.472900390625
940,2024-03-15 16:44:17.905520,,5205.519914627075
950,2024-03-15 16:44:17.958613,,5258.612871170044
960,2024-03-15 16:44:18.010938,,5310.937881469727
970,2024-03-15 16:44:18.060181,,5360.180854797363
980,2024-03-15 16:44:18.115836,,5415.835857391357
990,2024-03-15 16:44:18.163602,,5463.602066040039
1000,2024-03-15 16:44:18.215186,,5515.186071395874
1010,2024-03-15 16:44:18.267526,,5567.525863647461
1020,2024-03-15 16:44:18.318813,,5618.813037872314
1030,2024-03-15 16:44:18.370116,,5670.115947723389
1040,2024-03-15 16:44:18.422573,,5722.573041915894
1050,2024-03-15 16:44:18.473977,,5773.977041244507
1060,2024-03-15 16:44:18.526214,,5826.213836669922
1070,2024-03-15 16:44:18.577247,,5877.246856689453
1080,2024-03-15 16:44:18.629080,,5929.080009460449
1090,2024-03-15 16:44:18.679849,,5979.848861694336
1100,2024-03-15 16:44:18.732216,,6032.21583366394
1110,2024-03-15 16:44:18.786004,,6086.004018783569
1120,2024-03-15 16:44:18.837631,,6137.630939483643
1130,2024-03-15 16:44:18.886509,,6186.508893966675
1140,2024-03-15 16:44:18.939128,,6239.12787437439
1150,2024-03-15 16:44:18.990673,,6290.673017501831
1160,2024-03-15 16:44:19.043347,,6343.346834182739
1170,2024-03-15 16:44:19.093739,,6393.7389850616455
1180,2024-03-15 16:44:19.145008,,6445.008039474487
1190,2024-03-15 16:44:19.196335,,6496.335029602051
1200,2024-03-15 16:44:19.248312,,6548.311948776245
1210,2024-03-15 16:44:19.299889,,6599.889039993286
1220,2024-03-15 16:44:19.354066,,6654.065847396851
1230,2024-03-15 16:44:19.403161,,6703.161001205444
1240,2024-03-15 16:44:19.455101,,6755.100965499878
1250,2024-03-15 16:44:19.507158,,6807.15799331665
1260,2024-03-15 16:44:19.560769,,6860.769033432007
1270,2024-03-15 16:44:19.609448,,6909.447908401489
1280,2024-03-15 16:44:19.663642,,6963.641881942749
1290,2024-03-15 16:44:19.712804,,7012.80403137207
1300,2024-03-15 16:44:19.764267,,7064.266920089722
1310,2024-03-15 16:44:19.816084,,7116.083860397339
1320,2024-03-15 16:44:19.867950,,7167.949914932251
1330,2024-03-15 16:44:19.920930,,7220.929861068726
1340,2024-03-15 16:44:19.970924,,7270.923852920532
1350,2024-03-15 16:44:20.024319,,7324.318885803223
1360,2024-03-15 16:44:20.073951,,7373.950958251953
1370,2024-03-15 16:44:20.125506,,7425.505876541138
1380,2024-03-15 16:44:20.177482,,7477.481842041016
1390,2024-03-15 16:44:20.229774,,7529.773950576782
1400,2024-03-15 16:44:20.280454,,7580.453872680664
1410,2024-03-15 16:44:20.332660,,7632.659912109375
1420,2024-03-15 16:44:20.385553,,7685.5528354644775
1430,2024-03-15 16:44:20.435806,,7735.805988311768
1440,2024-03-15 16:44:20.487133,,7787.132978439331
1450,2024-03-15 16:44:20.539065,,7839.064836502075
1460,2024-03-15 16:44:20.591779,,7891.778945922852
1470,2024-03-15 16:44:20.642520,,7942.519903182983
1480,2024-03-15 16:44:20.693429,,7993.428945541382
1490,2024-03-15 16:44:20.745562,,8045.562028884888
1500,2024-03-15 16:44:20.798596,,8098.595857620239
1510,2024-03-15 16:44:20.851674,,8151.674032211304
1520,2024-03-15 16:44:20.901634,,8201.633930206299
1530,2024-03-15 16:44:20.953346,,8253.345966339111
1540,2024-03-15 16:44:21.003679,,8303.6789894104
1550,2024-03-15 16:44:21.056237,,8356.236934661865
1560,2024-03-15 16:44:21.106890,,8406.889915466309
1570,2024-03-15 16:44:21.158305,,8458.30488204956
1580,2024-03-15 16:44:21.210169,,8510.16902923584
1590,2024-03-15 16:44:21.262242,,8562.242031097412
1600,2024-03-15 16:44:21.313855,,8613.854885101318
1610,2024-03-15 16:44:21.365043,,8665.042877197266
1620,2024-03-15 16:44:21.416794,,8716.79401397705
1630,2024-03-15 16:44:21.467982,,8767.982006072998
1640,2024-03-15 16:44:21.519964,,8819.963932037354
1650,2024-03-15 16:44:21.572475,,8872.474908828735
1660,2024-03-15 16:44:21.624168,,8924.16787147522
1670,2024-03-15 16:44:21.674701,,8974.700927734375
1680,2024-03-15 16:44:21.726812,,9026.811838150024
1690,2024-03-15 16:44:21.779814,,9079.813957214355
1700,2024-03-15 16:44:21.829675,,9129.674911499023
1710,2024-03-15 16:44:21.881198,,9181.197881698608
1720,2024-03-15 16:44:21.933047,,9233.047008514404
1730,2024-03-15 16:44:21.986236,,9286.236047744751
1740,2024-03-15 16:44:22.037185,,9337.18490600586
1750,2024-03-15 16:44:22.090680,,9390.679836273193
1760,2024-03-15 16:44:22.139315,,9439.314842224121
1770,2024-03-15 16:44:22.191205,,9491.204977035522
1780,2024-03-15 16:44:22.243044,,9543.043851852417
1790,2024-03-15 16:44:22.294600,,9594.599962234497
1800,2024-03-15 16:44:22.347296,,9647.295951843262
1810,2024-03-15 16:44:22.402566,,9702.565908432007
1820,2024-03-15 16:44:22.450132,,9750.131845474243
1830,2024-03-15 16:44:22.502972,,9802.971839904785
1840,2024-03-15 16:44:22.554057,,9854.05683517456
1850,2024-03-15 16:44:22.605332,,9905.33185005188
1860,2024-03-15 16:44:22.656729,,9956.7289352417
1870,2024-03-15 16:44:22.711235,,10011.234998703003
1880,2024-03-15 16:44:22.760168,,10060.168027877808
1890,2024-03-15 16:44:22.811896,,10111.89603805542
1900,2024-03-15 16:44:22.867271,,10167.27089881897
1910,2024-03-15 16:44:22.916102,,10216.101884841919
1920,2024-03-15 16:44:22.967521,,10267.520904541016
1930,2024-03-15 16:44:23.018950,,10318.949937820435
1940,2024-03-15 16:44:23.069978,,10369.977951049805
1950,2024-03-15 16:44:23.123622,,10423.621892929077
1960,2024-03-15 16:44:23.174443,,10474.442958831787
1970,2024-03-15 16:44:23.225036,,10525.035858154297
1980,2024-03-15 16:44:23.276661,,10576.660871505737
1990,2024-03-15 16:44:23.328824,,10628.82399559021
2000,2024-03-15 16:44:23.381167,,10681.166887283325
2010,2024-03-15 16:44:23.431546,,10731.54592514038
2020,2024-03-15 16:44:23.484084,,10784.083843231201
2030,2024-03-15 16:44:23.535633,,10835.633039474487
2040,2024-03-15 16:44:23.589529,,10889.52898979187
2050,2024-03-15 16:44:23.637945,,10937.944889068604
2060,2024-03-15 16:44:23.691823,,10991.822957992554
2070,2024-03-15 16:44:23.743316,,11043.315887451172
2080,2024-03-15 16:44:23.793154,,11093.153953552246
2090,2024-03-15 16:44:23.846623,,11146.622896194458
2100,2024-03-15 16:44:23.896064,,11196.063995361328
2110,2024-03-15 16:44:23.950704,,11250.704050064087
2120,2024-03-15 16:44:24.000004,,11300.004005432129
2130,2024-03-15 16:44:24.053660,,11353.659868240356
2140,2024-03-15 16:44:24.102655,,11402.654886245728
2150,2024-03-15 16:44:24.154747,,11454.746961593628
2160,2024-03-15 16:44:24.206209,,11506.208896636963
2170,2024-03-15 16:44:24.257914,,11557.914018630981
2180,2024-03-15 16:44:24.309754,,11609.753847122192
2190,2024-03-15 16:44:24.361581,,11661.581039428711
2200,2024-03-15 16:44:24.412640,,11712.640047073364
2210,2024-03-15 16:44:24.464339,,11764.338970184326
2220,2024-03-15 16:44:24.517604,,11817.604064941406
2230,2024-03-15 16:44:24.568191,,11868.191003799438
2240,2024-03-15 16:44:24.619109,,11919.108867645264
2250,2024-03-15 16:44:24.670703,,11970.70288658142
2260,2024-03-15 16:44:24.723683,,12023.683071136475
2270,2024-03-15 16:44:24.774578,,12074.578046798706
2280,2024-03-15 16:44:24.825841,,12125.840902328491
2290,2024-03-15 16:44:24.878574,,12178.573846817017
2300,2024-03-15 16:44:24.932652,,12232.651948928833
2310,2024-03-15 16:44:24.980655,,12280.654907226562
2320,2024-03-15 16:44:25.032551,,12332.551002502441
2330,2024-03-15 16:44:25.083886,,12383.885860443115
2340,2024-03-15 16:44:25.135471,,12435.471057891846
2350,2024-03-15 16:44:25.187360,,12487.360000610352
2360,2024-03-15 16:44:25.241842,,12541.841983795166
2370,2024-03-15 16:44:25.290417,,12590.41690826416
2380,2024-03-15 16:44:25.343034,,12643.033981323242
2390,2024-03-15 16:44:25.394836,,12694.835901260376
2400,2024-03-15 16:44:25.445437,,12745.436906814575
2410,2024-03-15 16:44:25.497031,,12797.030925750732
2420,2024-03-15 16:44:25.549314,,12849.313974380493
2430,2024-03-15 16:44:25.600466,,12900.465965270996
2440,2024-03-15 16:44:25.651997,,12951.99704170227
2450,2024-03-15 16:44:25.704395,,13004.395008087158
2460,2024-03-15 16:44:25.757203,,13057.2030544281
2470,2024-03-15 16:44:25.806915,,13106.91499710083
2480,2024-03-15 16:44:25.859133,,13159.132957458496
2490,2024-03-15 16:44:25.910154,,13210.154056549072
2500,2024-03-15 16:44:25.962010,,13262.009859085083
2510,2024-03-15 16:44:26.013383,,13313.382863998413
2520,2024-03-15 16:44:26.065692,,13365.691900253296
2530,2024-03-15 16:44:26.117593,,13417.593002319336
2540,2024-03-15 16:44:26.168562,,13468.561887741089
2550,2024-03-15 16:44:26.219971,,13519.970893859863
2560,2024-03-15 16:44:26.273168,,13573.1680393219
2570,2024-03-15 16:44:26.323363,,13623.363018035889
2580,2024-03-15 16:44:26.374804,,13674.803972244263
2590,2024-03-15 16:44:26.429210,,13729.209899902344
2600,2024-03-15 16:44:26.478586,,13778.58591079712
2610,2024-03-15 16:44:26.531428,,13831.428050994873
2620,2024-03-15 16:44:26.582438,,13882.437944412231
2630,2024-03-15 16:44:26.635609,,13935.608863830566
2640,2024-03-15 16:44:26.685062,,13985.061883926392
2650,2024-03-15 16:44:26.739420,,14039.419889450073
2660,2024-03-15 16:44:26.788791,,14088.790893554688
2670,2024-03-15 16:44:26.840313,,14140.312910079956
2680,2024-03-15 16:44:26.891302,,14191.302061080933
2690,2024-03-15 16:44:26.943064,,14243.063926696777
2700,2024-03-15 16:44:26.994907,,14294.906854629517
2710,2024-03-15 16:44:27.046416,,14346.415996551514
2720,2024-03-15 16:44:27.098604,,14398.603916168213
2730,2024-03-15 16:44:27.149887,,14449.887037277222
2740,2024-03-15 16:44:27.202027,,14502.027034759521
2750,2024-03-15 16:44:27.255118,,14555.117845535278
2760,2024-03-15 16:44:27.304754,,14604.753971099854
2770,2024-03-15 16:44:27.357259,,14657.258987426758
2780,2024-03-15 16:44:27.408624,,14708.623886108398
2790,2024-03-15 16:44:27.460471,,14760.470867156982
2800,2024-03-15 16:44:27.515157,,14815.156936645508
2810,2024-03-15 16:44:27.565121,,14865.120887756348
2820,2024-03-15 16:44:27.615497,,14915.497064590454
2830,2024-03-15 16:44:27.668783,,14968.782901763916
2840,2024-03-15 16:44:27.718672,,15018.671989440918
2850,2024-03-15 16:44:27.770396,,15070.395946502686
2860,2024-03-15 16:44:27.824901,,15124.901056289673
2870,2024-03-15 16:44:27.873706,,15173.7060546875
2880,2024-03-15 16:44:27.926023,,15226.022958755493
2890,2024-03-15 16:44:27.978669,,15278.668880462646
2900,2024-03-15 16:44:28.029859,,15329.859018325806
2910,2024-03-15 16:44:28.081008,,15381.00790977478
2920,2024-03-15 16:44:28.132521,,15432.520866394043
2930,2024-03-15 16:44:28.184262,,15484.261989593506
2940,2024-03-15 16:44:28.238078,,15538.07806968689
2950,2024-03-15 16:44:28.287728,,15587.728023529053
2960,2024-03-15 16:44:28.342072,,15642.071962356567
2970,2024-03-15 16:44:28.391242,,15691.241979598999
2980,2024-03-15 16:44:28.442989,,15742.98906326294
2990,2024-03-15 16:44:28.495563,,15795.562982559204
3000,2024-03-15 16:44:28.545613,,15845.6130027771
3010,2024-03-15 16:44:28.597530,,15897.52984046936
3020,2024-03-15 16:44:28.649678,,15949.67794418335
3030,2024-03-15 16:44:28.700556,,16000.555992126465
3040,2024-03-15 16:44:28.752444,,16052.443981170654
3050,2024-03-15 16:44:28.803805,,16103.80506515503
3060,2024-03-15 16:44:28.857616,,16157.615900039673
3070,2024-03-15 16:44:28.907194,,16207.193851470947
3080,2024-03-15 16:44:28.958825,,16258.825063705444
3090,2024-03-15 16:44:29.013671,,16313.670873641968
3100,2024-03-15 16:44:29.062145,,16362.144947052002
3110,2024-03-15 16:44:29.114997,,16414.9968624115
3120,2024-03-15 16:44:29.165563,,16465.56305885315
3130,2024-03-15 16:44:29.217821,,16517.820835113525
3140,2024-03-15 16:44:29.268523,,16568.522930145264
3150,2024-03-15 16:44:29.320643,,16620.64290046692
3160,2024-03-15 16:44:29.371832,,16671.831846237183
3170,2024-03-15 16:44:29.424620,,16724.61986541748
3180,2024-03-15 16:44:29.475701,,16775.70104598999
3190,2024-03-15 16:44:29.526867,,16826.86686515808
3200,2024-03-15 16:44:29.579003,,16879.003047943115
3210,2024-03-15 16:44:29.630097,,16930.096864700317
3220,2024-03-15 16:44:29.682001,,16982.001066207886
3230,2024-03-15 16:44:29.737559,,17037.559032440186
3240,2024-03-15 16:44:29.786812,,17086.812019348145
3250,2024-03-15 16:44:29.836913,,17136.913061141968
3260,2024-03-15 16:44:29.888256,,17188.25602531433
3270,2024-03-15 16:44:29.940967,,17240.96703529358
3280,2024-03-15 16:44:29.991762,,17291.761875152588
3290,2024-03-15 16:44:30.043088,,17343.087911605835
3300,2024-03-15 16:44:30.094703,,17394.702911376953
3310,2024-03-15 16:44:30.146857,,17446.85697555542
3320,2024-03-15 16:44:30.197962,,17497.96199798584
3330,2024-03-15 16:44:30.249992,,17549.991846084595
3340,2024-03-15 16:44:30.304967,,17604.96687889099
3350,2024-03-15 16:44:30.359253,,17659.252882003784
3360,2024-03-15 16:44:30.405052,,17705.0518989563
3370,2024-03-15 16:44:30.456309,,17756.309032440186
3380,2024-03-15 16:44:30.508622,,17808.621883392334
3390,2024-03-15 16:44:30.560900,,17860.899925231934
3400,2024-03-15 16:44:30.611105,,17911.104917526245
3410,2024-03-15 16:44:30.663319,,17963.319063186646
3420,2024-03-15 16:44:30.714583,,18014.582872390747
3430,2024-03-15 16:44:30.766396,,18066.3959980011
3440,2024-03-15 16:44:30.817744,,18117.743968963623
3450,2024-03-15 16:44:30.869277,,18169.27695274353
3460,2024-03-15 16:44:30.921007,,18221.006870269775
3470,2024-03-15 16:44:30.974508,,18274.507999420166
3480,2024-03-15 16:44:31.024609,,18324.60904121399
3490,2024-03-15 16:44:31.075996,,18375.995874404907
3500,2024-03-15 16:44:31.127904,,18427.90389060974
3510,2024-03-15 16:44:31.180503,,18480.50284385681
3520,2024-03-15 16:44:31.232438,,18532.438039779663
3530,2024-03-15 16:44:31.282415,,18582.414865493774
3540,2024-03-15 16:44:31.334729,,18634.72890853882
3550,2024-03-15 16:44:31.386795,,18686.794996261597
3560,2024-03-15 16:44:31.437372,,18737.371921539307
3570,2024-03-15 16:44:31.489385,,18789.384841918945
3580,2024-03-15 16:44:31.541227,,18841.227054595947
3590,2024-03-15 16:44:31.594474,,18894.474029541016
3600,2024-03-15 16:44:31.644544,,18944.543838500977
3610,2024-03-15 16:44:31.696066,,18996.065855026245
3620,2024-03-15 16:44:31.748669,,19048.66886138916
3630,2024-03-15 16:44:31.798846,,19098.845958709717
3640,2024-03-15 16:44:31.851381,,19151.381015777588
3650,2024-03-15 16:44:31.902274,,19202.273845672607
3660,2024-03-15 16:44:31.955293,,19255.292892456055
3670,2024-03-15 16:44:32.005500,,19305.500030517578
3680,2024-03-15 16:44:32.058554,,19358.553886413574
3690,2024-03-15 16:44:32.109434,,19409.433841705322
3700,2024-03-15 16:44:32.161944,,19461.943864822388
3710,2024-03-15 16:44:32.212183,,19512.18295097351
3720,2024-03-15 16:44:32.263611,,19563.611030578613
3730,2024-03-15 16:44:32.316261,,19616.26100540161
3740,2024-03-15 16:44:32.368314,,19668.31398010254
3750,2024-03-15 16:44:32.419878,,19719.87795829773
3760,2024-03-15 16:44:32.470945,,19770.944833755493
3770,2024-03-15 16:44:32.521999,,19821.998834609985
3780,2024-03-15 16:44:32.574246,,19874.2458820343
3790,2024-03-15 16:44:32.625969,,19925.968885421753
3800,2024-03-15 16:44:32.677539,,19977.5390625
3810,2024-03-15 16:44:32.730606,,20030.606031417847
3820,2024-03-15 16:44:32.781673,,20081.67290687561
3830,2024-03-15 16:44:32.836288,,20136.287927627563
3840,2024-03-15 16:44:32.884703,,20184.70287322998
3850,2024-03-15 16:44:32.936289,,20236.289024353027
3860,2024-03-15 16:44:32.987386,,20287.385940551758
3870,2024-03-15 16:44:33.039650,,20339.64991569519
3880,2024-03-15 16:44:33.091252,,20391.252040863037
3890,2024-03-15 16:44:33.145224,,20445.224046707153
3900,2024-03-15 16:44:33.198707,,20498.707056045532
3910,2024-03-15 16:44:33.245849,,20545.848846435547
3920,2024-03-15 16:44:33.298621,,20598.620891571045
3930,2024-03-15 16:44:33.348713,,20648.712873458862
3940,2024-03-15 16:44:33.403079,,20703.078985214233
3950,2024-03-15 16:44:33.455927,,20755.926847457886
3960,2024-03-15 16:44:33.505882,,20805.8819770813
3970,2024-03-15 16:44:33.555922,,20855.921983718872
3980,2024-03-15 16:44:33.607030,,20907.02986717224
3990,2024-03-15 16:44:33.658712,,20958.711862564087
4000,2024-03-15 16:44:33.712408,,21012.408018112183
4010,2024-03-15 16:44:33.762700,,21062.700033187866
4020,2024-03-15 16:44:33.813264,,21113.263845443726
4030,2024-03-15 16:44:33.868990,,21168.989896774292
4040,2024-03-15 16:44:33.916472,,21216.471910476685
4050,2024-03-15 16:44:33.968021,,21268.02086830139
4060,2024-03-15 16:44:34.019294,,21319.293975830078
4070,2024-03-15 16:44:34.071290,,21371.2899684906
4080,2024-03-15 16:44:34.122976,,21422.97601699829
4090,2024-03-15 16:44:34.174266,,21474.266052246094
4100,2024-03-15 16:44:34.227173,,21527.173042297363
4110,2024-03-15 16:44:34.277210,,21577.20994949341
4120,2024-03-15 16:44:34.329314,,21629.313945770264
4130,2024-03-15 16:44:34.381213,,21681.21290206909
4140,2024-03-15 16:44:34.438724,,21738.72399330139
4150,2024-03-15 16:44:34.486438,,21786.43798828125
4160,2024-03-15 16:44:34.540219,,21840.219020843506
4170,2024-03-15 16:44:34.587262,,21887.261867523193
4180,2024-03-15 16:44:34.639671,,21939.6710395813
4190,2024-03-15 16:44:34.691706,,21991.705894470215
4200,2024-03-15 16:44:34.741855,,22041.854858398438
4210,2024-03-15 16:44:34.793559,,22093.55902671814
4220,2024-03-15 16:44:34.845797,,22145.79701423645
4230,2024-03-15 16:44:34.898211,,22198.210954666138
4240,2024-03-15 16:44:34.948347,,22248.34704399109
4250,2024-03-15 16:44:35.000276,,22300.276041030884
4260,2024-03-15 16:44:35.051650,,22351.64999961853
4270,2024-03-15 16:44:35.103026,,22403.02586555481
4280,2024-03-15 16:44:35.154960,,22454.959869384766
4290,2024-03-15 16:44:35.206039,,22506.038904190063
4300,2024-03-15 16:44:35.258059,,22558.058977127075
4310,2024-03-15 16:44:35.312795,,22612.794876098633
4320,2024-03-15 16:44:35.361719,,22661.71884536743
4330,2024-03-15 16:44:35.412949,,22712.94903755188
4340,2024-03-15 16:44:35.464380,,22764.37997817993
4350,2024-03-15 16:44:35.517545,,22817.54493713379
4360,2024-03-15 16:44:35.569435,,22869.43483352661
4370,2024-03-15 16:44:35.619615,,22919.615030288696
4380,2024-03-15 16:44:35.672116,,22972.115993499756
4390,2024-03-15 16:44:35.723860,,23023.859977722168
4400,2024-03-15 16:44:35.768239,,23068.238973617554
4410,2024-03-15 16:44:35.809750,,23109.750032424927
4420,2024-03-15 16:44:35.873938,,23173.938035964966
4430,2024-03-15 16:44:35.925238,,23225.23784637451
4440,2024-03-15 16:44:35.976225,,23276.224851608276
4450,2024-03-15 16:44:36.025438,,23325.438022613525
4460,2024-03-15 16:44:36.085871,,23385.870933532715
4470,2024-03-15 16:44:36.129659,,23429.658889770508
4480,2024-03-15 16:44:36.183271,,23483.27088356018
4490,2024-03-15 16:44:36.228179,,23528.178930282593
4500,2024-03-15 16:44:36.274182,,23574.18203353882
4510,2024-03-15 16:44:36.327804,,23627.804040908813
4520,2024-03-15 16:44:36.384877,,23684.876918792725
4530,2024-03-15 16:44:36.422922,,23722.92184829712
4540,2024-03-15 16:44:36.476648,,23776.64804458618
4550,2024-03-15 16:44:36.527170,,23827.16989517212
4560,2024-03-15 16:44:36.589905,,23889.904975891113
4570,2024-03-15 16:44:36.644443,,23944.442987442017
4580,2024-03-15 16:44:36.699872,,23999.871969223022
4590,2024-03-15 16:44:36.741001,,24041.000843048096
4600,2024-03-15 16:44:36.791659,,24091.65906906128
4610,2024-03-15 16:44:36.843773,,24143.772840499878
4620,2024-03-15 16:44:36.898036,,24198.035955429077
4630,2024-03-15 16:44:36.950110,,24250.109910964966
4640,2024-03-15 16:44:37.011085,,24311.084985733032
4650,2024-03-15 16:44:37.057662,,24357.661962509155
4660,2024-03-15 16:44:37.108823,,24408.823013305664
4670,2024-03-15 16:44:37.167658,,24467.658042907715
4680,2024-03-15 16:44:37.221294,,24521.293878555298
4690,2024-03-15 16:44:37.284645,,24584.64503288269
4700,2024-03-15 16:44:37.340555,0.5,24640.554904937744
4710,2024-03-15 16:44:37.390556,,24690.556049346924
4720,2024-03-15 16:44:37.442377,0.505,24742.377042770386
4730,2024-03-15 16:44:37.492790,0.5,24792.789936065674
4740,2024-03-15 16:44:37.545624,0.5,24845.62397003174
4750,2024-03-15 16:44:37.595445,0.545,24895.444869995117
4760,2024-03-15 16:44:37.644367,0.51,24944.366931915283
4770,2024-03-15 16:44:37.697827,0.55,24997.82705307007
4780,2024-03-15 16:44:37.751110,0.575,25051.11002922058
4790,2024-03-15 16:44:37.814580,0.575,25114.579916000366
4800,2024-03-15 16:44:37.875957,0.605,25175.956964492798
4810,2024-03-15 16:44:37.925589,0.625,25225.58903694153
4820,2024-03-15 16:44:37.976753,0.635,25276.752948760986
4830,2024-03-15 16:44:38.030082,0.655,25330.081939697266
4840,2024-03-15 16:44:38.084437,0.685,25384.43684577942
4850,2024-03-15 16:44:38.142821,0.655,25442.82102584839
4860,2024-03-15 16:44:38.205195,0.7,25505.194902420044
4870,2024-03-15 16:44:38.267596,0.7,25567.595958709717
4880,2024-03-15 16:44:38.331636,0.725,25631.635904312134
4890,2024-03-15 16:44:38.395482,0.77,25695.48201560974
4900,2024-03-15 16:44:38.460410,0.74,25760.41007041931
4910,2024-03-15 16:44:38.528192,0.79,25828.191995620728
4920,2024-03-15 16:44:38.589582,0.78,25889.58191871643
4930,2024-03-15 16:44:38.656253,0.82,25956.253051757812
4940,2024-03-15 16:44:38.716069,0.86,26016.068935394287
4950,2024-03-15 16:44:38.778826,0.79,26078.82595062256
4960,2024-03-15 16:44:38.842820,0.82,26142.81988143921
4970,2024-03-15 16:44:38.910405,0.825,26210.404872894287
4980,2024-03-15 16:44:38.975383,0.82,26275.38299560547
4990,2024-03-15 16:44:39.039494,0.83,26339.493989944458
5000,2024-03-15 16:44:39.104650,0.815,26404.64997291565
5010,2024-03-15 16:44:39.171538,0.81,26471.538066864014
5020,2024-03-15 16:44:39.236234,0.805,26536.23390197754
5030,2024-03-15 16:44:39.301948,0.83,26601.948022842407
5040,2024-03-15 16:44:39.369103,0.81,26669.102907180786
5050,2024-03-15 16:44:39.433594,0.8,26733.593940734863
5060,2024-03-15 16:44:39.499001,0.825,26799.00097846985
5070,2024-03-15 16:44:39.565737,0.815,26865.736961364746
5080,2024-03-15 16:44:39.635087,0.76,26935.086965560913
5090,2024-03-15 16:44:39.695200,0.825,26995.19991874695
5100,2024-03-15 16:44:39.760508,0.82,27060.508012771606
5110,2024-03-15 16:44:39.826647,0.815,27126.646995544434
5120,2024-03-15 16:44:39.888816,0.82,27188.81607055664
5130,2024-03-15 16:44:39.954323,0.87,27254.32300567627
5140,2024-03-15 16:44:40.020168,0.87,27320.168018341064
5150,2024-03-15 16:44:40.082196,0.845,27382.195949554443
5160,2024-03-15 16:44:40.151910,0.845,27451.9100189209
5170,2024-03-15 16:44:40.214881,0.86,27514.880895614624
5180,2024-03-15 16:44:40.279813,0.865,27579.81300354004
5190,2024-03-15 16:44:40.353920,0.78,27653.91993522644
5200,2024-03-15 16:44:40.417282,0.815,27717.28205680847
5210,2024-03-15 16:44:40.472686,0.8,27772.686004638672
5220,2024-03-15 16:44:40.535077,0.815,27835.077047348022
5230,2024-03-15 16:44:40.599569,0.84,27899.569034576416
5240,2024-03-15 16:44:40.663377,0.8,27963.376998901367
5250,2024-03-15 16:44:40.727349,0.765,28027.34899520874
5260,2024-03-15 16:44:40.789197,0.75,28089.196920394897
5270,2024-03-15 16:44:40.851164,0.73,28151.164054870605
5280,2024-03-15 16:44:40.917280,0.685,28217.27991104126
5290,2024-03-15 16:44:40.980931,0.665,28280.930995941162
5300,2024-03-15 16:44:41.043871,0.65,28343.870878219604
5310,2024-03-15 16:44:41.104913,0.655,28404.9129486084
5320,2024-03-15 16:44:41.168462,0.62,28468.461990356445
5330,2024-03-15 16:44:41.231786,0.645,28531.78596496582
5340,2024-03-15 16:44:41.292656,0.625,28592.655897140503
5350,2024-03-15 16:44:41.354906,0.62,28654.906034469604
5360,2024-03-15 16:44:41.417775,0.635,28717.774868011475
5370,2024-03-15 16:44:41.480430,0.655,28780.42984008789
5380,2024-03-15 16:44:41.543913,0.655,28843.912839889526
5390,2024-03-15 16:44:41.602667,0.695,28902.66704559326
5400,2024-03-15 16:44:41.665530,0.655,28965.529918670654
5410,2024-03-15 16:44:41.728719,0.69,29028.718948364258
5420,2024-03-15 16:44:41.795853,0.665,29095.852851867676
5430,2024-03-15 16:44:41.857423,0.76,29157.42301940918
5440,2024-03-15 16:44:41.926838,0.66,29226.837873458862
5450,2024-03-15 16:44:41.981168,0.625,29281.16798400879
5460,2024-03-15 16:44:42.043334,0.71,29343.333959579468
5470,2024-03-15 16:44:42.106046,0.76,29406.04591369629
5480,2024-03-15 16:44:42.170265,0.755,29470.26491165161
5490,2024-03-15 16:44:42.235668,0.845,29535.667896270752
5500,2024-03-15 16:44:42.302615,0.945,29602.614879608154
5510,2024-03-15 16:44:42.367831,1.015,29667.83094406128
5520,2024-03-15 16:44:42.437612,1.065,29737.612009048462
5530,2024-03-15 16:44:42.500309,1.1,29800.3089427948
5540,2024-03-15 16:44:42.568780,1.17,29868.77989768982
5550,2024-03-15 16:44:42.639499,1.23,29939.498901367188
5560,2024-03-15 16:44:42.710994,1.245,30010.99395751953
5570,2024-03-15 16:44:42.779330,1.3,30079.32996749878
5580,2024-03-15 16:44:42.848956,1.465,30148.956060409546
5590,2024-03-15 16:44:42.920683,1.57,30220.682859420776
5600,2024-03-15 16:44:42.995586,1.57,30295.585870742798
5610,2024-03-15 16:44:43.071716,1.67,30371.716022491455
5620,2024-03-15 16:44:43.146601,1.775,30446.600914001465
5630,2024-03-15 16:44:43.225564,1.855,30525.563955307007
5640,2024-03-15 16:44:43.302615,1.925,30602.614879608154
5650,2024-03-15 16:44:43.381902,2.045,30681.901931762695
5660,2024-03-15 16:44:43.458774,2.15,30758.774042129517
5670,2024-03-15 16:44:43.535686,2.21,30835.685968399048
5680,2024-03-15 16:44:43.613725,2.26,30913.724899291992
5690,2024-03-15 16:44:43.693352,2.325,30993.351936340332
5700,2024-03-15 16:44:43.782117,2.375,31082.116842269897
5710,2024-03-15 16:44:43.875003,2.465,31175.003051757812
5720,2024-03-15 16:44:43.966223,2.48,31266.222953796387
5730,2024-03-15 16:44:44.064838,2.605,31364.837884902954
5740,2024-03-15 16:44:44.160685,2.685,31460.68501472473
5750,2024-03-15 16:44:44.254556,2.73,31554.555892944336
5760,2024-03-15 16:44:44.344521,2.815,31644.5209980011
5770,2024-03-15 16:44:44.438063,2.825,31738.062858581543
5780,2024-03-15 16:44:44.532291,2.91,31832.29088783264
5790,2024-03-15 16:44:44.635404,2.855,31935.404062271118
5800,2024-03-15 16:44:44.758386,2.92,32058.385848999023
5810,2024-03-15 16:44:44.884370,2.985,32184.370040893555
5820,2024-03-15 16:44:45.005432,2.95,32305.431842803955
5830,2024-03-15 16:44:45.135875,2.98,32435.874938964844
5840,2024-03-15 16:44:45.262337,3.01,32562.336921691895
5850,2024-03-15 16:44:45.375332,3.095,32675.332069396973
5860,2024-03-15 16:44:45.499176,3.085,32799.17597770691
5870,2024-03-15 16:44:45.635394,3.075,32935.394048690796
5880,2024-03-15 16:44:45.737955,3.13,33037.95504570007
5890,2024-03-15 16:44:45.858015,3.085,33158.01501274109
5900,2024-03-15 16:44:45.979663,3.065,33279.66284751892
5910,2024-03-15 16:44:46.103950,3.045,33403.94997596741
5920,2024-03-15 16:44:46.225077,3.1,33525.0768661499
5930,2024-03-15 16:44:46.327361,2.965,33627.36105918884
5940,2024-03-15 16:44:46.453537,3.05,33753.53693962097
5950,2024-03-15 16:44:46.575721,3.015,33875.7209777832
5960,2024-03-15 16:44:46.698788,3.075,33998.78787994385
5970,2024-03-15 16:44:46.826757,3.035,34126.7569065094
5980,2024-03-15 16:44:47.014104,3.08,34314.103841781616
5990,2024-03-15 16:44:47.150725,3.175,34450.724840164185
6000,2024-03-15 16:44:47.282425,3.215,34582.4248790741
6010,2024-03-15 16:44:47.404249,3.24,34704.248905181885
6020,2024-03-15 16:44:47.529233,3.24,34829.232931137085
6030,2024-03-15 16:44:47.651647,3.24,34951.64704322815
6040,2024-03-15 16:44:47.781603,3.29,35081.60305023193
6050,2024-03-15 16:44:47.954069,3.22,35254.06885147095
6060,2024-03-15 16:44:48.121202,3.17,35421.201944351196
6070,2024-03-15 16:44:48.245258,3.13,35545.25804519653
6080,2024-03-15 16:44:48.368914,3.12,35668.91384124756
6090,2024-03-15 16:44:48.495849,3.105,35795.84884643555
6100,2024-03-15 16:44:48.666038,3.115,35966.03798866272
6110,2024-03-15 16:44:48.851642,3.185,36151.641845703125
6120,2024-03-15 16:44:48.982980,3.24,36282.97996520996
6130,2024-03-15 16:44:49.108364,3.29,36408.36405754089
6140,2024-03-15 16:44:49.232211,3.33,36532.21106529236
6150,2024-03-15 16:44:49.396359,3.315,36696.35891914368
6160,2024-03-15 16:44:49.580522,3.34,36880.52201271057
6170,2024-03-15 16:44:49.727392,3.395,37027.39191055298
6180,2024-03-15 16:44:49.907612,3.435,37207.61203765869
6190,2024-03-15 16:44:50.071068,3.5,37371.06800079346
6200,2024-03-15 16:44:50.198748,3.495,37498.74806404114
6210,2024-03-15 16:44:50.330031,3.46,37630.03087043762
6220,2024-03-15 16:44:50.502762,3.5,37802.762031555176
6230,2024-03-15 16:44:50.686968,3.525,37986.96804046631
6240,2024-03-15 16:44:50.864737,3.585,38164.73698616028
6250,2024-03-15 16:44:50.991410,3.575,38291.409969329834
6260,2024-03-15 16:44:51.114996,3.535,38414.99590873718
6270,2024-03-15 16:44:51.261165,3.495,38561.16485595703
6280,2024-03-15 16:44:51.427462,3.535,38727.46205329895
6290,2024-03-15 16:44:51.552421,3.565,38852.421045303345
6300,2024-03-15 16:44:51.673889,3.495,38973.888874053955
6310,2024-03-15 16:44:51.798257,3.43,39098.257064819336
6320,2024-03-15 16:44:51.924706,3.42,39224.705934524536
6330,2024-03-15 16:44:52.087334,3.165,39387.33386993408
6340,2024-03-15 16:44:52.235311,3.02,39535.31098365784
6350,2024-03-15 16:44:52.369511,3.035,39669.51084136963
6360,2024-03-15 16:44:52.492017,2.965,39792.01698303223
6370,2024-03-15 16:44:52.614983,2.99,39914.98303413391
6380,2024-03-15 16:44:52.739410,3.04,40039.40987586975
6390,2024-03-15 16:44:52.918532,3.07,40218.53184700012
6400,2024-03-15 16:44:53.041978,3.17,40341.97783470154
6410,2024-03-15 16:44:53.168108,3.235,40468.10793876648
6420,2024-03-15 16:44:53.291542,3.32,40591.54200553894
6430,2024-03-15 16:44:53.413073,3.375,40713.07301521301
6440,2024-03-15 16:44:53.537070,3.405,40837.06998825073
6450,2024-03-15 16:44:53.692105,3.455,40992.10500717163
6460,2024-03-15 16:44:53.876998,3.505,41176.997900009155
6470,2024-03-15 16:44:54.062937,3.52,41362.93697357178
6480,2024-03-15 16:44:54.246659,3.59,41546.658992767334
6490,2024-03-15 16:44:54.431802,3.575,41731.801986694336
6500,2024-03-15 16:44:54.619098,3.595,41919.097900390625
6510,2024-03-15 16:44:54.802209,3.555,42102.208852767944
6520,2024-03-15 16:44:54.987301,3.535,42287.3010635376
6530,2024-03-15 16:44:55.164295,3.555,42464.29491043091
6540,2024-03-15 16:44:55.343724,3.54,42643.72396469116
6550,2024-03-15 16:44:55.531047,3.55,42831.04705810547
6560,2024-03-15 16:44:55.709742,3.61,43009.74202156067
6570,2024-03-15 16:44:55.852843,3.585,43152.84299850464
6580,2024-03-15 16:44:56.037364,3.51,43337.363958358765
6590,2024-03-15 16:44:56.224288,3.46,43524.287939071655
6600,2024-03-15 16:44:56.408657,3.455,43708.65702629089
6610,2024-03-15 16:44:56.562113,3.375,43862.1129989624
6620,2024-03-15 16:44:56.701833,3.375,44001.83296203613
6630,2024-03-15 16:44:56.825431,3.345,44125.431060791016
6640,2024-03-15 16:44:56.981646,3.335,44281.64601325989
6650,2024-03-15 16:44:57.109781,3.34,44409.780979156494
6660,2024-03-15 16:44:57.230591,3.315,44530.59101104736
6670,2024-03-15 16:44:57.353394,3.35,44653.39398384094
6680,2024-03-15 16:44:57.489525,3.325,44789.52503204346
6690,2024-03-15 16:44:57.673854,3.325,44973.854064941406
6700,2024-03-15 16:44:57.810680,3.395,45110.67986488342
6710,2024-03-15 16:44:57.934254,3.41,45234.25388336182
6720,2024-03-15 16:44:58.060563,3.43,45360.56303977966
6730,2024-03-15 16:44:58.184542,3.395,45484.54189300537
6740,2024-03-15 16:44:58.308878,3.385,45608.87789726257
6750,2024-03-15 16:44:58.433617,3.39,45733.617067337036
6760,2024-03-15 16:44:58.556516,3.37,45856.515884399414
6770,2024-03-15 16:44:58.705279,3.42,46005.27906417847
6780,2024-03-15 16:44:58.829968,3.45,46129.96792793274
6790,2024-03-15 16:44:58.953566,3.425,46253.56602668762
6800,2024-03-15 16:44:59.127944,3.395,46427.94394493103
6810,2024-03-15 16:44:59.314962,3.405,46614.96186256409
6820,2024-03-15 16:44:59.501000,3.375,46800.999879837036
6830,2024-03-15 16:44:59.661578,3.41,46961.57789230347
6840,2024-03-15 16:44:59.784224,3.405,47084.223985672
6850,2024-03-15 16:44:59.936922,3.39,47236.92202568054
6860,2024-03-15 16:45:00.123046,3.365,47423.04587364197
6870,2024-03-15 16:45:00.267596,3.45,47567.59595870972
6880,2024-03-15 16:45:00.391565,3.475,47691.56503677368
6890,2024-03-15 16:45:00.516591,3.495,47816.591024398804
6900,2024-03-15 16:45:00.639652,3.515,47939.65196609497
6910,2024-03-15 16:45:00.763303,3.515,48063.302993774414
6920,2024-03-15 16:45:00.888163,3.51,48188.16304206848
6930,2024-03-15 16:45:01.035378,3.5,48335.37793159485
6940,2024-03-15 16:45:01.160380,3.485,48460.37983894348
6950,2024-03-15 16:45:01.286464,3.525,48586.463928222656
6960,2024-03-15 16:45:01.407161,3.55,48707.16094970703
6970,2024-03-15 16:45:01.536951,3.55,48836.95101737976
6980,2024-03-15 16:45:01.720584,3.51,49020.58386802673
6990,2024-03-15 16:45:01.846026,3.475,49146.02589607239
7000,2024-03-15 16:45:01.970732,3.41,49270.731925964355
7010,2024-03-15 16:45:02.093622,3.305,49393.62192153931
7020,2024-03-15 16:45:02.217671,3.25,49517.67086982727
7030,2024-03-15 16:45:02.344389,3.21,49644.38891410828
7040,2024-03-15 16:45:02.466822,3.215,49766.82186126709
7050,2024-03-15 16:45:02.589206,3.2,49889.20593261719
7060,2024-03-15 16:45:02.716990,3.19,50016.98994636536
7070,2024-03-15 16:45:02.838171,3.18,50138.17095756531
7080,2024-03-15 16:45:02.960971,3.195,50260.97106933594
7090,2024-03-15 16:45:03.088536,3.17,50388.53597640991
7100,2024-03-15 16:45:03.209528,3.2,50509.527921676636
7110,2024-03-15 16:45:03.332541,3.2,50632.5409412384
7120,2024-03-15 16:45:03.457708,3.135,50757.707834243774
7130,2024-03-15 16:45:03.581553,3.165,50881.55293464661
7140,2024-03-15 16:45:03.704399,3.17,51004.399061203
7150,2024-03-15 16:45:03.829493,3.135,51129.49299812317
7160,2024-03-15 16:45:03.977196,3.145,51277.19593048096
7170,2024-03-15 16:45:04.100694,3.155,51400.69389343262
7180,2024-03-15 16:45:04.222534,3.2,51522.533893585205
7190,2024-03-15 16:45:04.345410,3.11,51645.41006088257
7200,2024-03-15 16:45:04.466388,3.095,51766.387939453125
7210,2024-03-15 16:45:04.589979,3.095,51889.978885650635
7220,2024-03-15 16:45:04.713739,3.155,52013.73887062073
7230,2024-03-15 16:45:04.839543,3.19,52139.54305648804
7240,2024-03-15 16:45:04.963007,3.215,52263.006925582886
7250,2024-03-15 16:45:05.086803,3.245,52386.80291175842
7260,2024-03-15 16:45:05.210481,3.31,52510.480880737305
7270,2024-03-15 16:45:05.334384,3.355,52634.38391685486
7280,2024-03-15 16:45:05.512405,3.37,52812.40487098694
7290,2024-03-15 16:45:05.696499,3.425,52996.49906158447
7300,2024-03-15 16:45:05.887319,3.33,53187.31904029846
7310,2024-03-15 16:45:06.069378,3.31,53369.377851486206
7320,2024-03-15 16:45:06.197739,3.24,53497.7388381958
7330,2024-03-15 16:45:06.335158,3.245,53635.1580619812
7340,2024-03-15 16:45:06.460970,3.205,53760.96987724304
7350,2024-03-15 16:45:06.582399,3.19,53882.39884376526
7360,2024-03-15 16:45:06.706117,3.225,54006.11686706543
7370,2024-03-15 16:45:06.831483,3.185,54131.48283958435
7380,2024-03-15 16:45:06.954128,3.165,54254.127979278564
7390,2024-03-15 16:45:07.078719,3.21,54378.718852996826
7400,2024-03-15 16:45:07.209869,3.23,54509.86886024475
7410,2024-03-15 16:45:07.341143,3.325,54641.14284515381
7420,2024-03-15 16:45:07.461795,3.315,54761.79504394531
7430,2024-03-15 16:45:07.586858,3.285,54886.857986450195
7440,2024-03-15 16:45:07.711337,3.225,55011.33704185486
7450,2024-03-15 16:45:07.834722,3.285,55134.721994400024
7460,2024-03-15 16:45:07.959120,3.28,55259.11998748779
7470,2024-03-15 16:45:08.084418,3.27,55384.41801071167
7480,2024-03-15 16:45:08.208620,3.22,55508.62002372742
7490,2024-03-15 16:45:08.330168,3.2,55630.167961120605
7500,2024-03-15 16:45:08.454287,3.175,55754.287004470825
7510,2024-03-15 16:45:08.580329,3.145,55880.3288936615
7520,2024-03-15 16:45:08.702946,3.19,56002.94589996338
7530,2024-03-15 16:45:08.828152,3.25,56128.15189361572
7540,2024-03-15 16:45:08.951087,3.315,56251.086950302124
7550,2024-03-15 16:45:09.079505,3.345,56379.504919052124
7560,2024-03-15 16:45:09.197113,3.37,56497.11298942566
7570,2024-03-15 16:45:09.323884,3.38,56623.883962631226
7580,2024-03-15 16:45:09.446277,3.38,56746.27685546875
7590,2024-03-15 16:45:09.570384,3.38,56870.383977890015
7600,2024-03-15 16:45:09.694261,3.32,56994.261026382446
7610,2024-03-15 16:45:09.819269,3.245,57119.26889419556
7620,2024-03-15 16:45:09.945992,3.175,57245.99194526672
7630,2024-03-15 16:45:10.065333,3.145,57365.33284187317
7640,2024-03-15 16:45:10.189891,3.19,57489.891052246094
7650,2024-03-15 16:45:10.313329,3.245,57613.32893371582
7660,2024-03-15 16:45:10.437280,3.265,57737.27989196777
7670,2024-03-15 16:45:10.563850,3.25,57863.84987831116
7680,2024-03-15 16:45:10.687761,3.225,57987.7610206604
7690,2024-03-15 16:45:10.808711,3.24,58108.7110042572
7700,2024-03-15 16:45:10.935459,3.28,58235.458850860596
7710,2024-03-15 16:45:11.059240,3.315,58359.24005508423
7720,2024-03-15 16:45:11.181291,3.325,58481.29105567932
7730,2024-03-15 16:45:11.307411,3.32,58607.41090774536
7740,2024-03-15 16:45:11.430901,3.285,58730.90100288391
7750,2024-03-15 16:45:11.552450,3.195,58852.449893951416
7760,2024-03-15 16:45:11.678218,3.09,58978.2178401947
7770,2024-03-15 16:45:11.799889,3.035,59099.889039993286
7780,2024-03-15 16:45:11.926061,2.875,59226.06086730957
7790,2024-03-15 16:45:12.039369,2.98,59339.36905860901
7800,2024-03-15 16:45:12.135724,2.94,59435.72402000427
7810,2024-03-15 16:45:12.227188,2.91,59527.18806266785
7820,2024-03-15 16:45:12.329855,2.865,59629.854917526245
7830,2024-03-15 16:45:12.424485,2.87,59724.48492050171
7840,2024-03-15 16:45:12.517649,2.89,59817.64888763428
7850,2024-03-15 16:45:12.609076,2.895,59909.07597541809
7860,2024-03-15 16:45:12.707775,2.89,60007.77506828308
7870,2024-03-15 16:45:12.795732,2.92,60095.73197364807
7880,2024-03-15 16:45:12.888342,2.885,60188.34185600281
7890,2024-03-15 16:45:12.983707,2.91,60283.70690345764
7900,2024-03-15 16:45:13.081666,2.915,60381.6659450531
7910,2024-03-15 16:45:13.170328,2.935,60470.327854156494
7920,2024-03-15 16:45:13.261538,2.975,60561.537981033325
7930,2024-03-15 16:45:13.355120,2.99,60655.11989593506
7940,2024-03-15 16:45:13.464083,2.975,60764.08290863037
7950,2024-03-15 16:45:13.587198,2.99,60887.197971343994
7960,2024-03-15 16:45:13.712845,3.005,61012.845039367676
7970,2024-03-15 16:45:13.834696,3.06,61134.6960067749
7980,2024-03-15 16:45:13.959170,3.13,61259.170055389404
7990,2024-03-15 16:45:14.082779,3.18,61382.77888298035
8000,2024-03-15 16:45:14.207089,3.235,61507.08889961243
8010,2024-03-15 16:45:14.331191,3.295,61631.19101524353
8020,2024-03-15 16:45:14.455294,3.3,61755.29384613037
8030,2024-03-15 16:45:14.578848,3.3,61878.84783744812
8040,2024-03-15 16:45:14.703411,3.32,62003.411054611206
8050,2024-03-15 16:45:14.826701,3.28,62126.70087814331
8060,2024-03-15 16:45:14.954783,3.24,62254.78291511536
8070,2024-03-15 16:45:15.076218,3.205,62376.21784210205
8080,2024-03-15 16:45:15.199137,3.175,62499.13692474365
8090,2024-03-15 16:45:15.322448,3.15,62622.4479675293
8100,2024-03-15 16:45:15.453544,3.115,62753.543853759766
8110,2024-03-15 16:45:15.570928,3.115,62870.928049087524
8120,2024-03-15 16:45:15.693620,3.115,62993.61991882324
8130,2024-03-15 16:45:15.816710,3.115,63116.70994758606
8140,2024-03-15 16:45:15.940067,3.12,63240.06700515747
8150,2024-03-15 16:45:16.064190,3.14,63364.189863204956
8160,2024-03-15 16:45:16.187276,3.155,63487.27583885193
8170,2024-03-15 16:45:16.311536,3.17,63611.53602600098
8180,2024-03-15 16:45:16.435687,3.165,63735.687017440796
8190,2024-03-15 16:45:16.559775,3.12,63859.77506637573
8200,2024-03-15 16:45:16.684518,3.13,63984.51805114746
8210,2024-03-15 16:45:16.806717,3.135,64106.7168712616
8220,2024-03-15 16:45:16.937326,3.08,64237.32590675354
8230,2024-03-15 16:45:17.060113,3.035,64360.11290550232
8240,2024-03-15 16:45:17.176637,3.05,64476.63688659668
8250,2024-03-15 16:45:17.267961,3.04,64567.96097755432
8260,2024-03-15 16:45:17.362860,3.025,64662.85991668701
8270,2024-03-15 16:45:17.461062,2.97,64761.061906814575
8280,2024-03-15 16:45:17.553580,3.03,64853.57999801636
8290,2024-03-15 16:45:17.647997,2.97,64947.996854782104
8300,2024-03-15 16:45:17.749831,3.035,65049.8309135437
8310,2024-03-15 16:45:17.857965,3.015,65157.96494483948
8320,2024-03-15 16:45:17.951837,3.08,65251.83701515198
8330,2024-03-15 16:45:18.046572,3.055,65346.571922302246
8340,2024-03-15 16:45:18.139938,3.07,65439.93806838989
8350,2024-03-15 16:45:18.245014,3.005,65545.01390457153
8360,2024-03-15 16:45:18.338136,3.03,65638.13591003418
8370,2024-03-15 16:45:18.433896,3.035,65733.89601707458
8380,2024-03-15 16:45:18.526200,3.04,65826.20000839233
8390,2024-03-15 16:45:18.618188,3.04,65918.1878566742
8400,2024-03-15 16:45:18.712420,3.01,66012.41993904114
8410,2024-03-15 16:45:18.819411,3.01,66119.4109916687
8420,2024-03-15 16:45:18.911338,2.99,66211.33804321289
8430,2024-03-15 16:45:19.004853,2.975,66304.8529624939
8440,2024-03-15 16:45:19.108071,2.975,66408.07104110718
8450,2024-03-15 16:45:19.190957,2.985,66490.95702171326
8460,2024-03-15 16:45:19.284512,2.96,66584.51199531555
8470,2024-03-15 16:45:19.378077,2.94,66678.07698249817
8480,2024-03-15 16:45:19.471206,2.94,66771.20590209961
8490,2024-03-15 16:45:19.596711,2.95,66896.71087265015
8500,2024-03-15 16:45:19.704098,3.02,67004.0979385376
8510,2024-03-15 16:45:19.800367,3.0,67100.36706924438
8520,2024-03-15 16:45:19.892126,2.935,67192.12603569031
8530,2024-03-15 16:45:19.984953,2.85,67284.95287895203
8540,2024-03-15 16:45:20.079313,2.83,67379.31299209595
8550,2024-03-15 16:45:20.170410,2.81,67470.4098701477
8560,2024-03-15 16:45:20.265633,2.84,67565.63305854797
8570,2024-03-15 16:45:20.357972,2.84,67657.97185897827
8580,2024-03-15 16:45:20.452394,2.86,67752.39396095276
8590,2024-03-15 16:45:20.544911,2.895,67844.91086006165
8600,2024-03-15 16:45:20.638325,2.93,67938.32492828369
8610,2024-03-15 16:45:20.731873,2.945,68031.87298774719
8620,2024-03-15 16:45:20.826663,2.94,68126.66296958923
8630,2024-03-15 16:45:20.922590,2.97,68222.58996963501
8640,2024-03-15 16:45:21.043884,2.91,68343.88399124146
8650,2024-03-15 16:45:21.150750,2.985,68450.74987411499
8660,2024-03-15 16:45:21.254139,2.94,68554.13889884949
8670,2024-03-15 16:45:21.361664,2.975,68661.66400909424
8680,2024-03-15 16:45:21.453752,2.97,68753.75199317932
8690,2024-03-15 16:45:21.545309,2.95,68845.30901908875
8700,2024-03-15 16:45:21.638798,2.91,68938.79795074463
8710,2024-03-15 16:45:21.734543,2.88,69034.54303741455
8720,2024-03-15 16:45:21.825141,2.86,69125.14090538025
8730,2024-03-15 16:45:21.919784,2.845,69219.78402137756
8740,2024-03-15 16:45:22.011952,2.84,69311.95187568665
8750,2024-03-15 16:45:22.106396,2.85,69406.39591217041
8760,2024-03-15 16:45:22.200765,2.845,69500.76484680176
8770,2024-03-15 16:45:22.292085,2.845,69592.08488464355
8780,2024-03-15 16:45:22.386079,2.83,69686.07902526855
8790,2024-03-15 16:45:22.478594,2.815,69778.59401702881
8800,2024-03-15 16:45:22.571001,2.83,69871.00100517273
8810,2024-03-15 16:45:22.665005,2.85,69965.00492095947
8820,2024-03-15 16:45:22.758629,2.88,70058.6290359497
8830,2024-03-15 16:45:22.852224,2.89,70152.22406387329
8840,2024-03-15 16:45:22.944188,2.895,70244.18807029724
8850,2024-03-15 16:45:23.038960,2.895,70338.95993232727
8860,2024-03-15 16:45:23.134444,2.9,70434.44395065308
8870,2024-03-15 16:45:23.225273,2.91,70525.27284622192
8880,2024-03-15 16:45:23.319051,2.93,70619.05097961426
8890,2024-03-15 16:45:23.414294,2.94,70714.29395675659
8900,2024-03-15 16:45:23.504670,2.955,70804.66985702515
8910,2024-03-15 16:45:23.601256,2.96,70901.25584602356
8920,2024-03-15 16:45:23.690585,2.98,70990.58485031128
8930,2024-03-15 16:45:23.785840,2.98,71085.83998680115
8940,2024-03-15 16:45:23.876753,2.98,71176.75304412842
8950,2024-03-15 16:45:23.970425,2.98,71270.42484283447
8960,2024-03-15 16:45:24.063736,2.97,71363.73591423035
8970,2024-03-15 16:45:24.159331,2.915,71459.33103561401
8980,2024-03-15 16:45:24.284392,2.91,71584.39207077026
8990,2024-03-15 16:45:24.381669,3.015,71681.66899681091
9000,2024-03-15 16:45:24.473798,3.035,71773.7979888916
9010,2024-03-15 16:45:24.568075,3.055,71868.07489395142
9020,2024-03-15 16:45:24.688347,3.01,71988.34705352783
9030,2024-03-15 16:45:24.789172,3.075,72089.17188644409
9040,2024-03-15 16:45:24.882007,3.07,72182.0068359375
9050,2024-03-15 16:45:24.975915,3.05,72275.91490745544
9060,2024-03-15 16:45:25.068815,3.04,72368.81494522095
9070,2024-03-15 16:45:25.162828,3.01,72462.8279209137
9080,2024-03-15 16:45:25.256055,2.96,72556.05506896973
9090,2024-03-15 16:45:25.347782,2.9,72647.78184890747
9100,2024-03-15 16:45:25.441438,2.85,72741.4379119873
9110,2024-03-15 16:45:25.534837,2.84,72834.83695983887
9120,2024-03-15 16:45:25.628160,2.86,72928.1599521637
9130,2024-03-15 16:45:25.723576,2.865,73023.57602119446
9140,2024-03-15 16:45:25.816568,2.88,73116.56785011292
9150,2024-03-15 16:45:25.909123,2.86,73209.12289619446
9160,2024-03-15 16:45:26.001616,2.87,73301.61595344543
9170,2024-03-15 16:45:26.096099,2.82,73396.0988521576
9180,2024-03-15 16:45:26.188014,2.845,73488.01398277283
9190,2024-03-15 16:45:26.282654,2.85,73582.65399932861
9200,2024-03-15 16:45:26.372955,2.88,73672.95503616333
9210,2024-03-15 16:45:26.467101,2.88,73767.10104942322
9220,2024-03-15 16:45:26.559405,2.83,73859.40504074097
9230,2024-03-15 16:45:26.660503,2.765,73960.5028629303
9240,2024-03-15 16:45:26.760061,2.84,74060.06097793579
9250,2024-03-15 16:45:26.852027,2.84,74152.02689170837
9260,2024-03-15 16:45:26.945771,2.835,74245.7709312439
9270,2024-03-15 16:45:27.039448,2.79,74339.44797515869
9280,2024-03-15 16:45:27.136447,2.78,74436.44690513611
9290,2024-03-15 16:45:27.227696,2.77,74527.69589424133
9300,2024-03-15 16:45:27.321121,2.75,74621.12092971802
9310,2024-03-15 16:45:27.415480,2.71,74715.47985076904
9320,2024-03-15 16:45:27.506521,2.7,74806.52093887329
9330,2024-03-15 16:45:27.600602,2.7,74900.60186386108
9340,2024-03-15 16:45:27.698815,2.715,74998.81505966187
9350,2024-03-15 16:45:27.786366,2.715,75086.36593818665
9360,2024-03-15 16:45:27.881362,2.675,75181.36191368103
9370,2024-03-15 16:45:27.972867,2.675,75272.86696434021
9380,2024-03-15 16:45:28.066956,2.67,75366.95599555969
9390,2024-03-15 16:45:28.160132,2.65,75460.13188362122
9400,2024-03-15 16:45:28.254150,2.655,75554.14986610413
9410,2024-03-15 16:45:28.345340,2.675,75645.33996582031
9420,2024-03-15 16:45:28.441361,2.695,75741.36090278625
9430,2024-03-15 16:45:28.533043,2.71,75833.04286003113
9440,2024-03-15 16:45:28.625779,2.71,75925.77886581421
9450,2024-03-15 16:45:28.721690,2.695,76021.68989181519
9460,2024-03-15 16:45:28.813161,2.7,76113.16084861755
9470,2024-03-15 16:45:28.907222,2.705,76207.22198486328
9480,2024-03-15 16:45:28.999692,2.69,76299.69191551208
9490,2024-03-15 16:45:29.093004,2.675,76393.00394058228
9500,2024-03-15 16:45:29.187860,2.665,76487.85996437073
9510,2024-03-15 16:45:29.283109,2.665,76583.10890197754
9520,2024-03-15 16:45:29.375044,2.665,76675.04405975342
9530,2024-03-15 16:45:29.465652,2.665,76765.65194129944
9540,2024-03-15 16:45:29.562711,2.665,76862.71095275879
9550,2024-03-15 16:45:29.653542,2.66,76953.54199409485
9560,2024-03-15 16:45:29.745771,2.66,77045.77088356018
9570,2024-03-15 16:45:29.844248,2.665,77144.24800872803
9580,2024-03-15 16:45:29.937301,2.68,77237.30087280273
9590,2024-03-15 16:45:30.026985,2.695,77326.98488235474
9600,2024-03-15 16:45:30.118160,2.705,77418.15996170044
9610,2024-03-15 16:45:30.213236,2.72,77513.2360458374
9620,2024-03-15 16:45:30.304681,2.715,77604.68101501465
9630,2024-03-15 16:45:30.400025,2.71,77700.02484321594
9640,2024-03-15 16:45:30.492859,2.725,77792.85883903503
9650,2024-03-15 16:45:30.586054,2.78,77886.05403900146
9660,2024-03-15 16:45:30.693588,2.755,77993.58797073364
9670,2024-03-15 16:45:30.798778,2.825,78098.77800941467
9680,2024-03-15 16:45:30.895077,2.83,78195.07694244385
9690,2024-03-15 16:45:30.982050,2.83,78282.04989433289
9700,2024-03-15 16:45:31.076777,2.83,78376.77693367004
9710,2024-03-15 16:45:31.168649,2.84,78468.64891052246
9720,2024-03-15 16:45:31.267457,2.84,78567.4569606781
9730,2024-03-15 16:45:31.358061,2.87,78658.06102752686
9740,2024-03-15 16:45:31.448566,2.915,78748.5659122467
9750,2024-03-15 16:45:31.563568,2.875,78863.56806755066
9760,2024-03-15 16:45:31.672442,2.965,78972.44191169739
9770,2024-03-15 16:45:31.764993,2.995,79064.99290466309
9780,2024-03-15 16:45:31.855638,3.04,79155.63797950745
9790,2024-03-15 16:45:31.949136,3.06,79249.13597106934
9800,2024-03-15 16:45:32.053250,2.985,79353.25002670288
9810,2024-03-15 16:45:32.156269,3.0,79456.26902580261
9820,2024-03-15 16:45:32.279895,3.045,79579.89501953125
9830,2024-03-15 16:45:32.404278,3.07,79704.27799224854
9840,2024-03-15 16:45:32.512146,3.115,79812.14594841003
9850,2024-03-15 16:45:32.628092,3.115,79928.09200286865
9860,2024-03-15 16:45:32.749739,3.1,80049.73888397217
9870,2024-03-15 16:45:32.875009,3.14,80175.00901222229
9880,2024-03-15 16:45:32.996597,3.135,80296.59700393677
9890,2024-03-15 16:45:33.120882,3.165,80420.88198661804
9900,2024-03-15 16:45:33.244466,3.18,80544.46601867676
9910,2024-03-15 16:45:33.369276,3.175,80669.27599906921
9920,2024-03-15 16:45:33.499767,3.145,80799.7670173645
9930,2024-03-15 16:45:33.619322,3.11,80919.32201385498
9940,2024-03-15 16:45:33.741784,3.1,81041.78404808044
9950,2024-03-15 16:45:33.871305,3.135,81171.30494117737
9960,2024-03-15 16:45:33.989622,3.115,81289.62206840515
9970,2024-03-15 16:45:34.116820,3.075,81416.82004928589
9980,2024-03-15 16:45:34.237166,3.07,81537.16588020325
9990,2024-03-15 16:45:34.363789,3.03,81663.78903388977
10000,2024-03-15 16:45:34.483477,2.995,81783.47706794739
10010,2024-03-15 16:45:34.587247,3.045,81887.24684715271
10020,2024-03-15 16:45:34.679350,3.025,81979.34985160828
10030,2024-03-15 16:45:34.775027,2.995,82075.02698898315
10040,2024-03-15 16:45:34.866045,2.955,82166.04495048523
10050,2024-03-15 16:45:34.959179,2.925,82259.17887687683
10060,2024-03-15 16:45:35.052644,2.87,82352.6439666748
10070,2024-03-15 16:45:35.146191,2.835,82446.19083404541
10080,2024-03-15 16:45:35.239874,2.815,82539.87383842468
10090,2024-03-15 16:45:35.334399,2.795,82634.39893722534
10100,2024-03-15 16:45:35.427098,2.775,82727.09798812866
10110,2024-03-15 16:45:35.522778,2.805,82822.77798652649
10120,2024-03-15 16:45:35.614789,2.79,82914.78896141052
10130,2024-03-15 16:45:35.706815,2.725,83006.81495666504
10140,2024-03-15 16:45:35.798947,2.75,83098.94704818726
10150,2024-03-15 16:45:35.892054,2.79,83192.05403327942
10160,2024-03-15 16:45:35.985865,2.75,83285.86506843567
10170,2024-03-15 16:45:36.078976,2.72,83378.9758682251
10180,2024-03-15 16:45:36.173081,2.73,83473.08087348938
10190,2024-03-15 16:45:36.266317,2.745,83566.31684303284
10200,2024-03-15 16:45:36.360605,2.74,83660.60495376587
10210,2024-03-15 16:45:36.453412,2.73,83753.41200828552
10220,2024-03-15 16:45:36.545985,2.745,83845.9849357605
10230,2024-03-15 16:45:36.639655,2.75,83939.6550655365
10240,2024-03-15 16:45:36.733271,2.745,84033.27083587646
10250,2024-03-15 16:45:36.828453,2.735,84128.45301628113
10260,2024-03-15 16:45:36.920270,2.73,84220.26991844177
10270,2024-03-15 16:45:37.014579,2.695,84314.57901000977
10280,2024-03-15 16:45:37.108373,2.675,84408.37287902832
10290,2024-03-15 16:45:37.198779,2.7,84498.77905845642
10300,2024-03-15 16:45:37.292198,2.735,84592.19789505005
10310,2024-03-15 16:45:37.384560,2.745,84684.5600605011
10320,2024-03-15 16:45:37.478575,2.77,84778.57494354248
10330,2024-03-15 16:45:37.573678,2.785,84873.67796897888
10340,2024-03-15 16:45:37.667009,2.78,84967.0090675354
10350,2024-03-15 16:45:37.762469,2.75,85062.46900558472
10360,2024-03-15 16:45:37.885031,2.77,85185.03093719482
10370,2024-03-15 16:45:38.010989,2.76,85310.98890304565
10380,2024-03-15 16:45:38.137185,2.77,85437.185049057
10390,2024-03-15 16:45:38.261267,2.77,85561.26689910889
10400,2024-03-15 16:45:38.380006,2.795,85680.00602722168
10410,2024-03-15 16:45:38.472786,2.835,85772.78590202332
10420,2024-03-15 16:45:38.566941,2.8,85866.94097518921
10430,2024-03-15 16:45:38.656708,2.83,85956.70795440674
10440,2024-03-15 16:45:38.762459,2.77,86062.4589920044
10450,2024-03-15 16:45:38.855902,2.825,86155.90190887451
10460,2024-03-15 16:45:38.947208,2.795,86247.20788002014
10470,2024-03-15 16:45:39.061282,2.76,86361.28187179565
10480,2024-03-15 16:45:39.186463,2.815,86486.46306991577
10490,2024-03-15 16:45:39.310376,2.81,86610.37588119507
10500,2024-03-15 16:45:39.433429,2.855,86733.42895507812
10510,2024-03-15 16:45:39.556493,2.91,86856.49299621582
10520,2024-03-15 16:45:39.683155,2.95,86983.15501213074
10530,2024-03-15 16:45:39.808263,2.99,87108.26301574707
10540,2024-03-15 16:45:39.933950,3.085,87233.94989967346
10550,2024-03-15 16:45:40.074694,3.12,87374.69387054443
10560,2024-03-15 16:45:40.239306,3.075,87539.30592536926
10570,2024-03-15 16:45:40.394015,3.18,87694.01502609253
10580,2024-03-15 16:45:40.542113,3.305,87842.11301803589
10590,2024-03-15 16:45:40.706410,3.275,88006.40988349915
10600,2024-03-15 16:45:40.851223,3.285,88151.22294425964
10610,2024-03-15 16:45:40.975962,3.285,88275.96187591553
10620,2024-03-15 16:45:41.098648,3.255,88398.64802360535
10630,2024-03-15 16:45:41.222642,3.235,88522.64189720154
10640,2024-03-15 16:45:41.382441,3.185,88682.44099617004
10650,2024-03-15 16:45:41.554605,3.17,88854.60495948792
10660,2024-03-15 16:45:41.710312,3.15,89010.31184196472
10670,2024-03-15 16:45:41.836196,3.13,89136.19589805603
10680,2024-03-15 16:45:41.958065,3.06,89258.06498527527
10690,2024-03-15 16:45:42.100381,3.045,89400.38084983826
10700,2024-03-15 16:45:42.253343,3.02,89553.34305763245
10710,2024-03-15 16:45:42.374845,3.055,89674.84498023987
10720,2024-03-15 16:45:42.499568,3.08,89799.56793785095
10730,2024-03-15 16:45:42.623230,3.075,89923.22993278503
10740,2024-03-15 16:45:42.767087,3.115,90067.08693504333
10750,2024-03-15 16:45:42.888612,3.18,90188.61198425293
10760,2024-03-15 16:45:43.012933,3.19,90312.93296813965
10770,2024-03-15 16:45:43.171407,3.25,90471.40693664551
10780,2024-03-15 16:45:43.328451,3.37,90628.45087051392
10790,2024-03-15 16:45:43.451685,3.375,90751.68490409851
10800,2024-03-15 16:45:43.578521,3.375,90878.52096557617
10810,2024-03-15 16:45:43.699970,3.4,90999.96995925903
10820,2024-03-15 16:45:43.823890,3.405,91123.8899230957
10830,2024-03-15 16:45:43.947444,3.355,91247.44391441345
10840,2024-03-15 16:45:44.070986,3.385,91370.98598480225
10850,2024-03-15 16:45:44.206399,3.375,91506.3989162445
10860,2024-03-15 16:45:44.385555,3.375,91685.55498123169
10870,2024-03-15 16:45:44.571484,3.365,91871.48404121399
10880,2024-03-15 16:45:44.754924,3.335,92054.92401123047
10890,2024-03-15 16:45:44.939556,3.315,92239.55583572388
10900,2024-03-15 16:45:45.125577,3.3,92425.57692527771
10910,2024-03-15 16:45:45.309185,3.3,92609.18498039246
10920,2024-03-15 16:45:45.477140,3.31,92777.13990211487
10930,2024-03-15 16:45:45.601722,3.29,92901.7219543457
10940,2024-03-15 16:45:45.726952,3.25,93026.95202827454
10950,2024-03-15 16:45:45.848608,3.21,93148.60796928406
10960,2024-03-15 16:45:45.974078,3.185,93274.07789230347
10970,2024-03-15 16:45:46.097206,3.09,93397.20606803894
10980,2024-03-15 16:45:46.220512,3.145,93520.51186561584
10990,2024-03-15 16:45:46.345109,3.105,93645.10893821716
11000,2024-03-15 16:45:46.464809,3.19,93764.80889320374
11010,2024-03-15 16:45:46.591111,3.14,93891.11089706421
11020,2024-03-15 16:45:46.695300,3.155,93995.30005455017
11030,2024-03-15 16:45:46.819184,3.13,94119.1840171814
11040,2024-03-15 16:45:46.944092,3.17,94244.09198760986
11050,2024-03-15 16:45:47.067530,3.2,94367.52986907959
11060,2024-03-15 16:45:47.190757,3.19,94490.75698852539
11070,2024-03-15 16:45:47.314591,3.225,94614.590883255
11080,2024-03-15 16:45:47.439560,3.235,94739.55988883972
11090,2024-03-15 16:45:47.562804,3.225,94862.80393600464
11100,2024-03-15 16:45:47.686532,3.21,94986.53197288513
11110,2024-03-15 16:45:47.810085,3.215,95110.08501052856
11120,2024-03-15 16:45:47.935688,3.24,95235.68797111511
11130,2024-03-15 16:45:48.061953,3.275,95361.95302009583
11140,2024-03-15 16:45:48.183589,3.28,95483.5889339447
11150,2024-03-15 16:45:48.305691,3.295,95605.69095611572
11160,2024-03-15 16:45:48.432066,3.29,95732.0659160614
11170,2024-03-15 16:45:48.554845,3.28,95854.84504699707
11180,2024-03-15 16:45:48.679278,3.295,95979.27784919739
11190,2024-03-15 16:45:48.804616,3.3,96104.61592674255
11200,2024-03-15 16:45:48.928611,3.295,96228.61099243164
11210,2024-03-15 16:45:49.052142,3.315,96352.14185714722
11220,2024-03-15 16:45:49.173601,3.315,96473.6008644104
11230,2024-03-15 16:45:49.299332,3.335,96599.33185577393
11240,2024-03-15 16:45:49.423110,3.335,96723.10996055603
11250,2024-03-15 16:45:49.547703,3.305,96847.7029800415
11260,2024-03-15 16:45:49.669316,3.28,96969.31600570679
11270,2024-03-15 16:45:49.793044,3.28,97093.04404258728
11280,2024-03-15 16:45:49.917273,3.255,97217.27299690247
11290,2024-03-15 16:45:50.043193,3.215,97343.19305419922
11300,2024-03-15 16:45:50.166619,3.21,97466.61901473999
11310,2024-03-15 16:45:50.290787,3.17,97590.78693389893
11320,2024-03-15 16:45:50.413490,3.135,97713.49000930786
11330,2024-03-15 16:45:50.537691,3.08,97837.69106864929
11340,2024-03-15 16:45:50.661271,3.025,97961.27104759216
11350,2024-03-15 16:45:50.785332,2.975,98085.33191680908
11360,2024-03-15 16:45:50.907762,3.015,98207.76200294495
11370,2024-03-15 16:45:51.017033,2.925,98317.03305244446
11380,2024-03-15 16:45:51.113939,2.965,98413.93899917603
11390,2024-03-15 16:45:51.208987,2.94,98508.98694992065
11400,2024-03-15 16:45:51.302136,2.945,98602.13589668274
11410,2024-03-15 16:45:51.396376,2.93,98696.3758468628
11420,2024-03-15 16:45:51.487190,2.94,98787.18996047974
11430,2024-03-15 16:45:51.593436,2.805,98893.43595504761
11440,2024-03-15 16:45:51.686795,2.87,98986.79494857788
11450,2024-03-15 16:45:51.785362,2.9,99085.36195755005
11460,2024-03-15 16:45:51.907920,2.96,99207.91983604431
11470,2024-03-15 16:45:52.009251,3.02,99309.25107002258
11480,2024-03-15 16:45:52.108562,2.975,99408.56194496155
11490,2024-03-15 16:45:52.216904,2.835,99516.9038772583
11500,2024-03-15 16:45:52.308077,2.93,99608.07704925537
11510,2024-03-15 16:45:52.400367,2.9,99700.36697387695
11520,2024-03-15 16:45:52.517166,2.91,99817.16585159302
11530,2024-03-15 16:45:52.615409,2.97,99915.40884971619
11540,2024-03-15 16:45:52.710835,2.985,100010.83493232727
11550,2024-03-15 16:45:52.824991,2.95,100124.990940094
11560,2024-03-15 16:45:52.952343,2.96,100252.34293937683
11570,2024-03-15 16:45:53.072833,2.935,100372.83301353455
11580,2024-03-15 16:45:53.180765,2.915,100480.76486587524
11590,2024-03-15 16:45:53.274928,2.94,100574.92804527283
11600,2024-03-15 16:45:53.384351,2.92,100684.35096740723
11610,2024-03-15 16:45:53.489761,2.845,100789.76106643677
11620,2024-03-15 16:45:53.610728,2.84,100910.72797775269
11630,2024-03-15 16:45:53.733957,2.845,101033.95700454712
11640,2024-03-15 16:45:53.836048,2.85,101136.04784011841
11650,2024-03-15 16:45:53.939572,2.865,101239.57204818726
11660,2024-03-15 16:45:54.033004,2.87,101333.00399780273
11670,2024-03-15 16:45:54.127157,2.87,101427.15692520142
11680,2024-03-15 16:45:54.219715,2.875,101519.71507072449
11690,2024-03-15 16:45:54.315163,2.875,101615.16284942627
11700,2024-03-15 16:45:54.406622,2.9,101706.62188529968
11710,2024-03-15 16:45:54.501422,2.85,101801.42188072205
11720,2024-03-15 16:45:54.592875,2.845,101892.87495613098
11730,2024-03-15 16:45:54.686969,2.83,101986.96899414062
11740,2024-03-15 16:45:54.778947,2.8,102078.94706726074
11750,2024-03-15 16:45:54.874139,2.795,102174.13902282715
11760,2024-03-15 16:45:54.964960,2.795,102264.96005058289
11770,2024-03-15 16:45:55.060228,2.84,102360.22806167603
11780,2024-03-15 16:45:55.151891,2.805,102451.89094543457
11790,2024-03-15 16:45:55.259483,2.71,102559.48305130005
11800,2024-03-15 16:45:55.353132,2.84,102653.13196182251
11810,2024-03-15 16:45:55.446167,2.875,102746.16694450378
11820,2024-03-15 16:45:55.536532,2.865,102836.5318775177
11830,2024-03-15 16:45:55.629616,2.91,102929.61597442627
11840,2024-03-15 16:45:55.724256,2.865,103024.25599098206
11850,2024-03-15 16:45:55.819448,2.8,103119.44794654846
11860,2024-03-15 16:45:55.913401,2.77,103213.40084075928
11870,2024-03-15 16:45:56.006215,2.74,103306.2150478363
11880,2024-03-15 16:45:56.099322,2.715,103399.32203292847
11890,2024-03-15 16:45:56.190564,2.7,103490.56386947632
11900,2024-03-15 16:45:56.284955,2.71,103584.95497703552
11910,2024-03-15 16:45:56.378455,2.69,103678.45487594604
11920,2024-03-15 16:45:56.472521,2.655,103772.52101898193
11930,2024-03-15 16:45:56.564119,2.625,103864.11905288696
11940,2024-03-15 16:45:56.657653,2.61,103957.6530456543
11950,2024-03-15 16:45:56.753773,2.565,104053.77292633057
11960,2024-03-15 16:45:56.844253,2.54,104144.25301551819
11970,2024-03-15 16:45:56.937329,2.51,104237.32900619507
11980,2024-03-15 16:45:57.029579,2.5,104329.57887649536
11990,2024-03-15 16:45:57.122803,2.505,104422.80292510986
12000,2024-03-15 16:45:57.210420,2.515,104510.41984558105
12010,2024-03-15 16:45:57.302833,2.505,104602.83303260803
12020,2024-03-15 16:45:57.394250,2.505,104694.24986839294
12030,2024-03-15 16:45:57.487525,2.51,104787.52493858337
12040,2024-03-15 16:45:57.585729,2.55,104885.72883605957
12050,2024-03-15 16:45:57.675007,2.555,104975.00705718994
12060,2024-03-15 16:45:57.768758,2.605,105068.75801086426
12070,2024-03-15 16:45:57.861231,2.6,105161.23104095459
12080,2024-03-15 16:45:57.953159,2.6,105253.1590461731
12090,2024-03-15 16:45:58.050934,2.585,105350.93402862549
12100,2024-03-15 16:45:58.141707,2.605,105441.70689582825
12110,2024-03-15 16:45:58.232984,2.62,105532.9840183258
12120,2024-03-15 16:45:58.326940,2.65,105626.94001197815
12130,2024-03-15 16:45:58.418694,2.65,105718.69397163391
12140,2024-03-15 16:45:58.517748,2.64,105817.74806976318
12150,2024-03-15 16:45:58.608201,2.645,105908.20097923279
12160,2024-03-15 16:45:58.699574,2.665,105999.57394599915
12170,2024-03-15 16:45:58.792703,2.655,106092.70286560059
12180,2024-03-15 16:45:58.884668,2.655,106184.66806411743
12190,2024-03-15 16:45:58.978643,2.66,106278.64289283752
12200,2024-03-15 16:45:59.071342,2.68,106371.34194374084
12210,2024-03-15 16:45:59.168686,2.66,106468.68586540222
12220,2024-03-15 16:45:59.257339,2.685,106557.33895301819
12230,2024-03-15 16:45:59.350941,2.685,106650.94089508057
12240,2024-03-15 16:45:59.444211,2.695,106744.21095848083
12250,2024-03-15 16:45:59.537173,2.7,106837.1729850769
12260,2024-03-15 16:45:59.630838,2.71,106930.83786964417
12270,2024-03-15 16:45:59.723824,2.71,107023.82397651672
12280,2024-03-15 16:45:59.818653,2.705,107118.65305900574
12290,2024-03-15 16:45:59.910534,2.69,107210.53385734558
12300,2024-03-15 16:46:00.003770,2.71,107303.77006530762
12310,2024-03-15 16:46:00.098698,2.71,107398.69785308838
12320,2024-03-15 16:46:00.189537,2.705,107489.53700065613
12330,2024-03-15 16:46:00.285570,2.705,107585.56985855103
12340,2024-03-15 16:46:00.376925,2.7,107676.92494392395
12350,2024-03-15 16:46:00.469319,2.695,107769.3190574646
12360,2024-03-15 16:46:00.564877,2.685,107864.87698554993
12370,2024-03-15 16:46:00.656723,2.67,107956.72297477722
12380,2024-03-15 16:46:00.750927,2.67,108050.92692375183
12390,2024-03-15 16:46:00.842639,2.67,108142.63892173767
12400,2024-03-15 16:46:00.936576,2.665,108236.57584190369
12410,2024-03-15 16:46:01.032236,2.68,108332.23605155945
12420,2024-03-15 16:46:01.122462,2.67,108422.46198654175
12430,2024-03-15 16:46:01.218578,2.675,108518.57805252075
12440,2024-03-15 16:46:01.311347,2.69,108611.34696006775
12450,2024-03-15 16:46:01.402779,2.705,108702.77905464172
12460,2024-03-15 16:46:01.496111,2.705,108796.11086845398
12470,2024-03-15 16:46:01.591837,2.69,108891.83688163757
12480,2024-03-15 16:46:01.682575,2.63,108982.57493972778
12490,2024-03-15 16:46:01.775639,2.51,109075.63900947571
12500,2024-03-15 16:46:01.868574,2.355,109168.57385635376
12510,2024-03-15 16:46:01.944983,2.125,109244.98295783997
12520,2024-03-15 16:46:02.024092,1.85,109324.09191131592
12530,2024-03-15 16:46:02.095083,1.52,109395.08295059204
12540,2024-03-15 16:46:02.166893,1.16,109466.89295768738
12550,2024-03-15 16:46:02.229125,0.795,109529.12497520447
12560,2024-03-15 16:46:02.292712,0.5,109592.71192550659
12570,2024-03-15 16:46:02.347297,,109647.29690551758
