"(9,0,19)",0.4546593534176182
"(10,0,19)",0.4590400580975526
"(9,0,20)",0.4604557352053355
"(8,0,20)",0.4612322377351643
"(8,0,18)",0.4626196850786112
"(3,0,20)",0.46288840497930145
"(8,0,19)",0.4629234654624445
"(7,0,19)",0.4630566636241641
"(10,0,20)",0.4632146535367487
"(7,0,20)",0.4634743918884541
"(5,0,20)",0.4636515407771508
"(7,0,18)",0.4638160554017441
"(2,0,20)",0.46397074736581295
"(9,0,18)",0.4648653770505545
"(11,0,11)",0.46488021035599636
"(20,0,15)",0.4652749727994115
"(8,0,17)",0.4654162063093448
"(7,0,17)",0.4654294479861385
"(11,0,10)",0.4655687477300513
"(6,0,20)",0.4658278979371916
"(4,0,20)",0.46587241846203364
"(6,0,11)",0.4660015979290281
"(19,0,20)",0.4666986890741422
"(6,0,17)",0.4669252453793906
"(19,0,15)",0.4670052323668746
"(5,0,19)",0.46749925182131435
"(6,0,10)",0.46760356780726264
"(19,0,17)",0.46778581558615673
"(18,0,11)",0.467802827456823
"(1,0,20)",0.4678863388353492
"(9,0,15)",0.4680046975952539
"(18,0,20)",0.46804078801417476
"(7,0,15)",0.46837131383860775
"(11,0,14)",0.46840472719741033
"(4,0,19)",0.4685394387810024
"(6,0,19)",0.4690162284045951
"(6,0,16)",0.4690503424771264
"(20,0,14)",0.4693805074935073
"(18,0,16)",0.4694401950600004
"(3,0,19)",0.4694758774897069
"(6,0,18)",0.4694979950345977
"(5,0,17)",0.46957600703180097
"(11,0,15)",0.46960879306622866
"(4,0,17)",0.4696469463922409
"(17,0,11)",0.46985325594142463
"(20,0,20)",0.4698764522493303
"(2,0,17)",0.46988873070648934
"(9,0,11)",0.4700982995310941
"(15,0,20)",0.47016924335938026
"(19,0,14)",0.47018694095996405
"(9,0,16)",0.47021548089751053
"(12,0,11)",0.47023524799379285
"(7,0,16)",0.4702627938622156
"(2,0,19)",0.47035439651779476
"(19,0,11)",0.4703842824468428
"(8,0,16)",0.4704691622821946
"(12,0,14)",0.4704735382931384
"(17,0,20)",0.47053232971720976
"(20,0,17)",0.470718979844256
"(5,0,11)",0.4707428627191369
"(10,0,15)",0.4708035939255743
"(10,0,17)",0.4708269558612526
"(5,0,16)",0.47090524747924567
"(10,0,10)",0.470964796725368
"(8,0,15)",0.4712149300798698
"(5,0,10)",0.4712263740723764
"(19,0,16)",0.4713088091399883
"(5,0,18)",0.4713423850444775
"(18,0,14)",0.47137855647230903
"(13,0,11)",0.47147220680804236
"(3,0,17)",0.4715229378296255
"(3,0,18)",0.4715463788106426
"(17,0,15)",0.4715772420254374
"(2,0,18)",0.47158771366134006
"(10,0,11)",0.47174997697588306
"(10,0,12)",0.4718396846125175
"(20,0,11)",0.47203306432831466
"(18,0,15)",0.4720379373829391
"(11,0,13)",0.4720705315488467
"(12,0,13)",0.47210492298833606
"(6,0,12)",0.4722770757717681
"(12,0,15)",0.4722908212153706
"(9,0,17)",0.472299981876548
"(5,0,15)",0.4723655083899726
"(16,0,20)",0.4724775144012173
"(7,0,11)",0.47251588988300175
"(10,0,18)",0.47263328088307155
"(19,0,12)",0.4726792999319661
"(15,0,14)",0.4727185559790604
"(10,0,13)",0.4728153738431813
"(1,0,16)",0.4728974511883335
"(16,0,11)",0.47307342854779716
"(13,0,14)",0.4731193010471984
"(1,0,19)",0.47321399916571844
"(4,0,18)",0.47325627378184265
"(7,0,14)",0.47327203156416686
"(16,0,16)",0.47332900548397233
"(10,0,14)",0.47333107310246486
"(18,0,17)",0.47341572276389793
"(1,0,18)",0.4734295896027903
"(14,0,14)",0.47351054247168844
"(12,0,12)",0.47361532068245743
"(15,0,11)",0.47365668552254275
"(20,0,12)",0.47366393699932774
"(11,0,12)",0.4736985322000093
"(8,0,12)",0.473787597937246
"(1,0,17)",0.47383231096661904
"(14,0,11)",0.47386398372817223
"(2,0,15)",0.4740300369026236
"(14,0,12)",0.4741261121787379
"(9,0,10)",0.4741312247101997
"(7,0,12)",0.47420629333619224
"(7,0,13)",0.4742503803908189
"(5,0,12)",0.4742611636227857
"(9,0,13)",0.4743373263035236
"(20,0,16)",0.47443983883977087
"(2,0,16)",0.47453874811952534
"(8,0,13)",0.4745396017425967
"(7,0,10)",0.4746674245353171
"(4,0,15)",0.47507180660064074
"(17,0,16)",0.47508501564133704
"(18,0,12)",0.4751454275469139
"(8,0,14)",0.47531734139988885
"(17,0,17)",0.4753781213232913
"(18,0,18)",0.4754779311789004
"(14,0,15)",0.47570484296101145
"(14,0,13)",0.47575591734905615
"(19,0,19)",0.4757692449296248
"(6,0,14)",0.4758291578046214
"(4,0,11)",0.4758798805198391
"(17,0,12)",0.47602957750238595
"(16,0,17)",0.4761517093107456
"(8,0,10)",0.4761804130598078
"(17,0,14)",0.47623681047238087
"(20,0,13)",0.47643024616041424
"(19,0,13)",0.4764656777993583
"(20,0,19)",0.4765495939329825
"(5,0,14)",0.47672510557734804
"(14,0,20)",0.47673002295769706
"(17,0,13)",0.4768350081796047
"(17,0,18)",0.4768914267604277
"(15,0,16)",0.4769409340087458
"(13,0,20)",0.4771311592378323
"(5,0,13)",0.477214317478261
"(3,0,15)",0.47724714344021857
"(16,0,15)",0.47724867351412015
"(6,0,13)",0.47730496033662295
"(19,0,18)",0.477311241732047
"(9,0,14)",0.47760688016885794
"(15,0,15)",0.4777907513854618
"(15,0,17)",0.4780905788129077
"(4,0,16)",0.4782836419790585
"(16,0,14)",0.47831606682628847
"(18,0,19)",0.47853663453538586
"(18,0,13)",0.47884046141697045
"(20,0,18)",0.47911904902901764
"(1,0,15)",0.47918082863173733
"(10,0,16)",0.4792299683191541
"(13,0,15)",0.479239908412313
"(14,0,17)",0.479662952619736
"(14,0,16)",0.47995446549160964
"(13,0,12)",0.4801172365321812
"(13,0,13)",0.480273552981685
"(12,0,19)",0.4804553034274601
"(3,0,16)",0.4808615723200501
"(4,0,10)",0.48110844232890265
"(15,0,13)",0.4811140559624462
"(16,0,18)",0.4812095425145924
"(16,0,13)",0.48131000346274533
"(12,0,17)",0.4813654841178616
"(15,0,12)",0.4814791910765301
"(12,0,20)",0.4816284901767773
"(9,0,12)",0.48164588628266175
"(13,0,16)",0.48190984567603656
"(13,0,17)",0.48194159404049014
"(1,0,14)",0.48207883158980747
"(8,0,11)",0.4825931895344265
"(17,0,19)",0.48260228900555635
"(3,0,11)",0.4827300555090316
"(3,0,10)",0.482769713074755
"(6,0,15)",0.4828291693853774
"(2,0,14)",0.4832940405427815
"(16,0,12)",0.48345759846078634
"(12,0,16)",0.48405283103757785
"(11,0,20)",0.48443316567505246
"(15,0,18)",0.48457105270127265
"(1,0,13)",0.48512511795645846
"(13,0,19)",0.48514374279754074
"(4,0,12)",0.48534932595604535
"(3,0,14)",0.48542458705029157
"(15,0,19)",0.4865882864921833
"(13,0,18)",0.4873336345574968
"(16,0,19)",0.48737389818593846
"(12,0,18)",0.48752135979040356
"(4,0,14)",0.4884271388465939
"(14,0,19)",0.48870433881290465
"(1,0,12)",0.48919744797606324
"(2,0,10)",0.49123752606748144
"(14,0,18)",0.491440423962849
"(4,0,13)",0.49312784889427286
"(11,0,19)",0.4940702446406934
"(11,0,17)",0.4950798710386316
"(2,0,13)",0.497891468413061
"(3,0,12)",0.5012802155386704
"(1,0,11)",0.5018060356500933
"(11,0,16)",0.5063643815909158
"(3,0,13)",0.5067494365546876
"(11,0,18)",0.506939553009802
"(2,0,11)",0.5096760317509021
"(2,0,12)",0.5112478500375748
"(20,0,0)",0.5113794345856926
"(17,0,8)",0.5114876000289535
"(10,0,0)",0.5123473603740487
"(1,0,3)",0.5156069614836876
"(2,0,0)",0.5157045591687295
"(12,0,7)",0.5157915057833438
"(1,0,2)",0.5160802303074117
"(19,0,6)",0.5171696888301343
"(19,0,3)",0.5177410741582068
"(1,0,1)",0.5184745536062746
"(19,0,0)",0.5190816510853984
"(12,0,0)",0.519223376717059
"(12,0,4)",0.5192832540242556
"(15,0,8)",0.5193244776387093
"(9,0,0)",0.5198922230323018
"(1,0,0)",0.5199122208686123
"(9,0,3)",0.5199618874623388
"(16,0,8)",0.5201827571220786
"(15,0,5)",0.520252666254941
"(11,0,3)",0.5203808235717428
"(1,0,4)",0.520508906187727
"(4,0,2)",0.5205461383103588
"(14,0,3)",0.5206046641181451
"(3,0,1)",0.5206420212830343
"(19,0,2)",0.5209798150275363
"(12,0,2)",0.5210133900821885
"(13,0,4)",0.5210413863761684
"(14,0,8)",0.5210481427870057
"(3,0,2)",0.5211245944480906
"(3,0,0)",0.5213269426196653
"(13,0,0)",0.5214506698605527
"(12,0,3)",0.5215144850180015
"(16,0,6)",0.5215793050832347
"(16,0,7)",0.5216254506609579
"(11,0,1)",0.5219583020125056
"(14,0,4)",0.5219657897940152
"(15,0,4)",0.5220252666905543
"(13,0,2)",0.5222173512609374
"(14,0,0)",0.5222376527008145
"(13,0,1)",0.5222951897810038
"(18,0,0)",0.5228437009597934
"(15,0,6)",0.5228898230074973
"(4,0,1)",0.5229432433654669
"(13,0,3)",0.523070505417467
"(15,0,3)",0.5232827452128105
"(15,0,0)",0.5233258638243969
"(16,0,0)",0.5233398792449698
"(16,0,2)",0.5234117508726632
"(14,0,1)",0.5234496869021096
"(18,0,2)",0.5235064061667798
"(15,0,1)",0.5235912763513488
"(4,0,0)",0.5235925153935823
"(19,0,1)",0.5236699759561447
"(11,0,2)",0.5236916300797081
"(17,0,4)",0.523776603813089
"(12,0,5)",0.5238107126908197
"(17,0,0)",0.5238716420244636
"(13,0,8)",0.5239031811415653
"(18,0,4)",0.5239537076825074
"(15,0,2)",0.5239955496253523
"(16,0,4)",0.5240311503120835
"(11,0,0)",0.5240986488299486
"(18,0,3)",0.5241450081213705
"(7,0,4)",0.5241528770178968
"(2,0,4)",0.5241559742562291
"(3,0,4)",0.5241569847031534
"(2,0,1)",0.5241993663879544
"(17,0,6)",0.5242038808206729
"(16,0,3)",0.5242482250679921
"(12,0,1)",0.5243098853605587
"(17,0,2)",0.5243261737204848
"(17,0,7)",0.524371486404427
"(17,0,3)",0.5245284307241654
"(3,0,3)",0.5245293488757543
"(5,0,4)",0.5245322683542628
"(14,0,2)",0.5247123416888068
"(17,0,1)",0.5247458687042014
"(16,0,5)",0.5248340865784327
"(8,0,0)",0.5248883036304915
"(2,0,2)",0.525142370210377
"(13,0,5)",0.5251688737563661
"(2,0,3)",0.5253630305051532
"(14,0,5)",0.5254584268548826
"(11,0,6)",0.5255335157621959
"(16,0,1)",0.5255573454633103
"(7,0,0)",0.5258347788168393
"(5,0,0)",0.5258599460988026
"(19,0,7)",0.5259697639846993
"(18,0,1)",0.5261484282772859
"(12,0,10)",0.526531452525274
"(11,0,4)",0.5267899658011787
"(19,0,4)",0.5268172541285697
"(13,0,7)",0.5269103576336897
"(5,0,1)",0.5270068754725247
"(17,0,5)",0.5272114821609604
"(20,0,1)",0.5272404128082633
"(6,0,0)",0.5276934860974829
"(6,0,1)",0.5277015541165728
"(15,0,7)",0.5278813812250726
"(13,0,6)",0.5279297377456327
"(18,0,8)",0.5279461807093928
"(8,0,2)",0.5283371613280892
"(14,0,6)",0.5296429142243605
"(19,0,5)",0.5300954501060067
"(8,0,4)",0.5301586283310872
"(7,0,2)",0.530227406736044
"(5,0,2)",0.5307633702867266
"(12,0,8)",0.5313528203581956
"(18,0,6)",0.5314351719919862
"(19,0,8)",0.5338929785611826
"(3,0,5)",0.5341944278840691
"(4,0,4)",0.5344903210991995
"(1,0,6)",0.5345821481279227
"(20,0,8)",0.5346524185542835
"(12,0,6)",0.5346851889642918
"(7,0,6)",0.5351776085204656
"(6,0,2)",0.5355521845698492
"(19,0,10)",0.5361663931066316
"(6,0,6)",0.5365729240463548
"(4,0,3)",0.536799701222271
"(11,0,5)",0.5371173580607581
"(18,0,7)",0.5371277296997835
"(9,0,6)",0.5375710191244619
"(9,0,5)",0.5377346203840835
"(11,0,8)",0.5384598153053651
"(8,0,6)",0.5403041952369294
"(18,0,5)",0.5408158458893606
"(20,0,2)",0.5414670547880697
"(17,0,9)",0.5415858856953759
"(7,0,7)",0.5424217007496444
"(9,0,8)",0.5426249364114705
"(2,0,6)",0.5428483021475787
"(20,0,7)",0.5429085107565695
"(20,0,6)",0.5432522578801267
"(10,0,6)",0.5434372063734519
"(8,0,5)",0.5436372628449768
"(16,0,10)",0.5438274961337186
"(14,0,7)",0.5447409489016548
"(10,0,4)",0.5448229741688633
"(9,0,4)",0.5455839265968694
"(20,0,3)",0.5459078240659644
"(9,0,2)",0.5460249526931568
"(7,0,3)",0.5461340260102361
"(16,0,9)",0.5465198760898342
"(6,0,5)",0.5470954196640365
"(12,0,9)",0.5472371731643717
"(20,0,10)",0.5492242047377418
"(1,0,10)",0.5494880495873903
"(7,0,8)",0.5497110668314589
"(11,0,7)",0.5520999025318645
"(7,0,5)",0.552342348836947
"(10,0,8)",0.55270264350458
"(7,0,1)",0.552724320355372
"(10,0,3)",0.5528615264572115
"(20,0,9)",0.5539624723794424
"(6,0,7)",0.5540288095459032
"(10,0,2)",0.5548293301674417
"(8,0,8)",0.5548373722398215
"(18,0,10)",0.5554958763790675
"(5,0,8)",0.555612323039554
"(19,0,9)",0.5557297428433153
"(5,0,3)",0.5560672122163546
"(15,0,9)",0.5566909223345329
"(20,0,4)",0.5567484750863455
"(18,0,9)",0.5572861577657338
"(13,0,10)",0.5579062603850977
"(1,0,5)",0.5592716104543368
"(5,0,6)",0.5599636754284779
"(9,0,1)",0.5600271145936148
"(10,0,1)",0.5603585924402351
"(14,0,9)",0.5627411897831065
"(3,0,6)",0.5633557747690923
"(9,0,7)",0.5646692589042331
"(15,0,10)",0.5660179539432665
"(10,0,7)",0.566841765846431
"(6,0,3)",0.5671152554595564
"(2,0,5)",0.5693627644302097
"(8,0,1)",0.5693769055058421
"(20,0,5)",0.5694563402883269
"(8,0,7)",0.5697981831243948
"(8,0,3)",0.575784124866566
"(10,0,5)",0.5759712007676893
"(14,0,10)",0.5773144651413155
"(1,0,7)",0.5788823540750355
"(4,0,5)",0.5793532792826879
"(5,0,7)",0.5801927279454976
"(1,0,8)",0.5864251622607246
"(5,0,5)",0.5868968356528264
"(4,0,8)",0.590373059655373
"(10,0,9)",0.5910115820617348
"(9,0,9)",0.5912059340063536
"(4,0,7)",0.5980438971352546
"(11,0,9)",0.598098863371483
"(3,0,8)",0.5981163173613387
"(6,0,8)",0.6118280695955969
"(13,0,9)",0.6141143222180845
"(8,0,9)",0.6187936880593811
"(7,0,9)",0.6193039808178558
"(4,0,6)",0.6200527339908775
"(2,0,8)",0.6275679064184204
"(2,0,7)",0.6300178612887816
"(3,0,7)",0.6437598125210784
"(6,0,9)",0.6494550339946052
"(5,0,9)",0.676990799135833
"(4,0,9)",0.6926804266945508
"(3,0,9)",0.7758454216020182
"(2,0,9)",0.8233933594526719
"(1,0,9)",0.9663177056326917
