Date_Time,Wind_Speed,Wind_Speed_2D,H_direction,V_direction,U_axis,V_axis,W_axis
2024-04-19 14:16:50.262791,4.66,4.66,143.0,0.0,-2.83,3.7,0.0
2024-04-19 14:16:50.273763,4.56,4.14,138.0,25.0,-2.76,3.09,1.9
2024-04-19 14:16:50.291505,5.07,4.77,138.0,20.0,-3.21,3.52,1.73
2024-04-19 14:16:50.315894,5.29,5.0,139.0,19.0,-3.27,3.78,1.71
2024-04-19 14:16:50.344077,4.92,4.56,138.0,22.0,-3.06,3.39,1.84
2024-04-19 14:16:50.365897,4.78,4.36,138.0,24.0,-2.93,3.22,1.97
2024-04-19 14:16:50.393930,4.85,4.51,138.0,22.0,-3.02,3.35,1.8
2024-04-19 14:16:50.418996,4.58,4.29,136.0,20.0,-2.98,3.08,1.6
2024-04-19 14:16:50.441180,4.56,4.22,137.0,22.0,-2.86,3.11,1.73
2024-04-19 14:16:50.465900,4.58,4.21,137.0,23.0,-2.86,3.09,1.79
2024-04-19 14:16:50.491031,4.3,3.9,139.0,25.0,-2.54,2.96,1.81
2024-04-19 14:16:50.516047,4.28,4.28,142.0,0.0,-2.65,3.36,0.0
2024-04-19 14:16:50.541519,3.93,3.93,142.0,0.0,-2.42,3.09,0.0
2024-04-19 14:16:50.565888,4.32,4.32,142.0,0.0,-2.64,3.42,0.0
2024-04-19 14:16:50.594950,3.69,3.69,142.0,0.0,-2.26,2.92,0.0
2024-04-19 14:16:50.615886,4.46,4.46,142.0,0.0,-2.74,3.52,0.0
2024-04-19 14:16:50.640964,4.11,4.11,141.0,0.0,-2.59,3.19,0.0
2024-04-19 14:16:50.668472,4.2,4.2,142.0,0.0,-2.58,3.32,0.0
2024-04-19 14:16:50.690893,4.46,4.46,143.0,0.0,-2.67,3.57,0.0
2024-04-19 14:16:50.715891,4.01,4.01,145.0,0.0,-2.31,3.27,0.0
2024-04-19 14:16:50.741323,4.1,4.1,145.0,0.0,-2.35,3.36,0.0
2024-04-19 14:16:50.766115,3.96,3.96,144.0,0.0,-2.3,3.22,0.0
2024-04-19 14:16:50.792036,4.28,4.28,143.0,0.0,-2.59,3.41,0.0
2024-04-19 14:16:50.815891,4.55,4.55,142.0,0.0,-2.83,3.57,0.0
2024-04-19 14:16:50.844066,4.56,4.56,142.0,0.0,-2.81,3.59,0.0
2024-04-19 14:16:50.865895,3.48,3.48,142.0,0.0,-2.15,2.73,0.0
2024-04-19 14:16:50.890937,3.17,3.17,141.0,0.0,-1.98,2.47,0.0
2024-04-19 14:16:50.919173,2.9,2.9,141.0,0.0,-1.83,2.25,0.0
2024-04-19 14:16:50.940926,3.56,3.12,133.0,29.0,-2.28,2.13,1.72
2024-04-19 14:16:50.966044,3.76,3.29,137.0,29.0,-2.25,2.4,1.81
2024-04-19 14:16:50.991066,4.37,4.08,138.0,21.0,-2.72,3.04,1.56
2024-04-19 14:16:51.020930,4.13,3.85,139.0,21.0,-2.51,2.92,1.51
2024-04-19 14:16:51.041230,4.42,4.16,137.0,20.0,-2.84,3.04,1.48
2024-04-19 14:16:51.065901,4.36,4.05,136.0,22.0,-2.79,2.93,1.61
2024-04-19 14:16:51.094105,4.04,3.64,132.0,26.0,-2.7,2.44,1.74
2024-04-19 14:16:51.115900,4.01,3.64,134.0,25.0,-2.6,2.55,1.67
2024-04-19 14:16:51.141018,3.4,2.94,136.0,30.0,-2.03,2.13,1.71
2024-04-19 14:16:51.166254,3.64,3.21,137.0,28.0,-2.2,2.34,1.72
2024-04-19 14:16:51.190917,3.68,3.19,138.0,30.0,-2.14,2.36,1.83
2024-04-19 14:16:51.215895,3.17,3.17,141.0,0.0,-2.0,2.46,0.0
2024-04-19 14:16:51.241504,2.95,2.95,141.0,0.0,-1.86,2.29,0.0
2024-04-19 14:16:51.270913,3.12,3.12,142.0,0.0,-1.93,2.45,0.0
2024-04-19 14:16:51.291346,3.91,3.5,141.0,27.0,-2.21,2.71,1.75
2024-04-19 14:16:51.315919,3.68,3.18,139.0,30.0,-2.07,2.41,1.85
2024-04-19 14:16:51.344052,3.52,2.96,136.0,33.0,-2.06,2.13,1.89
2024-04-19 14:16:51.365943,3.33,2.87,139.0,30.0,-1.88,2.17,1.68
2024-04-19 14:16:51.390892,3.12,2.69,135.0,30.0,-1.92,1.89,1.57
2024-04-19 14:16:51.416135,3.19,2.74,132.0,31.0,-2.03,1.84,1.62
2024-04-19 14:16:51.441447,3.12,2.53,134.0,36.0,-1.81,1.78,1.82
2024-04-19 14:16:51.465888,3.12,2.62,137.0,33.0,-1.78,1.93,1.69
2024-04-19 14:16:51.490998,3.18,2.52,132.0,38.0,-1.87,1.69,1.94
2024-04-19 14:16:51.520828,3.3,2.87,136.0,30.0,-1.98,2.08,1.63
2024-04-19 14:16:51.540893,3.23,2.61,135.0,36.0,-1.84,1.85,1.89
2024-04-19 14:16:51.566473,2.93,2.36,134.0,36.0,-1.7,1.64,1.73
2024-04-19 14:16:51.592499,3.04,2.54,131.0,33.0,-1.9,1.68,1.67
2024-04-19 14:16:51.615915,3.18,2.63,125.0,34.0,-2.15,1.51,1.78
2024-04-19 14:16:51.640876,3.08,2.6,125.0,32.0,-2.13,1.5,1.64
2024-04-19 14:16:51.666159,3.16,2.57,124.0,35.0,-2.14,1.43,1.82
2024-04-19 14:16:51.691484,3.0,2.47,126.0,34.0,-2.0,1.46,1.69
2024-04-19 14:16:51.716143,3.13,2.54,122.0,36.0,-2.15,1.35,1.83
2024-04-19 14:16:51.740915,3.39,2.87,123.0,32.0,-2.4,1.57,1.82
2024-04-19 14:16:51.769647,3.35,2.83,124.0,33.0,-2.33,1.59,1.8
2024-04-19 14:16:51.790919,3.36,2.91,128.0,30.0,-2.31,1.77,1.69
2024-04-19 14:16:51.816317,3.41,2.98,125.0,29.0,-2.43,1.73,1.66
2024-04-19 14:16:51.844050,3.17,2.62,128.0,34.0,-2.06,1.62,1.79
2024-04-19 14:16:51.865872,3.01,2.39,127.0,37.0,-1.9,1.45,1.82
2024-04-19 14:16:51.890883,3.14,2.59,128.0,34.0,-2.04,1.6,1.76
2024-04-19 14:16:51.916590,2.9,2.39,129.0,35.0,-1.87,1.49,1.65
2024-04-19 14:16:51.941458,3.16,2.63,128.0,34.0,-2.09,1.6,1.75
2024-04-19 14:16:51.966032,3.85,3.52,126.0,24.0,-2.86,2.06,1.56
2024-04-19 14:16:51.990894,3.97,3.63,125.0,24.0,-2.99,2.06,1.62
2024-04-19 14:16:52.019306,3.92,3.51,124.0,27.0,-2.91,1.96,1.75
2024-04-19 14:16:52.040871,3.65,3.29,125.0,26.0,-2.71,1.86,1.59
2024-04-19 14:16:52.067215,3.73,3.33,122.0,27.0,-2.83,1.77,1.67
2024-04-19 14:16:52.092781,3.62,3.18,120.0,28.0,-2.74,1.61,1.72
2024-04-19 14:16:52.115883,3.53,3.13,121.0,28.0,-2.67,1.63,1.63
2024-04-19 14:16:52.140919,3.06,2.54,119.0,34.0,-2.21,1.24,1.7
2024-04-19 14:16:52.165879,3.34,2.93,118.0,29.0,-2.58,1.39,1.59
2024-04-19 14:16:52.191962,3.26,2.72,118.0,34.0,-2.4,1.27,1.8
2024-04-19 14:16:52.215868,3.16,2.69,120.0,31.0,-2.33,1.36,1.65
2024-04-19 14:16:52.240929,3.22,2.7,122.0,33.0,-2.28,1.44,1.76
2024-04-19 14:16:52.269806,3.33,2.85,123.0,31.0,-2.4,1.55,1.71
2024-04-19 14:16:52.291281,3.43,3.05,124.0,27.0,-2.55,1.69,1.56
2024-04-19 14:16:52.316089,3.48,3.12,123.0,26.0,-2.61,1.71,1.55
2024-04-19 14:16:52.343188,3.68,3.31,124.0,26.0,-2.74,1.85,1.6
2024-04-19 14:16:52.365873,3.76,3.41,124.0,25.0,-2.82,1.91,1.58
2024-04-19 14:16:52.390882,3.6,3.15,123.0,29.0,-2.65,1.7,1.74
2024-04-19 14:16:52.416622,3.62,3.23,122.0,27.0,-2.74,1.72,1.64
2024-04-19 14:16:52.441048,2.99,2.45,121.0,35.0,-2.09,1.28,1.73
2024-04-19 14:16:52.466592,3.2,2.74,122.0,31.0,-2.32,1.46,1.66
2024-04-19 14:16:52.490883,3.28,2.8,119.0,31.0,-2.45,1.35,1.71
2024-04-19 14:16:52.519947,3.59,3.18,119.0,27.0,-2.78,1.55,1.66
2024-04-19 14:16:52.541132,3.68,3.31,119.0,26.0,-2.89,1.61,1.62
2024-04-19 14:16:52.565921,3.29,2.77,116.0,33.0,-2.49,1.22,1.77
2024-04-19 14:16:52.593141,3.49,3.11,122.0,27.0,-2.63,1.66,1.58
2024-04-19 14:16:52.615852,3.2,2.81,119.0,29.0,-2.46,1.35,1.54
2024-04-19 14:16:52.641203,3.23,2.74,124.0,32.0,-2.28,1.51,1.72
2024-04-19 14:16:52.665883,3.18,2.68,124.0,33.0,-2.22,1.5,1.71
2024-04-19 14:16:52.691014,2.82,2.22,124.0,38.0,-1.85,1.24,1.74
2024-04-19 14:16:52.716537,2.91,2.3,129.0,38.0,-1.78,1.46,1.77
2024-04-19 14:16:52.741547,3.08,2.51,129.0,35.0,-1.96,1.58,1.79
2024-04-19 14:16:52.770283,2.94,2.22,129.0,41.0,-1.73,1.39,1.93
2024-04-19 14:16:52.790909,3.09,2.47,133.0,37.0,-1.8,1.69,1.87
2024-04-19 14:16:52.815894,3.3,2.71,135.0,35.0,-1.92,1.91,1.89
2024-04-19 14:16:52.842519,3.43,3.05,133.0,27.0,-2.22,2.09,1.56
2024-04-19 14:16:52.865886,3.55,3.19,134.0,26.0,-2.29,2.23,1.55
2024-04-19 14:16:52.891037,3.26,2.8,127.0,31.0,-2.23,1.7,1.65
2024-04-19 14:16:52.915858,3.31,2.87,129.0,30.0,-2.22,1.81,1.64
2024-04-19 14:16:52.941002,3.11,2.55,125.0,35.0,-2.09,1.47,1.78
2024-04-19 14:16:52.966317,3.06,2.46,125.0,36.0,-2.02,1.4,1.81
2024-04-19 14:16:52.990919,3.09,2.57,126.0,34.0,-2.08,1.51,1.72
2024-04-19 14:16:53.018915,3.05,2.33,131.0,40.0,-1.76,1.54,1.96
2024-04-19 14:16:53.040885,3.14,2.53,127.0,36.0,-2.02,1.53,1.86
2024-04-19 14:16:53.065907,3.08,2.54,127.0,35.0,-2.02,1.54,1.75
2024-04-19 14:16:53.091094,5.34,3.01,125.0,56.0,-2.45,1.75,4.41
2024-04-19 14:16:53.115904,3.47,3.12,123.0,26.0,-2.62,1.7,1.52
2024-04-19 14:16:53.140908,3.3,2.87,122.0,29.0,-2.43,1.54,1.62
2024-04-19 14:16:53.166502,3.36,2.86,123.0,31.0,-2.4,1.56,1.75
2024-04-19 14:16:53.190878,3.36,2.85,121.0,32.0,-2.43,1.48,1.78
2024-04-19 14:16:53.216273,3.43,2.99,120.0,29.0,-2.59,1.5,1.67
2024-04-19 14:16:53.240873,3.0,2.47,126.0,34.0,-2.01,1.44,1.69
2024-04-19 14:16:53.269467,3.27,2.9,132.0,28.0,-2.16,1.93,1.52
2024-04-19 14:16:53.290881,2.73,2.21,133.0,36.0,-1.61,1.52,1.61
2024-04-19 14:16:53.315915,2.63,2.02,135.0,40.0,-1.44,1.42,1.68
2024-04-19 14:16:53.344104,2.7,2.12,129.0,38.0,-1.65,1.33,1.67
2024-04-19 14:16:53.367179,2.92,2.41,125.0,34.0,-1.98,1.36,1.65
2024-04-19 14:16:53.390889,3.07,2.57,126.0,33.0,-2.09,1.5,1.68
2024-04-19 14:16:53.416122,3.17,2.72,132.0,31.0,-2.02,1.83,1.62
2024-04-19 14:16:53.440906,3.3,2.82,132.0,31.0,-2.09,1.89,1.72
2024-04-19 14:16:53.466928,3.15,2.65,128.0,33.0,-2.09,1.63,1.71
2024-04-19 14:16:53.492796,3.01,2.52,130.0,33.0,-1.93,1.63,1.64
2024-04-19 14:16:53.515855,3.16,2.66,133.0,33.0,-1.95,1.81,1.71
2024-04-19 14:16:53.540872,3.06,2.55,134.0,34.0,-1.83,1.78,1.7
2024-04-19 14:16:53.566998,3.05,2.47,135.0,36.0,-1.74,1.75,1.8
2024-04-19 14:16:53.595249,3.07,2.48,126.0,36.0,-2.0,1.47,1.81
2024-04-19 14:16:53.616444,3.25,2.67,128.0,35.0,-2.1,1.65,1.85
2024-04-19 14:16:53.640898,3.13,2.65,132.0,32.0,-1.96,1.79,1.66
2024-04-19 14:16:53.669812,3.06,2.6,131.0,32.0,-1.95,1.72,1.61
2024-04-19 14:16:53.691045,5.08,2.86,137.0,56.0,-1.95,2.09,4.2
2024-04-19 14:16:53.716186,2.97,2.38,135.0,37.0,-1.68,1.68,1.78
2024-04-19 14:16:53.741851,3.3,2.75,132.0,34.0,-2.05,1.84,1.83
2024-04-19 14:16:53.765858,3.45,3.02,136.0,29.0,-2.1,2.17,1.67
2024-04-19 14:16:53.790860,3.13,2.62,137.0,33.0,-1.8,1.9,1.71
2024-04-19 14:16:53.816897,3.28,2.63,133.0,37.0,-1.92,1.8,1.96
2024-04-19 14:16:53.840872,3.46,2.97,137.0,31.0,-2.03,2.17,1.76
2024-04-19 14:16:53.866297,3.3,2.79,140.0,32.0,-1.8,2.13,1.76
2024-04-19 14:16:53.890890,3.4,2.87,139.0,33.0,-1.89,2.16,1.83
2024-04-19 14:16:53.919787,3.58,3.1,140.0,30.0,-2.01,2.36,1.79
2024-04-19 14:16:53.941131,3.25,2.67,136.0,35.0,-1.87,1.91,1.85
2024-04-19 14:16:53.965877,3.45,3.0,141.0,29.0,-1.91,2.32,1.7
2024-04-19 14:16:53.991971,3.42,2.9,140.0,32.0,-1.88,2.21,1.81
2024-04-19 14:16:54.015980,5.46,3.24,139.0,54.0,-2.13,2.45,4.39
2024-04-19 14:16:54.042066,3.46,2.98,138.0,31.0,-1.99,2.21,1.76
2024-04-19 14:16:54.066410,3.3,2.81,137.0,32.0,-1.9,2.07,1.73
2024-04-19 14:16:54.090869,3.62,3.16,137.0,29.0,-2.15,2.32,1.75
2024-04-19 14:16:54.116201,3.51,3.09,138.0,28.0,-2.06,2.3,1.68
2024-04-19 14:16:54.140875,3.41,3.0,139.0,28.0,-1.96,2.27,1.62
2024-04-19 14:16:54.169166,3.67,3.27,137.0,27.0,-2.23,2.39,1.65
2024-04-19 14:16:54.190866,3.65,3.29,136.0,26.0,-2.28,2.36,1.59
2024-04-19 14:16:54.215874,3.46,3.05,137.0,28.0,-2.07,2.24,1.64
2024-04-19 14:16:54.241957,3.47,3.08,137.0,27.0,-2.09,2.26,1.59
2024-04-19 14:16:54.265863,3.71,3.27,137.0,28.0,-2.23,2.39,1.76
2024-04-19 14:16:54.290875,3.43,2.94,135.0,31.0,-2.06,2.09,1.78
2024-04-19 14:16:54.316140,3.57,3.15,136.0,28.0,-2.2,2.25,1.68
2024-04-19 14:16:54.344174,3.84,3.52,139.0,24.0,-2.29,2.67,1.55
2024-04-19 14:16:54.366130,4.02,3.73,136.0,22.0,-2.59,2.69,1.49
2024-04-19 14:16:54.390877,3.99,3.67,135.0,23.0,-2.58,2.62,1.57
2024-04-19 14:16:54.419240,3.84,3.49,131.0,25.0,-2.63,2.3,1.6
2024-04-19 14:16:54.440864,3.83,3.42,130.0,27.0,-2.61,2.21,1.72
2024-04-19 14:16:54.465860,3.68,3.3,128.0,26.0,-2.59,2.04,1.63
2024-04-19 14:16:54.491092,3.79,3.38,127.0,27.0,-2.71,2.02,1.73
2024-04-19 14:16:54.516769,3.84,3.54,128.0,23.0,-2.79,2.18,1.49
2024-04-19 14:16:54.540876,3.63,3.29,130.0,25.0,-2.53,2.1,1.55
2024-04-19 14:16:54.566054,3.62,3.23,128.0,27.0,-2.56,1.97,1.63
2024-04-19 14:16:54.594628,3.53,3.14,130.0,27.0,-2.42,2.01,1.61
2024-04-19 14:16:54.616075,3.65,3.3,128.0,25.0,-2.6,2.04,1.56
2024-04-19 14:16:54.641736,3.82,3.51,132.0,23.0,-2.61,2.36,1.51
2024-04-19 14:16:54.668378,3.61,3.24,129.0,26.0,-2.5,2.06,1.59
2024-04-19 14:16:54.690855,3.62,3.19,126.0,28.0,-2.57,1.89,1.71
2024-04-19 14:16:54.715865,3.72,3.32,123.0,27.0,-2.77,1.83,1.66
2024-04-19 14:16:54.742438,3.67,3.25,122.0,28.0,-2.76,1.71,1.71
2024-04-19 14:16:54.773137,3.59,3.22,124.0,26.0,-2.67,1.79,1.58
2024-04-19 14:16:54.790860,3.58,3.19,126.0,27.0,-2.58,1.88,1.62
2024-04-19 14:16:54.815879,3.74,3.34,124.0,27.0,-2.75,1.89,1.68
2024-04-19 14:16:54.844855,3.54,3.14,131.0,27.0,-2.37,2.07,1.62
2024-04-19 14:16:54.866579,3.93,3.56,127.0,25.0,-2.83,2.16,1.68
2024-04-19 14:16:54.891762,3.62,3.16,124.0,29.0,-2.61,1.78,1.75
2024-04-19 14:16:54.917298,3.43,2.93,125.0,31.0,-2.42,1.66,1.78
2024-04-19 14:16:54.940864,3.17,2.66,123.0,33.0,-2.23,1.46,1.72
2024-04-19 14:16:54.965880,3.29,2.75,130.0,33.0,-2.12,1.76,1.8
2024-04-19 14:16:54.992127,3.25,2.7,133.0,34.0,-1.98,1.84,1.8
2024-04-19 14:16:55.016247,3.23,2.7,127.0,33.0,-2.15,1.63,1.77
2024-04-19 14:16:55.040882,3.27,2.85,134.0,29.0,-2.06,1.98,1.59
2024-04-19 14:16:55.065857,3.55,3.09,138.0,29.0,-2.08,2.29,1.74
2024-04-19 14:16:55.095074,3.53,3.01,137.0,31.0,-2.05,2.2,1.84
2024-04-19 14:16:55.115893,3.14,2.68,135.0,31.0,-1.88,1.91,1.64
2024-04-19 14:16:55.141185,3.33,2.96,127.0,27.0,-2.36,1.79,1.53
2024-04-19 14:16:55.167148,3.41,3.08,130.0,25.0,-2.36,1.98,1.46
2024-04-19 14:16:55.190880,3.16,2.67,132.0,32.0,-1.97,1.8,1.69
2024-04-19 14:16:55.215863,3.29,2.84,132.0,30.0,-2.1,1.91,1.67
2024-04-19 14:16:55.241529,3.58,3.2,140.0,27.0,-2.05,2.45,1.6
2024-04-19 14:16:55.266270,3.72,3.38,136.0,25.0,-2.33,2.44,1.57
2024-04-19 14:16:55.290852,3.85,3.56,135.0,22.0,-2.52,2.51,1.47
2024-04-19 14:16:55.316783,3.75,3.45,135.0,23.0,-2.44,2.43,1.47
2024-04-19 14:16:55.345425,3.78,3.48,132.0,23.0,-2.57,2.35,1.46
2024-04-19 14:16:55.365848,3.84,3.51,127.0,24.0,-2.79,2.12,1.57
2024-04-19 14:16:55.391124,3.34,2.83,130.0,32.0,-2.18,1.81,1.77
2024-04-19 14:16:55.417351,3.75,3.44,129.0,23.0,-2.68,2.16,1.49
2024-04-19 14:16:55.440854,3.94,3.62,135.0,23.0,-2.58,2.54,1.57
2024-04-19 14:16:55.466855,3.62,3.21,136.0,28.0,-2.23,2.31,1.68
2024-04-19 14:16:55.491393,3.84,3.52,138.0,24.0,-2.37,2.61,1.54
2024-04-19 14:16:55.516110,3.15,2.67,132.0,32.0,-1.98,1.79,1.66
2024-04-19 14:16:55.540870,3.31,2.9,132.0,29.0,-2.15,1.95,1.6
2024-04-19 14:16:55.566240,3.38,3.0,133.0,27.0,-2.2,2.04,1.55
2024-04-19 14:16:55.593008,3.38,2.98,133.0,28.0,-2.16,2.04,1.61
2024-04-19 14:16:55.615875,3.08,2.61,130.0,32.0,-1.99,1.69,1.64
2024-04-19 14:16:55.640895,3.11,2.64,129.0,32.0,-2.04,1.67,1.65
2024-04-19 14:16:55.670087,3.4,2.98,133.0,29.0,-2.19,2.02,1.63
2024-04-19 14:16:55.691027,3.31,2.85,129.0,31.0,-2.21,1.81,1.69
2024-04-19 14:16:55.715859,3.01,2.51,129.0,33.0,-1.95,1.59,1.66
2024-04-19 14:16:55.741236,3.27,2.85,128.0,29.0,-2.24,1.76,1.6
2024-04-19 14:16:55.765889,3.36,2.9,124.0,30.0,-2.41,1.61,1.69
2024-04-19 14:16:55.791375,3.12,2.64,124.0,32.0,-2.18,1.47,1.66
2024-04-19 14:16:55.815852,2.92,2.53,130.0,30.0,-1.95,1.62,1.44
2024-04-19 14:16:55.844336,2.79,2.32,126.0,34.0,-1.87,1.37,1.55
2024-04-19 14:16:55.865857,2.96,2.56,125.0,30.0,-2.1,1.46,1.49
2024-04-19 14:16:55.890940,3.0,2.52,124.0,33.0,-2.1,1.4,1.63
2024-04-19 14:16:55.916921,3.22,2.76,122.0,31.0,-2.33,1.47,1.66
2024-04-19 14:16:55.940857,3.06,2.56,127.0,33.0,-2.05,1.53,1.67
2024-04-19 14:16:55.965882,3.03,2.52,125.0,34.0,-2.06,1.44,1.7
2024-04-19 14:16:55.990924,2.89,2.44,131.0,32.0,-1.85,1.6,1.53
2024-04-19 14:16:56.016089,2.68,2.24,124.0,34.0,-1.85,1.25,1.48
2024-04-19 14:16:56.041859,2.59,2.06,126.0,37.0,-1.68,1.2,1.56
2024-04-19 14:16:56.065858,2.62,2.19,123.0,33.0,-1.83,1.19,1.44
2024-04-19 14:16:56.094328,2.65,2.08,121.0,38.0,-1.78,1.07,1.64
2024-04-19 14:16:56.115852,2.6,2.15,124.0,34.0,-1.78,1.2,1.47
2024-04-19 14:16:56.141625,2.72,2.32,120.0,32.0,-2.0,1.17,1.43
2024-04-19 14:16:56.168804,2.75,2.23,121.0,36.0,-1.92,1.14,1.62
2024-04-19 14:16:56.190853,2.97,2.54,119.0,31.0,-2.22,1.23,1.55
2024-04-19 14:16:56.215853,2.92,2.38,118.0,35.0,-2.11,1.11,1.7
2024-04-19 14:16:56.240881,3.26,2.85,122.0,29.0,-2.43,1.5,1.58
2024-04-19 14:16:56.265859,3.07,2.62,118.0,31.0,-2.31,1.24,1.6
2024-04-19 14:16:56.291222,3.19,2.79,120.0,29.0,-2.43,1.38,1.54
2024-04-19 14:16:56.315861,3.09,2.73,119.0,28.0,-2.39,1.31,1.46
2024-04-19 14:16:56.344398,2.95,2.52,118.0,32.0,-2.22,1.19,1.55
2024-04-19 14:16:56.365868,2.85,2.39,117.0,33.0,-2.14,1.08,1.54
2024-04-19 14:16:56.390856,2.28,2.28,114.0,0.0,-2.08,0.92,0.0
2024-04-19 14:16:56.417146,2.43,2.43,114.0,0.0,-2.23,0.97,0.0
2024-04-19 14:16:56.440840,2.04,2.04,112.0,0.0,-1.89,0.77,0.0
2024-04-19 14:16:56.465848,2.38,2.38,111.0,0.0,-2.22,0.87,0.0
2024-04-19 14:16:56.492611,2.18,2.18,112.0,0.0,-2.03,0.81,0.0
2024-04-19 14:16:56.515832,2.12,2.12,112.0,0.0,-1.96,0.81,0.0
2024-04-19 14:16:56.541105,1.95,1.95,108.0,0.0,-1.85,0.62,0.0
2024-04-19 14:16:56.565844,2.85,2.85,116.0,0.0,-2.56,1.25,0.0
2024-04-19 14:16:56.593966,2.61,2.61,114.0,0.0,-2.38,1.07,0.0
2024-04-19 14:16:56.615845,2.39,2.39,115.0,0.0,-2.16,1.02,0.0
2024-04-19 14:16:56.640834,2.57,2.57,114.0,0.0,-2.34,1.06,0.0
2024-04-19 14:16:56.666191,2.16,2.16,115.0,0.0,-1.95,0.92,0.0
2024-04-19 14:16:56.691419,2.87,2.44,118.0,32.0,-2.16,1.14,1.52
2024-04-19 14:16:56.715812,2.25,2.25,112.0,0.0,-2.09,0.85,0.0
2024-04-19 14:16:56.740892,2.33,2.33,116.0,0.0,-2.1,1.02,0.0
2024-04-19 14:16:56.765852,2.87,2.4,118.0,33.0,-2.12,1.13,1.56
2024-04-19 14:16:56.791030,2.61,2.05,116.0,38.0,-1.85,0.89,1.62
2024-04-19 14:16:56.816333,2.61,2.1,119.0,37.0,-1.83,1.02,1.56
2024-04-19 14:16:56.843953,2.46,1.92,119.0,39.0,-1.68,0.92,1.55
2024-04-19 14:16:56.865824,2.47,1.93,120.0,39.0,-1.67,0.97,1.54
2024-04-19 14:16:56.890855,2.43,1.88,118.0,39.0,-1.66,0.88,1.53
2024-04-19 14:16:56.915960,2.5,2.03,118.0,36.0,-1.79,0.95,1.46
2024-04-19 14:16:56.941418,2.38,1.91,116.0,37.0,-1.72,0.83,1.42
2024-04-19 14:16:56.965996,2.61,2.13,117.0,35.0,-1.91,0.96,1.5
2024-04-19 14:16:56.990839,2.68,2.18,118.0,35.0,-1.92,1.03,1.55
2024-04-19 14:16:57.020322,2.71,2.25,119.0,34.0,-1.98,1.08,1.5
2024-04-19 14:16:57.040948,2.77,2.31,119.0,33.0,-2.03,1.11,1.52
2024-04-19 14:16:57.066248,2.64,2.2,118.0,34.0,-1.94,1.02,1.47
2024-04-19 14:16:57.094459,2.81,2.35,117.0,33.0,-2.1,1.06,1.54
2024-04-19 14:16:57.115851,2.05,2.05,116.0,0.0,-1.85,0.89,0.0
2024-04-19 14:16:57.140842,2.14,2.14,115.0,0.0,-1.94,0.9,0.0
2024-04-19 14:16:57.166209,2.95,2.47,118.0,33.0,-2.18,1.15,1.61
2024-04-19 14:16:57.191842,2.71,2.14,117.0,38.0,-1.91,0.96,1.67
2024-04-19 14:16:57.216322,2.87,2.43,118.0,32.0,-2.14,1.14,1.52
2024-04-19 14:16:57.241060,2.97,2.52,118.0,32.0,-2.23,1.19,1.57
2024-04-19 14:16:57.269655,2.83,2.35,120.0,34.0,-2.04,1.16,1.59
2024-04-19 14:16:57.290979,2.88,2.46,120.0,31.0,-2.14,1.22,1.49
2024-04-19 14:16:57.316360,2.86,2.37,119.0,34.0,-2.07,1.15,1.61
2024-04-19 14:16:57.344735,2.94,2.46,117.0,33.0,-2.19,1.12,1.61
2024-04-19 14:16:57.365856,2.88,2.4,118.0,34.0,-2.12,1.12,1.6
2024-04-19 14:16:57.390834,2.81,2.33,116.0,34.0,-2.09,1.03,1.57
2024-04-19 14:16:57.417703,3.0,2.56,119.0,31.0,-2.24,1.24,1.55
2024-04-19 14:16:57.441847,2.8,2.31,118.0,34.0,-2.04,1.08,1.59
2024-04-19 14:16:57.465836,2.83,2.32,117.0,35.0,-2.07,1.05,1.63
2024-04-19 14:16:57.491631,2.79,2.35,118.0,33.0,-2.08,1.09,1.5
2024-04-19 14:16:57.519605,2.75,2.33,119.0,32.0,-2.04,1.13,1.47
2024-04-19 14:16:57.541238,2.8,2.35,120.0,33.0,-2.03,1.19,1.52
2024-04-19 14:16:57.566905,2.65,2.06,119.0,39.0,-1.81,1.0,1.66
2024-04-19 14:16:57.592968,2.56,1.97,119.0,40.0,-1.73,0.95,1.63
2024-04-19 14:16:57.615839,2.87,2.5,124.0,30.0,-2.07,1.4,1.42
2024-04-19 14:16:57.640937,3.11,2.61,125.0,33.0,-2.15,1.49,1.68
2024-04-19 14:16:57.666609,2.92,2.44,126.0,33.0,-1.98,1.43,1.6
2024-04-19 14:16:57.691119,2.94,2.37,129.0,36.0,-1.84,1.49,1.74
2024-04-19 14:16:57.716407,2.98,2.5,129.0,33.0,-1.93,1.59,1.62
2024-04-19 14:16:57.740970,3.14,2.64,133.0,33.0,-1.93,1.8,1.7
2024-04-19 14:16:57.770316,2.98,2.5,129.0,33.0,-1.95,1.57,1.61
2024-04-19 14:16:57.790971,2.75,2.19,127.0,37.0,-1.74,1.32,1.66
2024-04-19 14:16:57.815854,3.0,2.56,126.0,32.0,-2.08,1.49,1.57
2024-04-19 14:16:57.842704,2.56,2.09,129.0,35.0,-1.62,1.33,1.47
2024-04-19 14:16:57.865853,2.6,2.08,125.0,37.0,-1.7,1.21,1.56
2024-04-19 14:16:57.891300,2.84,2.35,125.0,34.0,-1.92,1.35,1.59
2024-04-19 14:16:57.917448,2.7,2.13,124.0,38.0,-1.76,1.21,1.65
2024-04-19 14:16:57.940992,2.7,2.16,121.0,37.0,-1.84,1.12,1.62
2024-04-19 14:16:57.966293,2.74,2.24,121.0,35.0,-1.92,1.15,1.58
2024-04-19 14:16:57.990845,2.75,2.24,121.0,35.0,-1.92,1.15,1.59
2024-04-19 14:16:58.017788,2.81,2.27,116.0,36.0,-2.03,1.01,1.66
2024-04-19 14:16:58.040828,2.72,2.24,116.0,35.0,-2.01,0.98,1.56
2024-04-19 14:16:58.065859,2.75,2.27,118.0,34.0,-2.01,1.06,1.54
2024-04-19 14:16:58.092246,2.14,2.14,114.0,0.0,-1.96,0.87,0.0
2024-04-19 14:16:58.115828,1.97,1.97,113.0,0.0,-1.82,0.76,0.0
2024-04-19 14:16:58.141129,2.89,2.39,115.0,34.0,-2.16,1.02,1.63
2024-04-19 14:16:58.166421,2.58,2.14,118.0,34.0,-1.9,1.0,1.45
2024-04-19 14:16:58.190936,2.49,2.0,117.0,36.0,-1.78,0.91,1.48
2024-04-19 14:16:58.216247,2.28,1.74,117.0,40.0,-1.56,0.79,1.47
2024-04-19 14:16:58.242014,2.28,1.8,122.0,38.0,-1.52,0.96,1.41
2024-04-19 14:16:58.270434,2.48,1.97,120.0,37.0,-1.71,0.99,1.5
2024-04-19 14:16:58.292037,4.56,2.07,127.0,63.0,-1.65,1.25,4.07
2024-04-19 14:16:58.315966,2.28,1.74,126.0,40.0,-1.41,1.01,1.48
2024-04-19 14:16:58.341711,4.41,1.52,137.0,70.0,-1.03,1.12,4.14
2024-04-19 14:16:58.365843,1.3,1.3,142.0,0.0,-0.81,1.02,0.0
2024-04-19 14:16:58.390874,0.96,0.96,115.0,0.0,-0.87,0.41,0.0
2024-04-19 14:16:58.416367,0.91,0.91,114.0,0.0,-0.83,0.37,0.0
2024-04-19 14:16:58.444236,1.69,1.09,129.0,50.0,-0.84,0.69,1.3
2024-04-19 14:16:58.466219,1.77,1.05,121.0,53.0,-0.9,0.55,1.42
2024-04-19 14:16:58.493897,1.72,1.0,118.0,55.0,-0.88,0.47,1.4
2024-04-19 14:16:58.518949,2.01,1.12,138.0,56.0,-0.75,0.83,1.66
2024-04-19 14:16:58.540843,1.95,0.85,140.0,64.0,-0.55,0.65,1.76
2024-04-19 14:16:58.565828,1.95,1.17,134.0,53.0,-0.84,0.82,1.55
2024-04-19 14:16:58.592264,1.98,1.3,138.0,49.0,-0.87,0.97,1.49
2024-04-19 14:16:58.615895,1.79,1.18,133.0,49.0,-0.86,0.8,1.35
2024-04-19 14:16:58.640840,1.63,0.88,133.0,57.0,-0.65,0.6,1.37
2024-04-19 14:16:58.666015,2.12,1.51,139.0,45.0,-0.99,1.14,1.48
2024-04-19 14:16:58.690892,0.85,0.85,113.0,0.0,-0.78,0.33,0.0
2024-04-19 14:16:58.716595,1.83,1.24,136.0,48.0,-0.86,0.89,1.35
2024-04-19 14:16:58.741682,1.82,0.85,134.0,62.0,-0.61,0.59,1.6
2024-04-19 14:16:58.768835,0.93,0.93,146.0,0.0,-0.52,0.77,0.0
2024-04-19 14:16:58.793596,1.02,1.02,144.0,0.0,-0.6,0.83,0.0
2024-04-19 14:16:58.815813,2.03,1.02,123.0,60.0,-0.86,0.56,1.75
2024-04-19 14:16:58.846091,1.93,1.03,127.0,58.0,-0.82,0.62,1.63
2024-04-19 14:16:58.866413,2.17,1.67,137.0,40.0,-1.14,1.22,1.38
2024-04-19 14:16:58.890820,2.24,1.58,122.0,45.0,-1.34,0.84,1.58
2024-04-19 14:16:58.916309,2.38,1.61,115.0,48.0,-1.45,0.69,1.76
2024-04-19 14:16:58.945896,2.22,1.69,117.0,40.0,-1.51,0.76,1.44
2024-04-19 14:16:58.965871,2.23,1.85,118.0,34.0,-1.64,0.86,1.25
2024-04-19 14:16:58.991375,2.62,2.35,120.0,26.0,-2.03,1.18,1.16
2024-04-19 14:16:59.018646,2.14,2.14,115.0,0.0,-1.94,0.91,0.0
2024-04-19 14:16:59.040842,2.38,2.01,119.0,32.0,-1.76,0.98,1.26
2024-04-19 14:16:59.066585,2.57,2.13,121.0,34.0,-1.82,1.1,1.44
2024-04-19 14:16:59.090950,2.33,1.97,121.0,32.0,-1.69,1.0,1.24
2024-04-19 14:16:59.842082,2.22,1.77,119.0,37.0,-1.54,0.85,1.35
2024-04-19 14:17:00.594951,2.66,2.26,129.0,32.0,-1.76,1.42,1.41
2024-04-19 14:17:00.602116,2.6,1.99,130.0,40.0,-1.53,1.28,1.66
2024-04-19 14:17:00.659286,2.35,2.35,143.0,0.0,-1.43,1.87,0.0
2024-04-19 14:17:00.984835,2.45,2.45,156.0,0.0,-1.0,2.24,0.0
2024-04-19 14:17:05.380035,2.89,2.89,154.0,0.0,-1.26,2.6,0.0
2024-04-19 14:17:06.769383,2.87,2.87,150.0,0.0,-1.42,2.49,0.0
2024-04-19 14:17:06.771928,2.85,2.85,149.0,0.0,-1.45,2.45,0.0
2024-04-19 14:17:06.936496,3.2,3.2,142.0,0.0,-1.98,2.51,0.0
2024-04-19 14:17:07.112362,2.43,2.43,142.0,0.0,-1.49,1.91,0.0
2024-04-19 14:17:08.354561,2.77,2.26,139.0,35.0,-1.48,1.71,1.6
2024-04-19 14:17:08.686699,2.27,2.27,142.0,0.0,-1.4,1.79,0.0
2024-04-19 14:17:08.912353,2.2,2.2,141.0,0.0,-1.37,1.72,0.0
2024-04-19 14:17:09.892371,2.8,2.27,131.0,36.0,-1.71,1.49,1.64
2024-04-19 14:17:14.970938,2.82,2.44,139.0,30.0,-1.6,1.84,1.41
2024-04-19 14:17:18.022784,1.97,1.97,146.0,0.0,-1.11,1.62,0.0
2024-04-19 14:17:27.781858,1.95,1.95,152.0,0.0,-0.92,1.72,0.0
2024-04-19 14:17:37.458601,2.08,2.08,150.0,0.0,-1.05,1.8,0.0
2024-04-19 14:17:39.940791,2.42,2.42,149.0,0.0,-1.23,2.08,0.0
2024-04-19 14:17:42.885264,2.64,2.64,152.0,0.0,-1.25,2.32,0.0
2024-04-19 14:17:43.555757,2.56,2.56,149.0,0.0,-1.31,2.2,0.0
2024-04-19 14:17:43.648618,2.63,2.63,151.0,0.0,-1.29,2.3,0.0
2024-04-19 14:17:43.695060,2.8,2.8,151.0,0.0,-1.36,2.44,0.0
2024-04-19 14:17:43.733444,2.93,2.93,155.0,0.0,-1.22,2.66,0.0
2024-04-19 14:17:43.795298,3.09,3.09,158.0,0.0,-1.14,2.87,0.0
2024-04-19 14:17:43.941946,2.81,2.81,160.0,0.0,-0.98,2.63,0.0
