10795.526419,1003.,0.0,0.0,0.0,95.0,0.0,0.0,0.0
10827.540938,1003.,-0.019802332958883437,-0.02019837314973416,-0.019802332958883437,93.0,-0.02,0.06,-0.99
10845.542697,1003.,-0.019802332958883437,-0.02019837314973416,-0.019802332958883437,94.0,-0.01,0.06,-0.99
10873.750771,1003.,-0.019802332958883437,-0.02019837314973416,-0.019802332958883437,94.0,-0.02,0.06,-0.99
10897.699104,1003.,-0.019802332958883437,-0.02019837314973416,-0.019802332958883437,93.0,-0.02,0.06,-0.99
10921.984475,1003.,-0.019802332958883437,-0.02019837314973416,-0.019802332958883437,87.0,-0.02,0.06,-0.99
10948.626882,1003.,-0.019802332958883437,-0.02019837314973416,-0.019802332958883437,89.0,-0.02,0.06,-0.99
10970.321234,1003.,-0.019802332958883437,-0.02019837314973416,-0.019802332958883437,90.0,-0.02,0.06,-0.99
10992.175234,1003.,-0.01999933347332048,-0.00020000000133313378,-0.01999933347332048,92.0,-0.02,0.06,-0.99
11011.35066,1003.,-0.01999933347332048,-0.00020000000133313378,-0.01999933347332048,93.0,-0.02,0.06,-0.99
11035.432512,1003.,-0.01999933347332048,-0.00020000000133313378,-0.01999933347332048,91.0,-0.02,0.06,-0.99
11061.624901,1003.,-0.020000333348334228,0.0,0.0,90.0,-0.01,0.06,-0.99
11081.335919,1003.,-0.020000333348334228,0.0,0.0,90.0,-0.02,0.06,-0.99
11099.585456,1003.,-0.020000333348334228,0.0,0.0,90.0,-0.02,0.06,-0.99
11123.375641,1003.,-0.020000333348334228,0.0,0.0,93.0,-0.02,0.06,-1.0
11149.049234,1003.,-0.020000333348334228,0.0,0.0,91.0,-0.01,0.06,-1.0
11167.562012,1003.,-0.020000333348334228,0.0,0.0,92.0,-0.01,0.06,-0.99
11192.181678,1003.,-0.020000333348334228,0.0,0.0,92.0,-0.02,0.06,-0.99
11213.956067,1003.,-0.020000333348334228,0.0,0.0,96.0,-0.01,0.06,-0.99
11242.762567,1003.,-0.020000333348334228,0.0,0.0,92.0,-0.02,0.06,-0.99
11261.384975,1003.,-0.020000333348334228,0.0,-0.0,89.0,-0.02,0.06,-0.99
11280.727289,1003.,-0.020000333348334228,0.0,-0.0,89.0,-0.02,0.06,-0.99
11305.343863,1003.,-0.020000333348334228,0.0,-0.0,96.0,-0.02,0.06,-0.99
11327.453178,1003.,-0.020000333348334228,0.0,-0.0,91.0,-0.02,0.06,-0.99
11346.599086,1003.,-0.020000333348334228,0.0,-0.0,92.0,-0.01,0.06,-0.99
11370.881141,1003.,-0.020000333348334228,0.0,-0.0,96.0,-0.02,0.06,-1.0
11389.344919,1003.,-0.020000333348334228,0.0,-0.0,95.0,-0.02,0.06,-0.99
11412.447789,1003.,-0.020000333348334228,0.0,-0.0,89.0,-0.02,0.06,-0.99
11438.940715,1003.,-0.020000333348334228,0.0,-0.0,95.0,-0.02,0.06,-0.99
11457.475104,1003.,-0.020000333348334228,0.0,-0.0,96.0,-0.02,0.06,-0.99
11477.548234,1003.,-0.020000333348334228,0.0,-0.0,90.0,-0.02,0.06,-0.99
11501.959197,1003.,-0.020000333348334228,0.0,-0.0,96.0,-0.02,0.06,-0.99
11524.745419,1003.,-0.020000333348334228,0.0,-0.0,92.0,-0.02,0.06,-0.99
11543.068382,1003.,-0.020000333348334228,0.0,-0.0,89.0,-0.02,0.06,-0.99
11566.623419,1003.,-0.020000333348334228,0.0,-0.0,92.0,-0.02,0.06,-0.99
11585.062215,1003.,-0.020000333348334228,0.0,-0.0,95.0,-0.02,0.06,-0.99
11611.188178,1003.,-0.020000333348334228,0.0,-0.0,89.0,-0.02,0.06,-1.0
11636.040511,1003.,-0.020000333348334228,0.0,-0.0,93.0,-0.02,0.06,-1.0
11655.406863,1054.,-0.020000333348334228,0.0,-0.0,97.0,-0.02,0.06,-0.99
11682.580141,1048.,-0.020000333348334228,0.0,-0.0,94.0,-0.02,0.06,-0.99
11706.894604,1050.,-0.020000333348334228,0.0,-0.0,97.0,-0.02,0.06,-0.99
11724.579678,1049.,-0.020000333348334228,0.0,-0.0,92.0,-0.02,0.06,-0.99
11747.991326,1049.,-0.020000333348334228,0.0,-0.0,90.0,-0.02,0.06,-0.99
11766.325808,1049.,-0.020000333348334228,0.0,-0.0,88.0,-0.02,0.06,-0.99
11790.546826,1049.,-0.020000333348334228,0.0,-0.0,97.0,-0.02,0.06,-0.99
11816.737233,1049.,-0.020000333348334228,0.0,-0.0,97.0,-0.02,0.06,-0.99
11836.538178,1049.,-0.020000333348334228,0.0,-0.0,94.0,-0.02,0.06,-0.99
11856.278567,1049.,-0.020000333348334228,0.0,-0.0,95.0,-0.02,0.06,-0.99
11880.995085,1049.,-0.020000333348334228,0.0,-0.0,92.0,-0.08,0.11,-1.0
11903.038622,1049.,-0.020000333348334228,0.0,-0.0,94.0,0.0,0.02,-1.02
11921.761419,1049.,-0.020000333348334228,0.0,0.0,94.0,0.02,0.06,-0.96
11946.687696,1049.,-0.020000333348334228,0.0,-0.0,97.0,-0.1,0.09,-1.01
11965.083085,1049.,-0.020000333348334228,0.0,0.0,97.0,-0.06,0.02,-0.97
11988.710474,1048.,-0.020000333348334228,0.0,0.0,90.0,-0.01,0.1,-1.0
12013.233122,1048.,-0.020000333348334228,0.0,0.0,91.0,-0.03,0.06,-0.99
12031.126215,1048.,-0.020000333348334228,0.0,0.0,92.0,0.0,0.11,-0.99
12054.343048,1048.,-0.020000333348334228,0.0,0.0,89.0,0.01,0.06,-0.98
12073.871233,1048.,-0.020000333348334228,0.0,0.0,94.0,-0.01,0.07,-1.0
12092.816678,1048.,-0.020000333348334228,0.0,0.0,88.0,-0.02,0.06,-0.97
12115.240252,1048.,-0.020000333348334228,0.0,0.0,92.0,0.01,0.07,-0.99
12140.5654,1048.,-0.020000333348334228,0.0,0.0,90.0,-0.04,0.05,-1.01
12158.679418,1048.,-0.020000333348334228,0.0,0.0,94.0,-0.03,0.06,-0.99
12182.093789,1048.,-0.020000333348334228,0.0,0.0,91.0,-0.02,0.06,-0.99
12201.098863,1048.,-0.020000333348334228,0.0,0.0,90.0,-0.02,0.06,-1.01
12224.825289,1048.,-0.020000333348334228,0.0,0.0,89.0,-0.02,0.06,-0.98
12250.821733,1049.,-0.020000333348334228,0.0,0.0,93.0,-0.0,0.05,-0.99
12270.430215,1049.,-0.020000333348334228,0.0,0.0,94.0,-0.03,0.08,-0.99
12289.43377,1056.,-0.020000333348334228,0.0,0.0,91.0,-0.03,0.07,-1.0
12315.219863,1056.,-0.020000333348334228,0.0,0.0,90.0,0.0,0.06,-0.98
12336.805085,1056.,-0.020000333348334228,0.0,0.0,94.0,-0.05,0.04,-0.99
12355.087918,1056.,-0.020000333348334228,0.0,0.0,91.0,0.01,0.06,-0.96
12381.136881,1099.,-0.020000333348334228,0.0,0.0,92.0,-0.02,0.03,-1.01
12398.481085,1099.,-0.020000333348334228,0.0,0.0,95.0,0.01,0.06,-0.98
12423.854566,1099.,-0.020000333348334228,0.0,0.0,89.0,0.01,0.04,-1.01
12449.073233,1099.,-0.020000333348334228,0.0,0.0,93.0,-0.02,0.07,-1.0
12467.181529,1099.,-0.020000333348334228,0.0,0.0,90.0,-0.05,0.06,-1.01
12494.685548,1099.,-0.020000333348334228,0.0,0.0,92.0,-0.04,0.1,-0.99
12518.425307,1099.,-0.020000333348334228,0.0,0.0,100.0,-0.04,0.09,-0.98
12537.479326,1099.,-0.020000333348334228,0.0,0.0,93.0,-0.05,0.1,-0.99
12561.403326,1138.,-0.020000333348334228,0.0,0.0,91.0,0.02,0.1,-0.97
12580.7169,1151.,-0.020000333348334228,0.0,-0.0,93.0,-0.09,0.1,-0.98
12603.832455,1147.,-0.020000333348334228,0.0,0.0,93.0,-0.02,0.1,-0.92
12628.865103,1147.,-0.020000333348334228,0.0,0.0,89.0,-0.04,0.0,-0.97
12646.965529,1147.,-0.020000333348334228,0.0,0.0,89.0,-0.01,0.06,-0.98
12671.106826,1147.,-0.020000333348334228,0.0,-0.0,88.0,0.02,0.04,-1.03
12691.294789,1148.,-0.020000333348334228,0.0,-0.0,94.0,-0.13,0.02,-1.01
12714.44014,1148.,-0.020000333348334228,0.0,0.0,95.0,-0.05,0.1,-0.96
12733.813418,1148.,-0.020000333348334228,0.0,0.0,92.0,0.03,0.18,-0.95
12756.572585,1148.,-0.020000333348334228,0.0,-0.0,95.0,-0.15,-0.02,-0.97
12775.377733,1148.,-0.020000333348334228,0.0,0.0,88.0,0.06,0.16,-1.07
12801.862622,1148.,-0.020000333348334228,0.0,0.0,94.0,-0.04,0.07,-0.88
12827.242863,1148.,-0.020000333348334228,0.0,0.0,91.0,-0.01,0.1,-1.0
12845.817159,1151.,-0.020000333348334228,0.0,0.0,92.0,0.02,0.11,-1.0
12873.644788,1151.,-0.020000333348334228,0.0,-0.0,87.0,0.05,0.16,-0.99
12899.710362,1151.,-0.020000333348334228,0.0,-0.0,101.0,-0.06,0.05,-0.94
12917.695788,1150.,-0.020000333348334228,0.0,0.0,93.0,0.18,0.05,-1.03
12945.947899,1150.,-0.020000333348334228,0.0,-0.0,91.0,-0.11,-0.04,-0.99
12969.695066,1150.,-0.020000333348334228,0.0,-0.0,86.0,-0.01,0.04,-0.98
12987.783085,1050.,-0.020000333348334228,0.0,0.0,94.0,0.03,0.09,-1.04
13013.504714,1054.,-0.020000333348334228,0.0,0.0,96.0,-0.02,0.01,-0.96
13035.087455,1052.,-0.020000333348334228,0.0,0.0,89.0,-0.09,0.03,-0.95
13063.069696,1052.,-0.020000333348334228,0.0,-0.0,92.0,0.08,0.04,-1.02
13081.971436,1052.,-0.020000333348334228,0.0,0.0,96.0,0.02,0.11,-0.86
13106.085751,1052.,-0.020000333348334228,0.0,0.0,92.0,-0.06,0.09,-1.0
13133.745751,1003.,-0.020000333348334228,0.0,0.0,95.0,0.03,0.1,-1.06
13153.586973,1003.,-0.020000333348334228,0.0,0.0,92.0,-0.04,0.17,-1.02
13179.678177,1003.,-0.020000333348334228,0.0,0.0,92.0,0.0,0.08,-1.07
13204.26364,1003.,-0.020000333348334228,0.0,0.0,89.0,-0.07,0.11,-1.01
13222.874047,1003.,-0.020000333348334228,0.0,0.0,93.0,0.06,0.03,-1.02
13246.88601,1003.,-0.020000333348334228,0.0,0.0,90.0,0.11,-0.03,-1.03
13265.295714,1003.,-0.020000333348334228,0.0,0.0,93.0,-0.11,0.05,-0.99
13290.079159,1003.,-0.020000333348334228,0.0,0.0,93.0,-0.11,0.07,-1.06
13315.531714,1003.,-0.020000333348334228,0.0,0.0,87.0,0.04,0.05,-1.0
13334.45077,1003.,-0.020000333348334228,0.0,0.0,92.0,0.11,0.04,-1.01
13360.79014,1003.,-0.020000333348334228,0.0,-0.0,91.0,-0.09,0.03,-0.93
13386.343436,1003.,-0.020000333348334228,0.0,-0.0,87.0,-0.05,0.1,-1.0
13406.005121,1003.,-0.020000333348334228,0.0,0.0,89.0,-0.04,0.08,-0.99
13431.288307,1003.,-0.020000333348334228,0.0,-0.0,94.0,-0.06,0.02,-1.0
13459.088436,1003.,-0.020000333348334228,0.0,0.0,95.0,-0.1,0.11,-1.03
13477.793362,1003.,-0.020000333348334228,0.0,-0.0,97.0,-0.03,0.01,-1.02
13503.990695,1003.,-0.020000333348334228,0.0,-0.0,93.0,0.02,0.05,-1.02
13531.555807,1003.,-0.020000333348334228,0.0,0.0,91.0,0.05,0.07,-1.0
13549.476677,1003.,-0.020000333348334228,0.0,-0.0,96.0,-0.06,0.09,-1.02
13576.828732,1003.,-0.020000333348334228,0.0,-0.0,94.0,-0.05,0.07,-0.99
13599.773362,1003.,-0.020000333348334228,0.0,0.0,91.0,0.03,0.06,-0.98
13619.628325,1003.,-0.020000333348334228,0.0,-0.0,94.0,0.01,0.06,-0.99
13640.006566,1003.,-0.020000333348334228,0.0,-0.0,92.0,-0.02,0.08,-0.99
13658.184899,1003.,-0.020000333348334228,0.0,-0.0,90.0,-0.02,0.1,-1.0
13682.877732,1003.,-0.020000333348334228,0.0,-0.0,93.0,-0.03,0.07,-0.99
13708.866381,1003.,-0.020000333348334228,0.0,-0.0,90.0,0.0,0.05,-0.98
13727.805047,1003.,-0.020000333348334228,0.0,-0.0,93.0,-0.01,0.06,-0.99
13752.357751,1003.,-0.020000333348334228,0.0,-0.0,96.0,0.01,0.07,-1.0
13774.101195,1003.,-0.020000333348334228,0.0,-0.0,90.0,-0.01,0.03,-0.98
13795.983399,1003.,-0.020000333348334228,0.0,-0.0,90.0,0.02,0.05,-0.98
13813.842343,1003.,-0.020000333348334228,0.0,-0.0,93.0,0.01,0.08,-0.98
13840.332769,1003.,-0.020000333348334228,0.0,-0.0,91.0,-0.0,0.07,-0.98
13863.965677,1003.,-0.020000333348334228,0.0,0.0,91.0,-0.01,0.09,-0.99
13890.507251,1003.,-0.020000333348334228,0.0,-0.0,95.0,-0.01,0.05,-0.99
13909.805547,1003.,-0.020000333348334228,0.0,-0.0,94.0,-0.02,0.06,-1.0
13936.606603,1003.,-0.020000333348334228,0.0,-0.0,97.0,-0.03,0.05,-0.98
13961.157343,1003.,-0.020000333348334228,0.0,-0.0,87.0,-0.03,0.04,-0.98
13979.490991,1003.,-0.020000333348334228,0.0,-0.0,89.0,-0.02,0.05,-1.0
14003.707269,1003.,-0.020000333348334228,0.0,-0.0,94.0,-0.02,0.04,-0.98
14022.688991,1003.,-0.020000333348334228,0.0,-0.0,93.0,-0.04,0.05,-1.0
14048.104269,1003.,-0.020000333348334228,0.0,-0.0,97.0,-0.02,0.07,-0.99
14066.451621,1003.,-0.020000333348334228,0.0,0.0,92.0,-0.03,0.1,-1.01
14092.48888,1003.,-0.020000333348334228,0.0,-0.0,93.0,-0.0,0.06,-0.99
14115.986195,1003.,-0.020000333348334228,0.0,-0.0,94.0,-0.03,0.09,-0.98
14142.960269,1003.,-0.020000333348334228,0.0,-0.0,92.0,-0.03,0.06,-0.98
14173.940417,1003.,-0.020000333348334228,0.0,-0.0,89.0,-0.02,0.05,-0.99
14198.250214,1003.,-0.020000333348334228,0.0,-0.0,95.0,-0.02,0.06,-1.0
14216.560584,1003.,-0.020000333348334228,0.0,-0.0,97.0,-0.0,0.04,-1.0
14238.183806,1003.,-0.020000333348334228,0.0,-0.0,96.0,-0.02,0.06,-0.99
14257.081065,1003.,-0.020000333348334228,0.0,0.0,95.0,-0.01,0.08,-0.99
14279.083325,1003.,-0.020000333348334228,0.0,0.0,91.0,-0.01,0.07,-1.0
14304.72538,1003.,-0.020000333348334228,0.0,0.0,94.0,-0.01,0.06,-1.0
14327.007213,1003.,-0.020000333348334228,0.0,0.0,91.0,0.0,0.06,-1.01
14345.886084,1003.,-0.020000333348334228,0.0,-0.0,98.0,-0.0,0.04,-1.01
14369.813102,1003.,-0.020000333348334228,0.0,0.0,92.0,-0.01,0.13,-0.98
14393.840973,1003.,-0.020000333348334228,0.0,-0.0,89.0,-0.02,0.08,-0.99
14412.207899,1003.,-0.020000333348334228,0.0,-0.0,97.0,-0.02,0.02,-1.0
14434.723547,1003.,-0.020000333348334228,0.0,0.0,95.0,-0.03,0.06,-0.99
14453.581991,1003.,-0.020000333348334228,0.0,0.0,94.0,-0.02,0.08,-0.98
14477.698936,1003.,-0.020000333348334228,0.0,0.0,96.0,-0.01,0.09,-0.99
14505.177047,1102.,-0.020000333348334228,0.0,0.0,93.0,-0.02,0.07,-0.99
14525.456047,1102.,-0.020000333348334228,0.0,0.0,96.0,-0.02,0.04,-1.0
14550.859861,1100.,-0.020000333348334228,0.0,0.0,96.0,-0.02,0.06,-0.99
14575.700232,1100.,-0.020000333348334228,0.0,0.0,95.0,-0.02,0.04,-1.0
14594.814028,1100.,-0.020000333348334228,0.0,0.0,92.0,-0.01,0.05,-1.0
14621.542973,1100.,-0.020000333348334228,0.0,0.0,92.0,-0.01,0.08,-0.99
14646.252639,1100.,-0.020000333348334228,0.0,0.0,94.0,-0.01,0.06,-0.99
14664.959954,1147.,-0.020000333348334228,0.0,0.0,96.0,-0.02,0.06,-0.99
14688.433306,1147.,-0.020000333348334228,0.0,0.0,96.0,-0.02,0.05,-0.99
14706.699769,1148.,-0.020000333348334228,0.0,0.0,92.0,-0.02,0.06,-0.99
14730.534528,1148.,-0.020000333348334228,0.0,0.0,91.0,0.0,0.14,-0.98
14757.080454,1148.,-0.020000333348334228,0.0,0.0,91.0,-0.03,0.04,-0.95
14776.241769,1148.,-0.020000333348334228,0.0,0.0,94.0,-0.08,0.2,-1.06
14800.433769,1148.,-0.020000333348334228,0.0,0.0,89.0,-0.11,0.13,-1.0
14827.072009,1149.,-0.020000333348334228,0.0,0.0,91.0,-0.03,0.09,-1.02
14845.640343,1151.,-0.020000333348334228,0.0,0.0,96.0,-0.02,0.1,-1.02
14865.517713,1151.,-0.020000333348334228,0.0,0.0,90.0,-0.0,0.07,-1.01
14888.025417,1151.,-0.020000333348334228,0.0,-0.0,92.0,0.01,0.05,-0.97
14910.160732,1151.,-0.020000333348334228,0.0,-0.0,91.0,-0.0,0.08,-0.95
14931.929658,1151.,-0.020000333348334228,0.0,-0.0,92.0,-0.04,0.02,-0.99
14954.842824,1151.,-0.020000333348334228,0.0,0.0,90.0,0.01,0.08,-0.98
14973.343658,1151.,-0.020000333348334228,0.0,0.0,94.0,0.02,0.0,-1.07
15000.029898,1151.,-0.020000333348334228,0.0,0.0,91.0,-0.12,0.13,-1.07
15024.365954,1151.,-0.020000333348334228,0.0,0.0,91.0,0.07,0.0,-1.1
15043.010565,1151.,-0.020000333348334228,0.0,0.0,93.0,0.2,-0.01,-0.99
15064.24075,1151.,-0.020000333348334228,0.0,0.0,92.0,-0.13,0.07,-1.02
15084.683287,1151.,-0.020000333348334228,0.0,0.0,86.0,-0.15,0.06,-1.07
15103.391083,1151.,-0.020000333348334228,0.0,-0.0,92.0,-0.07,-0.04,-1.0
15125.956324,1151.,-0.020000333348334228,0.0,-0.0,93.0,0.17,0.1,-1.01
15150.59638,1151.,-0.020000333348334228,0.0,-0.0,93.0,0.07,0.12,-1.02
15168.904898,1151.,-0.020000333348334228,0.0,-0.0,92.0,0.09,0.06,-1.06
15192.992602,1151.,-0.020000333348334228,0.0,-0.0,97.0,-0.18,0.07,-1.02
15211.477231,1151.,-0.020000333348334228,0.0,0.0,95.0,-0.16,0.13,-0.93
15235.341676,1151.,-0.020000333348334228,0.0,-0.0,93.0,0.0,0.04,-0.95
15260.854972,1151.,-0.020000333348334228,0.0,0.0,91.0,0.18,0.13,-0.96
15279.657139,1151.,-0.020000333348334228,0.0,-0.0,95.0,0.18,-0.02,-1.0
15298.564157,1151.,-0.020000333348334228,0.0,0.0,98.0,0.04,0.12,-0.89
15325.079305,1151.,-0.020000333348334228,0.0,0.0,90.0,0.1,0.04,-0.9
15348.154639,1151.,-0.020000333348334228,0.0,-0.0,90.0,-0.05,0.04,-1.0
15366.417435,1151.,-0.020000333348334228,0.0,-0.0,96.0,-0.04,0.09,-0.87
15391.215694,1152.,-0.020000333348334228,0.0,-0.0,94.0,0.05,0.1,-1.01
15409.778528,1152.,-0.020000333348334228,0.0,-0.0,92.0,-0.14,0.15,-0.97
15433.167194,1152.,-0.020000333348334228,0.0,-0.0,94.0,-0.06,0.04,-1.01
15457.413176,1152.,-0.020000333348334228,0.0,-0.0,89.0,0.14,0.03,-1.03
15476.692731,1152.,-0.020000333348334228,0.0,-0.0,94.0,0.02,0.03,-0.9
15495.751824,1152.,-0.020000333348334228,0.0,-0.0,91.0,0.03,0.03,-1.03
15522.991009,1152.,-0.020000333348334228,0.0,-0.0,92.0,0.06,0.01,-0.99
15545.279083,1152.,-0.020000333348334228,0.0,-0.0,90.0,-0.1,0.11,-0.94
15563.939676,1152.,-0.020000333348334228,0.0,-0.0,92.0,-0.14,0.1,-1.05
15587.765157,1153.,-0.020000333348334228,0.0,-0.0,91.0,-0.21,0.06,-1.07
15605.398305,1152.,-0.020000333348334228,0.0,-0.0,89.0,-0.06,0.02,-1.02
15631.737602,1152.,-0.020000333348334228,0.0,0.0,89.0,0.01,0.02,-1.05
15654.094879,1152.,-0.020000333348334228,0.0,-0.0,91.0,-0.03,0.14,-0.97
15672.862065,1152.,-0.020000333348334228,0.0,-0.0,96.0,0.06,0.1,-0.99
15696.641194,1198.,-0.020000333348334228,0.0,0.0,94.0,0.13,0.11,-0.88
15715.337416,1198.,-0.020000333348334228,0.0,0.0,92.0,0.07,0.01,-0.95
15738.025324,1197.,-0.020000333348334228,0.0,0.0,95.0,-0.05,0.18,-1.0
15764.017398,1197.,-0.020000333348334228,0.0,-0.0,96.0,0.01,-0.05,-0.96
15783.705842,1197.,-0.020000333348334228,0.0,-0.0,95.0,0.01,0.08,-0.95
15802.638935,1197.,-0.020000333348334228,0.0,0.0,94.0,0.04,-0.02,-0.99
15825.97699,1197.,-0.020000333348334228,0.0,-0.0,92.0,-0.06,0.12,-0.95
15847.62899,1196.,-0.020000333348334228,0.0,-0.0,96.0,0.09,0.13,-1.0
15870.079138,1196.,-0.020000333348334228,0.0,-0.0,90.0,-0.1,-0.04,-1.02
15892.08999,1196.,-0.020000333348334228,0.0,0.0,94.0,0.05,0.08,-1.04
15910.461675,1196.,-0.020000333348334228,0.0,-0.0,97.0,0.14,0.04,-0.91
15937.670175,1196.,-0.020000333348334228,0.0,-0.0,96.0,-0.09,0.03,-1.12
15962.491824,1196.,-0.020000333348334228,0.0,-0.0,91.0,-0.02,-0.03,-0.93
15981.216194,1252.,-0.020000333348334228,0.0,0.0,91.0,0.2,0.1,-0.88
16005.633453,1261.,-0.020000333348334228,0.0,0.0,90.0,0.06,0.02,-0.94
16023.388935,1277.,-0.020000333348334228,0.0,-0.0,92.0,-0.17,0.1,-1.04
16047.217157,1276.,-0.020000333348334228,0.0,-0.0,93.0,0.21,0.02,-0.92
16072.730749,1276.,-0.020000333348334228,0.0,-0.0,95.0,-0.01,0.04,-1.06
16093.040101,1276.,-0.020000333348334228,0.0,-0.0,90.0,-0.06,-0.0,-1.0
16111.569601,1276.,-0.020000333348334228,0.0,-0.0,91.0,-0.01,0.01,-1.0
16129.486805,1277.,-0.020000333348334228,0.0,-0.0,94.0,0.05,0.06,-1.03
16148.890546,1277.,-0.020000333348334228,0.0,0.0,99.0,0.1,0.1,-0.94
16179.595675,1277.,-0.020000333348334228,0.0,0.0,91.0,0.07,0.07,-0.94
16194.362861,1277.,-0.020000333348334228,0.0,-0.0,95.0,-0.13,0.1,-1.03
16226.768323,1277.,-0.020000333348334228,0.0,0.0,91.0,0.05,0.09,-1.02
16252.605657,1277.,-0.020000333348334228,0.0,-0.0,94.0,0.06,0.0,-0.97
16281.28436,1277.,-0.020000333348334228,0.0,-0.0,97.0,-0.15,0.08,-1.12
16303.231268,1302.,-0.020000333348334228,0.0,-0.0,93.0,-0.11,0.04,-1.03
16323.557916,1302.,-0.020000333348334228,0.0,0.0,94.0,-0.08,0.02,-1.03
16344.05936,1302.,-0.020000333348334228,0.0,0.0,96.0,0.05,0.06,-1.0
16362.421768,1302.,-0.020000333348334228,0.0,0.0,94.0,0.1,0.05,-0.9
16384.345546,1302.,-0.020000333348334228,0.0,0.0,96.0,0.0,0.03,-0.9
16407.780657,1302.,-0.020000333348334228,0.0,0.0,95.0,-0.31,0.05,-1.16
16433.39649,1302.,-0.020000333348334228,0.0,0.0,95.0,-0.21,0.09,-1.1
16456.118286,1302.,-0.020000333348334228,0.0,0.0,97.0,-0.03,0.09,-0.92
16474.52299,1302.,-0.020000333348334228,0.0,0.0,96.0,-0.18,0.1,-1.11
16495.93249,1326.,-0.020000333348334228,0.0,0.0,98.0,-0.22,0.05,-1.12
16518.973305,1326.,-0.020000333348334228,0.0,0.0,95.0,-0.0,0.07,-1.02
16545.735805,1326.,-0.020000333348334228,0.0,0.0,92.0,0.06,0.05,-1.02
16569.512694,1326.,-0.020000333348334228,0.0,0.0,92.0,-0.11,0.04,-1.02
16596.203268,1326.,-0.020000333348334228,0.0,0.0,91.0,-0.16,0.08,-1.07
16617.21136,1326.,-0.020000333348334228,0.0,0.0,95.0,0.16,0.08,-0.89
16632.168675,1326.,-0.020000333348334228,0.0,0.0,96.0,0.02,0.0,-0.97
16660.069694,1326.,-0.020000333348334228,0.0,0.0,99.0,-0.26,0.05,-1.07
16685.755194,1326.,-0.020000333348334228,0.0,0.0,96.0,0.0,0.09,-1.03
16706.981027,1326.,-0.020000333348334228,0.0,0.0,95.0,-0.05,0.09,-1.0
16731.273527,1326.,-0.020000333348334228,0.0,0.0,97.0,-0.08,0.09,-0.96
16753.08549,1350.,-0.020000333348334228,0.0,0.0,93.0,0.05,0.08,-1.02
16777.498601,1349.,-0.020000333348334228,0.0,0.0,97.0,-0.01,0.04,-0.97
16792.815545,1350.,-0.020000333348334228,0.0,0.0,92.0,0.02,0.06,-0.91
16824.524768,1350.,-0.020000333348334228,0.0,0.0,95.0,0.04,0.03,-0.97
16845.798082,1350.,-0.020000333348334228,0.0,0.0,99.0,0.09,0.07,-0.96
16871.37949,1350.,-0.020000333348334228,0.0,0.0,94.0,-0.04,0.09,-0.96
16898.103175,1351.,-0.020000333348334228,0.0,0.0,93.0,-0.1,0.05,-1.09
16921.209045,1356.,-0.020000333348334228,0.0,0.0,97.0,-0.03,0.08,-0.99
16943.807027,1377.,-0.020000333348334228,0.0,0.0,94.0,-0.02,0.05,-0.96
16965.35073,1377.,-0.020000333348334228,0.0,0.0,100.0,0.04,0.07,-0.9
16990.505916,1377.,-0.020000333348334228,0.0,0.0,97.0,0.04,0.06,-0.82
17013.679879,1377.,-0.020000333348334228,0.0,0.0,96.0,0.08,0.05,-0.97
17031.941879,1375.,-0.020000333348334228,0.0,0.0,93.0,0.09,0.08,-0.97
17057.894267,1375.,-0.020000333348334228,0.0,0.0,90.0,-0.01,0.09,-0.98
17082.52199,1375.,-0.020000333348334228,0.0,0.0,98.0,-0.09,0.11,-0.99
17100.921508,1375.,-0.020000333348334228,0.0,0.0,95.0,-0.08,0.03,-1.04
17129.548304,1375.,-0.020000333348334228,0.0,0.0,94.0,-0.16,0.07,-1.04
17152.415156,1375.,-0.020000333348334228,0.0,0.0,92.0,-0.01,0.07,-0.98
17171.062564,1403.,-0.02000333387338047,-0.01999933307328039,0.00020004000533333308,97.0,0.2,0.03,-0.8
17195.128267,1401.,-0.02000333387338047,-0.01999933307328039,0.00020004000533333308,97.0,-0.28,0.08,-1.04
17213.110471,1403.,-0.02000333387338047,-0.01999933307328039,0.00020004000533333308,96.0,-0.21,0.09,-1.08
17236.479193,1408.,-0.02000333387338047,-0.01999933307328039,0.00020004000533333308,95.0,0.02,0.04,-0.86
17263.250638,1408.,-0.02000333387338047,-0.01999933307328039,0.00020004000533333308,92.0,-0.15,0.08,-1.11
17282.294323,1408.,-0.02000333387338047,-0.01999933307328039,0.00020004000533333308,94.0,0.05,0.03,-0.92
17301.635749,1408.,-0.02000333387338047,-0.01999933307328039,0.00020004000533333308,99.0,0.14,0.1,-0.87
17327.346786,1422.,-0.02000333387338047,-0.01999933307328039,0.00020004000533333308,98.0,0.33,0.1,-0.86
17349.119601,1422.,-0.02000333387338047,-0.01999933307328039,0.00020004000533333308,97.0,-0.23,0.05,-1.06
17369.618008,1422.,-0.02000333387338047,-0.01999933307328039,0.00020004000533333308,90.0,0.06,0.03,-1.01
17391.888712,1422.,-0.02000333387338047,-0.01999933307328039,0.00020004000533333308,93.0,-0.03,0.04,-1.06
17410.721489,1422.,-0.020000333348334228,0.0,0.0,93.0,-0.05,-0.05,-0.99
17435.946767,1422.,-0.020000333348334228,0.0,0.0,101.0,0.01,0.1,-0.93
17455.858193,1421.,-0.02000333387338047,-0.01999933307328039,0.00020004000533333308,95.0,-0.15,0.05,-1.06
17480.698675,1421.,-0.02000333387338047,-0.01999933307328039,0.00020004000533333308,97.0,-0.47,0.06,-1.28
17507.345193,1421.,-0.02000333387338047,-0.01999933307328039,0.00020004000533333308,95.0,0.13,0.1,-0.82
17533.344378,1421.,-0.02000333387338047,-0.01999933307328039,0.00020004000533333308,98.0,-0.61,0.05,-1.33
17552.021878,1421.,-0.02000333387338047,-0.01999933307328039,0.00020004000533333308,97.0,0.05,-0.0,-0.93
17577.783656,1421.,-0.02000333387338047,-0.01999933307328039,0.00020004000533333308,94.0,0.19,0.06,-0.92
17602.642063,1421.,-0.02000333387338047,-0.01999933307328039,0.00020004000533333308,91.0,-0.02,-0.01,-0.97
17621.96586,1421.,-0.02000333387338047,-0.01999933307328039,0.00020004000533333308,94.0,0.34,-0.01,-0.72
17646.460378,1421.,-0.02000333387338047,-0.01999933307328039,0.00020004000533333308,94.0,-0.05,0.13,-1.08
17664.54873,1421.,-0.02000333387338047,-0.01999933307328039,0.00020004000533333308,91.0,-0.23,0.18,-1.08
17688.100026,1421.,-0.02000333387338047,-0.01999933307328039,0.00020004000533333308,94.0,-0.24,0.04,-1.14
17712.250471,1421.,-0.02000333387338047,-0.01999933307328039,0.00020004000533333308,97.0,0.12,0.01,-0.96
17731.646786,1421.,-0.02000333387338047,-0.01999933307328039,0.00020004000533333308,93.0,-0.11,0.08,-1.05
17758.945026,1421.,-0.02000333387338047,-0.01999933307328039,0.00020004000533333308,93.0,0.25,0.12,-0.79
17783.628656,1421.,-0.02000333387338047,-0.01999933307328039,0.00020004000533333308,92.0,-0.21,-0.07,-1.09
17799.143174,1422.,-0.02000333387338047,-0.01999933307328039,0.00020004000533333308,92.0,0.09,0.02,-0.84
17823.654452,1422.,-0.02000333387338047,-0.01999933307328039,0.00020004000533333308,97.0,0.14,0.07,-0.87
17843.069915,1422.,-0.02000333387338047,-0.01999933307328039,0.00020004000533333308,95.0,0.07,0.09,-0.92
17867.967137,1422.,-0.02000333387338047,-0.01999933307328039,0.00020004000533333308,90.0,-0.01,0.12,-1.07
17903.421193,1422.,-0.02000333387338047,-0.01999933307328039,0.00020004000533333308,93.0,0.21,0.02,-0.78
17929.766952,1422.,-0.02000333387338047,-0.01999933307328039,0.00020004000533333308,91.0,-0.24,0.04,-1.08
17949.078119,1423.,-0.02000333387338047,-0.01999933307328039,0.00020004000533333308,93.0,0.23,0.05,-0.85
17976.397378,1423.,-0.02000333387338047,-0.01999933307328039,0.00020004000533333308,98.0,-0.12,0.09,-0.97
18003.023026,1423.,-0.02000333387338047,-0.01999933307328039,0.00020004000533333308,91.0,-0.12,0.02,-1.01
18023.8976,1423.,-0.02000333387338047,-0.01999933307328039,0.00020004000533333308,93.0,-0.04,0.04,-1.02
18048.053285,1423.,-0.02000333387338047,-0.01999933307328039,0.00020004000533333308,94.0,-0.2,0.11,-1.15
18070.813137,1472.,-0.02000333387338047,-0.01999933307328039,0.00020004000533333308,94.0,0.06,-0.03,-0.91
18089.258119,1474.,-0.02000333387338047,-0.01999933307328039,0.00020004000533333308,93.0,0.15,0.13,-1.03
18111.710415,1477.,-0.02000333387338047,-0.01999933307328039,0.00020004000533333308,96.0,0.18,0.09,-0.76
18133.55697,1499.,-0.02000333387338047,-0.01999933307328039,0.00020004000533333308,95.0,0.12,0.17,-0.9
18151.793545,1499.,-0.02000333387338047,-0.01999933307328039,0.00020004000533333308,93.0,-0.06,0.05,-1.04
18176.736489,1499.,-0.020000333348334228,0.0,0.0,95.0,-0.05,0.08,-1.12
18196.987582,1499.,-0.020000333348334228,0.0,0.0,95.0,-0.27,0.05,-1.15
18217.690044,1499.,-0.020000333348334228,0.0,0.0,94.0,-0.33,-0.01,-1.12
18240.491804,1499.,-0.02000333387338047,-0.01999933307328039,0.00020004000533333308,92.0,0.32,-0.0,-0.78
18264.980915,1499.,-0.020000333348334228,0.0,0.0,93.0,-0.03,0.02,-0.99
18287.146841,1499.,-0.020000333348334228,0.0,0.0,100.0,-0.09,0.0,-0.95
18306.85623,1499.,-0.020000333348334228,0.0,0.0,94.0,-0.11,0.07,-1.18
18332.034044,1499.,-0.02000333387338047,-0.01999933307328039,0.00020004000533333308,95.0,0.02,-0.03,-0.9
18354.904081,1499.,-0.020000333348334228,0.0,0.0,88.0,0.01,0.1,-1.02
18376.128896,1526.,-0.020000333348334228,0.0,0.0,94.0,0.26,0.07,-0.86
18399.9771,1527.,-0.020000333348334228,0.0,0.0,95.0,0.02,0.11,-0.96
18420.047285,1527.,-0.020000333348334228,0.0,0.0,91.0,-0.01,0.06,-0.93
18442.730341,1527.,-0.020000333348334228,0.0,0.0,94.0,0.3,0.06,-0.87
18467.533137,1527.,-0.020000333348334228,0.0,0.0,93.0,0.28,0.06,-0.82
18485.390155,1527.,-0.020000333348334228,0.0,0.0,91.0,-0.16,0.14,-1.1
18511.210081,1529.,-0.020000333348334228,0.0,0.0,93.0,0.08,-0.01,-0.93
18529.875248,1559.,-0.020000333348334228,0.0,0.0,89.0,-0.04,0.05,-0.95
18553.403063,1576.,-0.020000333348334228,0.0,0.0,92.0,-0.05,0.05,-1.05
18578.868859,1574.,-0.020000333348334228,0.0,0.0,95.0,0.13,-0.02,-0.93
18597.791063,1574.,-0.020000333348334228,0.0,0.0,90.0,-0.2,0.08,-1.12
18619.121507,1574.,-0.020000333348334228,0.0,0.0,91.0,0.32,0.02,-0.87
18641.229729,1574.,-0.020000333348334228,0.0,0.0,87.0,0.04,0.05,-0.9
18665.051822,1574.,-0.02000333387338047,-0.01999933307328039,0.00020004000533333308,94.0,0.32,0.02,-0.84
18684.842118,1574.,-0.020000333348334228,0.0,0.0,94.0,-0.09,0.11,-1.04
18708.302822,1576.,-0.02000333387338047,-0.01999933307328039,0.00020004000533333308,89.0,0.26,-0.03,-0.87
18727.128729,1576.,-0.02000333387338047,-0.01999933307328039,0.00020004000533333308,91.0,-0.16,0.1,-1.09
18751.369674,1576.,-0.02000333387338047,-0.01999933307328039,0.00020004000533333308,91.0,-0.24,0.03,-1.02
18777.81397,1576.,-0.02000333387338047,-0.01999933307328039,0.00020004000533333308,91.0,-0.06,0.06,-1.0
18796.683896,1578.,-0.02000333387338047,-0.01999933307328039,0.00020004000533333308,92.0,-0.12,0.12,-1.05
18821.427544,1614.,-0.02000333387338047,-0.01999933307328039,0.00020004000533333308,87.0,0.02,-0.0,-0.91
18848.889711,1626.,-0.020000333348334228,0.0,0.0,90.0,-0.17,0.08,-1.14
18867.175174,1622.,-0.040008667896498346,-0.019996331948059165,0.00040007999465706425,93.0,-0.02,0.12,-0.93
18890.745748,1622.,-0.040008667896498346,-0.019996331948059165,0.00040007999465706425,95.0,-0.01,0.04,-1.0
18908.909322,1622.,-0.04000266714678099,0.0,0.0,89.0,-0.23,-0.04,-1.11
18933.555303,1622.,-0.04000266714678099,0.0,0.0,92.0,-0.34,0.03,-1.03
18953.051989,1625.,-0.04000266714678099,0.0,0.0,90.0,-0.31,0.08,-1.06
18975.937303,1625.,-0.04000266714678099,0.0,0.0,95.0,-0.27,0.05,-1.1
18996.772488,1625.,-0.040008667896498346,-0.019996331948059165,0.00040007999465706425,92.0,0.16,0.01,-0.81
19020.626896,1625.,-0.04000266714678099,0.0,0.0,90.0,-0.08,0.08,-0.97
19042.560914,1625.,-0.040008667896498346,-0.019996331948059165,0.00040007999465706425,92.0,0.29,0.05,-0.83
19061.722081,1625.,-0.040008667896498346,-0.019996331948059165,0.00040007999465706425,86.0,0.35,0.0,-0.79
19085.270192,1625.,-0.04000266714678099,0.0,0.0,91.0,0.06,0.11,-0.92
19103.727618,1670.,-0.04000266714678099,0.0,0.0,100.0,0.08,-0.09,-0.87
19128.425544,1671.,-0.04000266714678099,0.0,0.0,92.0,0.1,-0.04,-0.84
19153.599581,1671.,-0.04000266714678099,0.0,0.0,91.0,0.03,-0.01,-0.96
19172.36447,1671.,-0.04000266714678099,0.0,0.0,94.0,-0.18,0.02,-1.03
19191.715988,1671.,-0.04000266714678099,0.0,0.0,92.0,-0.42,0.13,-1.27
19219.79584,1671.,-0.04000266714678099,0.0,0.0,91.0,-0.33,0.0,-1.11
19241.845414,1671.,-0.040008667896498346,-0.019996331948059165,0.00040007999465706425,94.0,-0.24,0.03,-1.2
19260.945359,1671.,-0.040008667896498346,-0.019996331948059165,0.00040007999465706425,97.0,-0.37,0.0,-1.27
19282.968636,1671.,-0.040008667896498346,-0.019996331948059165,0.00040007999465706425,97.0,-0.04,0.05,-1.07
19303.621377,1672.,-0.040008667896498346,-0.019996331948059165,0.00040007999465706425,94.0,-0.0,-0.01,-0.88
19328.706914,1673.,-0.040008667896498346,-0.019996331948059165,0.00040007999465706425,97.0,0.05,0.03,-0.87
19351.314822,1673.,-0.040008667896498346,-0.019996331948059165,0.00040007999465706425,96.0,-0.24,0.01,-1.05
19370.916396,1673.,-0.040008667896498346,-0.019996331948059165,0.00040007999465706425,94.0,0.02,-0.01,-1.02
19395.468822,1673.,-0.040008667896498346,-0.019996331948059165,0.00040007999465706425,101.0,-0.03,-0.09,-1.08
19418.264766,1689.,-0.040008667896498346,-0.019996331948059165,0.00040007999465706425,96.0,-0.04,-0.07,-1.08
19440.539285,1708.,-0.040008667896498346,-0.019996331948059165,0.00040007999465706425,99.0,-0.11,0.08,-1.11
19462.829303,1707.,-0.040008667896498346,-0.019996331948059165,0.00040007999465706425,98.0,-0.3,0.08,-1.19
19481.977173,1707.,-0.040008667896498346,-0.019996331948059165,0.00040007999465706425,103.0,-0.32,0.07,-1.07
19509.022173,1707.,-0.06004502584027715,-0.03998464508028432,0.0012009601912307767,104.0,0.02,0.07,-0.94
19533.546025,1707.,-0.06004502584027715,-0.03998464508028432,0.0012009601912307767,105.0,0.1,0.11,-0.99
19552.893803,1707.,-0.06004502584027715,-0.03998464508028432,0.0012009601912307767,110.0,-0.08,0.03,-1.02
19580.115692,1707.,-0.06004502584027715,-0.03998464508028432,0.0012009601912307767,115.0,-0.16,-0.06,-1.14
19601.729062,1707.,-0.06004502584027715,-0.03998464508028432,0.0012009601912307767,114.0,-0.05,0.08,-1.2
19620.465377,1707.,-0.06004502584027715,-0.03998464508028432,0.0012009601912307767,123.0,-0.25,0.01,-1.01
19639.641914,1707.,-0.06009013132293597,-0.059981936704262884,0.001803243887984838,122.0,-0.11,0.05,-1.1
19663.972877,1707.,-0.06009013132293597,-0.059981936704262884,0.001803243887984838,130.0,0.0,0.21,-1.08
19687.972451,1707.,-0.06004502584027715,-0.03998464508028432,0.0012009601912307767,131.0,-0.08,0.01,-1.0
19724.684099,1707.,-0.06009013132293597,-0.059981936704262884,0.001803243887984838,141.0,0.33,0.08,-0.75
19746.607451,1707.,-0.06004502584027715,-0.03998464508028432,0.0012009601912307767,151.0,0.02,0.13,-0.93
19765.493488,1707.,-0.06004502584027715,-0.03998464508028432,0.0012009601912307767,159.0,-0.07,0.06,-1.04
19787.596581,1707.,-0.06004502584027715,-0.03998464508028432,0.0012009601912307767,168.0,0.19,0.08,-0.95
19806.98171,1707.,-0.06004502584027715,-0.03998464508028432,0.0012009601912307767,166.0,-0.04,-0.05,-1.01
19829.786395,1707.,-0.06004502584027715,-0.03998464508028432,0.0012009601912307767,176.0,-0.22,0.08,-1.02
19848.072877,1707.,-0.08022875287800561,-0.01918316841937573,0.020787313346366944,178.0,-0.08,0.18,-1.19
19872.653247,1707.,-0.08003334780531549,-0.019984322942669053,0.0008001598612373593,181.0,-0.15,0.13,-1.21
19896.353821,1707.,-0.08046440284361074,-0.0391679919676402,0.02159723098607714,184.0,0.06,0.17,-1.01
19913.951099,1707.,-0.08003334780531549,-0.019984322942669053,0.0008001598612373593,185.0,-0.27,0.04,-1.26
19933.884321,1707.,-0.08003334780531549,-0.019984322942669053,0.0008001598612373593,194.0,-0.01,-0.06,-0.99
19961.293006,1707.,-0.08003334780531549,-0.019984322942669053,0.0008001598612373593,206.0,0.05,0.09,-0.98
19981.945358,1707.,-0.08003334780531549,-0.019984322942669053,0.0008001598612373593,208.0,-0.28,-0.02,-1.23
20001.584377,1707.,-0.08003334780531549,-0.019984322942669053,0.0008001598612373593,213.0,0.16,0.04,-1.05
20024.430414,1707.,-0.08002134870797785,0.0,0.0,211.0,0.03,0.04,-0.97
20043.011395,1707.,-0.08002134870797785,0.0,-0.0,217.0,-0.03,0.01,-1.04
20070.282173,1707.,-0.08002134870797785,0.0,0.0,225.0,-0.35,0.04,-1.1
20090.902377,1707.,-0.08002134870797785,0.0,0.0,229.0,-0.13,0.06,-1.02
20111.835303,1707.,-0.09985268405607292,0.020974519604914033,0.01897829514480555,229.0,0.05,-0.03,-0.87
20134.904173,1707.,-0.09985268405607292,0.020974519604914033,0.01897829514480555,236.0,0.17,0.12,-0.88
20155.718099,1707.,-0.09969841645080875,0.04095140000609132,0.017986025704776906,248.0,0.02,0.11,-0.91
20173.626932,1707.,-0.09969841645080875,0.04095140000609132,0.017986025704776906,252.0,0.1,0.2,-1.01
20197.505099,1707.,-0.09969841645080875,0.04095140000609132,0.017986025704776906,256.0,-0.32,0.05,-1.11
20220.559136,1707.,-0.09969841645080875,0.04095140000609132,0.017986025704776906,269.0,-0.01,0.04,-1.04
20239.523728,1707.,-0.09957379528805273,0.060932605883368574,0.016997330171405176,260.0,0.03,0.1,-0.93
20263.482358,1707.,-0.10017688998849189,0.05993378765778101,-0.003005400688801103,264.0,-0.4,0.05,-1.21
20282.610321,1707.,-0.10017688998849189,0.05993378765778101,-0.003005400688801103,278.0,-0.4,-0.05,-1.07
20304.525377,1707.,-0.10017688998849189,0.05993378765778101,-0.003005400688801103,276.0,-0.19,0.02,-1.07
20330.313673,1707.,-0.10017688998849189,0.05993378765778101,-0.003005400688801103,265.0,0.26,0.07,-0.82
20350.558802,1707.,-0.10017688998849189,0.05993378765778101,-0.003005400688801103,284.0,-0.14,0.11,-1.16
20371.986784,1708.,-0.10017688998849189,0.05993378765778101,-0.003005400688801103,273.0,0.23,0.21,-0.88
20390.087284,1708.,-0.09957379528805273,0.060932605883368574,0.016997330171405176,303.0,-0.17,0.15,-1.1
20414.915673,1708.,-0.09957379528805273,0.060932605883368574,0.016997330171405176,291.0,0.02,-0.04,-0.96
20436.029043,1743.,-0.09947875416224425,0.08092010598568677,0.01601102966103019,297.0,-0.32,0.06,-1.15
20457.96908,1743.,-0.09947875416224425,0.08092010598568677,0.01601102966103019,302.0,0.38,0.02,-0.74
20476.629506,1743.,-0.09947875416224425,0.08092010598568677,0.01601102966103019,296.0,-0.14,0.08,-1.07
20499.331376,1743.,-0.09947875416224425,0.08092010598568677,0.01601102966103019,304.0,0.15,0.01,-0.9
20516.860339,1743.,-0.08021388706350907,0.07995706622547916,-0.003210261845063462,301.0,-0.26,-0.05,-0.94
20540.583562,1743.,-0.08021388706350907,0.07995706622547916,-0.003210261845063462,306.0,0.05,0.11,-1.01
20567.188784,1743.,-0.08021388706350907,0.07995706622547916,-0.003210261845063462,313.0,-0.37,0.0,-1.12
20586.928988,1743.,-0.0801295061940095,0.05996087623109281,-0.0024043231570650596,317.0,-0.05,0.07,-0.92
20605.556062,1743.,-0.0801295061940095,0.05996087623109281,-0.0024043231570650596,330.0,0.04,0.01,-0.87
20627.858173,1743.,-0.08021388706350907,0.07995706622547916,-0.003210261845063462,316.0,-0.2,0.05,-1.14
20649.987247,1743.,-0.07940984532756638,0.08075563658528973,0.016822587817308585,330.0,-0.33,0.13,-1.13
20678.588654,1743.,-0.07952632605332635,0.06075932649199789,0.017607381709105595,317.0,0.21,0.03,-0.95
20697.746913,1743.,-0.08021388706350907,0.07995706622547916,-0.003210261845063462,333.0,-0.31,0.04,-1.17
20716.938487,1743.,-0.07940984532756638,0.08075563658528973,0.016822587817308585,324.0,-0.02,0.06,-0.95
20741.854487,1743.,-0.08021388706350907,0.07995706622547916,-0.003210261845063462,340.0,-0.35,0.03,-1.19
20764.992043,1743.,-0.0801295061940095,0.05996087623109281,-0.0024043231570650596,356.0,0.13,0.04,-1.02
20783.501858,1743.,-0.0801295061940095,0.05996087623109281,-0.0024043231570650596,363.0,-0.03,0.08,-0.92
20806.477858,1743.,-0.0801295061940095,0.05996087623109281,-0.0024043231570650596,366.0,0.23,0.04,-0.88
20825.200247,1743.,-0.08006937267174406,0.03997062231157589,-0.0016012796562065784,355.0,-0.15,-0.02,-1.15
20848.785487,1743.,-0.08006937267174406,0.03997062231157589,-0.0016012796562065784,382.0,0.53,-0.01,-0.76
20875.255098,1743.,-0.08006937267174406,0.03997062231157589,-0.0016012796562065784,363.0,0.0,0.05,-1.06
20894.059024,1743.,-0.08006937267174406,0.03997062231157589,-0.0016012796562065784,363.0,-0.14,0.1,-1.11
20913.704932,1744.,-0.08006937267174406,0.03997062231157589,-0.0016012796562065784,396.0,-0.4,0.07,-1.12
20940.718265,1744.,-0.08006937267174406,0.03997062231157589,-0.0016012796562065784,407.0,0.19,0.01,-0.85
20968.751784,1744.,-0.08046440284361074,0.039167991967640425,-0.02159723098607714,401.0,-0.36,-0.02,-1.21
20989.551432,1744.,-0.08046440284361074,0.039167991967640425,-0.02159723098607714,418.0,0.12,0.2,-0.96
21007.853432,1744.,-0.08046440284361074,0.039167991967640425,-0.02159723098607714,414.0,0.04,0.04,-0.93
21031.822061,1744.,-0.08041616813464036,0.018380023818697078,-0.040776162217147645,406.0,0.17,0.15,-0.92
21057.392432,1744.,-0.08041616813464036,0.018380023818697078,-0.040776162217147645,426.0,0.12,0.05,-0.97
21075.984598,1743.,-0.08041616813464036,0.018380023818697078,-0.040776162217147645,408.0,0.22,0.1,-0.93
21094.434006,1744.,-0.08041616813464036,0.018380023818697078,-0.040776162217147645,437.0,0.33,0.08,-0.82
21118.488672,1744.,-0.08041616813464036,0.018380023818697078,-0.040776162217147645,447.0,-0.45,0.02,-1.13
21140.315413,1744.,-0.08001735821318334,-0.0008000000853332079,-0.019984329338506954,435.0,0.01,0.04,-0.94
21161.899654,1744.,-0.08000538551413727,-0.001600000682667524,-0.039970673501334535,448.0,-0.36,0.03,-1.09
21185.598413,1744.,-0.08000538551413727,-0.001600000682667524,-0.039970673501334535,426.0,-0.28,0.07,-1.08
21204.149969,1744.,-0.07961856763640368,-0.021580664033744368,-0.03917711916513484,434.0,0.03,0.02,-1.01
21230.834913,1744.,-0.059606646309405625,-0.021187580292997277,-0.03939101522470591,434.0,-0.21,0.1,-1.15
21255.014691,1744.,-0.059606646309405625,-0.021187580292997277,-0.03939101522470591,457.0,-0.16,-0.01,-1.04
21273.94132,1744.,-0.059606646309405625,-0.021187580292997277,-0.03939101522470591,470.0,-0.22,0.14,-1.1
21296.955228,1744.,-0.059606646309405625,-0.021187580292997277,-0.03939101522470591,457.0,-0.25,0.04,-1.17
21316.241709,1744.,-0.059606646309405625,-0.021187580292997277,-0.03939101522470591,466.0,-0.15,0.07,-0.85
21339.849209,1744.,-0.059606646309405625,-0.021187580292997277,-0.03939101522470591,477.0,-0.12,0.08,-1.06
21365.581894,1744.,-0.059606646309405625,-0.021187580292997277,-0.03939101522470591,475.0,0.06,0.11,-0.94
21384.25358,1744.,-0.059997018644704136,-0.0012000002880001581,-0.0399846738846122,494.0,0.2,0.09,-0.84
21403.640506,1744.,-0.059997018644704136,-0.0012000002880001581,-0.0399846738846122,491.0,0.37,-0.0,-0.73
21425.857728,1744.,-0.059997018644704136,-0.0012000002880001581,-0.0399846738846122,469.0,-0.19,0.1,-1.1
21445.040746,1744.,-0.05998203399193987,-0.001800000972001392,-0.05998203399193987,475.0,-0.02,0.16,-1.01
21469.922394,1744.,-0.05939196483888007,-0.02178271352652672,-0.05939196483888007,484.0,-0.2,-0.0,-1.02
21493.124172,1744.,-0.059606646309405625,-0.021187580292997277,-0.03939101522470591,488.0,0.1,0.12,-0.89
21512.010857,1744.,-0.059606646309405625,-0.021187580292997277,-0.03939101522470591,488.0,0.17,0.06,-0.92
21534.984043,1744.,-0.059606646309405625,-0.021187580292997277,-0.03939101522470591,469.0,0.04,0.1,-0.87
21554.004135,1744.,-0.059606646309405625,-0.021187580292997277,-0.03939101522470591,485.0,-0.15,0.02,-1.01
21576.849394,1744.,-0.059997018644704136,-0.0012000002880001581,-0.0399846738846122,507.0,-0.18,0.0,-1.07
21602.20882,1744.,-0.059606646309405625,-0.021187580292997277,-0.03939101522470591,483.0,0.21,-0.04,-0.74
21622.219394,1743.,-0.059815324992472066,-0.020590451886846495,-0.019394323650751277,526.0,0.11,0.02,-0.73
21641.483783,1743.,-0.06000600762296436,-0.0006000000360000257,-0.0199913326709597,482.0,-0.3,0.13,-1.21
21667.677283,1743.,-0.059815324992472066,-0.020590451886846495,-0.019394323650751277,525.0,0.08,0.05,-0.96
21689.646672,1743.,-0.06000600762296436,-0.0006000000360000257,-0.0199913326709597,490.0,0.31,0.04,-0.81
21707.940024,1743.,-0.06000600762296436,-0.0006000000360000257,-0.0199913326709597,501.0,-0.12,0.15,-0.87
21732.635968,1743.,-0.06000600762296436,-0.0006000000360000257,-0.0199913326709597,485.0,0.27,0.04,-0.81
21751.753265,1743.,-0.06000600762296436,-0.0006000000360000257,-0.0199913326709597,499.0,-0.06,0.13,-0.87
21776.356376,1744.,-0.06000600762296436,-0.0006000000360000257,-0.0199913326709597,476.0,-0.17,0.03,-0.98
21801.930691,1744.,-0.08001735821318334,-0.0008000000853332079,-0.019984329338506954,493.0,-0.39,-0.07,-1.13
21820.138357,1745.,-0.08001735821318334,-0.0008000000853332079,-0.019984329338506954,508.0,-0.44,0.06,-1.06
21844.944394,1776.,-0.07982995337933951,-0.02078348811003594,-0.019187312790932484,468.0,-0.32,-0.0,-1.05
21863.35495,1776.,-0.07982995337933951,-0.02078348811003594,-0.019187312790932484,471.0,-0.23,-0.01,-1.16
21887.380172,1776.,-0.07982995337933951,-0.02078348811003594,-0.019187312790932484,515.0,-0.03,0.06,-0.89
21912.662839,1776.,-0.07982995337933951,-0.02078348811003594,-0.019187312790932484,469.0,-0.17,-0.02,-0.99
21932.304616,1818.,-0.07982995337933951,-0.02078348811003594,-0.019187312790932484,463.0,0.1,-0.02,-0.84
21957.038876,1819.,-0.07982995337933951,-0.02078348811003594,-0.019187312790932484,472.0,-0.21,-0.06,-0.96
21982.202524,1819.,-0.07982995337933951,-0.02078348811003594,-0.019187312790932484,444.0,-0.14,-0.05,-0.91
22002.081394,1819.,-0.08001735821318334,-0.0008000000853332079,-0.019984329338506954,459.0,0.06,0.14,-0.82
22024.983801,1819.,-0.08001735821318334,-0.0008000000853332079,-0.019984329338506954,474.0,0.12,0.06,-0.99
22044.813672,1819.,-0.08001735821318334,-0.0008000000853332079,-0.019984329338506954,481.0,-0.03,0.1,-1.02
22067.850913,1819.,-0.08001735821318334,-0.0008000000853332079,-0.019984329338506954,480.0,0.2,0.11,-0.89
22093.802931,1818.,-0.08001735821318334,-0.0008000000853332079,-0.019984329338506954,457.0,-0.2,-0.02,-1.21
22113.455931,1819.,-0.08001735821318334,-0.0008000000853332079,-0.019984329338506954,487.0,-0.15,-0.02,-1.16
22135.275524,1819.,-0.08002134870797785,0.0,-0.0,483.0,-0.27,-0.04,-1.12
22158.75595,1819.,-0.08002134870797785,0.0,-0.0,462.0,-0.01,-0.09,-1.17
22181.001579,1819.,-0.08002134870797785,0.0,-0.0,472.0,0.04,0.04,-0.99
22200.525542,1819.,-0.08002134870797785,0.0,-0.0,478.0,-0.02,0.07,-1.04
22224.38695,1819.,-0.08002134870797785,0.0,-0.0,486.0,0.34,0.1,-0.95
22243.320987,1818.,-0.08003334780531549,0.019984322942669053,-0.0008001598612373593,494.0,-0.01,0.09,-1.09
22266.05182,1819.,-0.08003334780531549,0.019984322942669053,-0.0008001598612373593,477.0,-0.39,0.01,-1.22
22292.775098,1818.,-0.08003334780531549,0.019984322942669053,-0.0008001598612373593,493.0,0.09,0.0,-0.96
22311.839653,1818.,-0.08003334780531549,0.019984322942669053,-0.0008001598612373593,487.0,0.09,0.05,-0.99
22335.532653,1818.,-0.08003334780531549,0.019984322942669053,-0.0008001598612373593,494.0,-0.03,0.02,-1.13
22357.73882,1818.,-0.08006937267174406,0.03997062231157589,-0.0016012796562065784,466.0,-0.25,0.13,-1.15
22386.162375,1819.,-0.08006937267174406,0.03997062231157589,-0.0016012796562065784,528.0,-0.01,0.16,-1.19
22406.252375,1819.,-0.08006937267174406,0.03997062231157589,-0.0016012796562065784,508.0,0.02,-0.07,-1.11
22424.918357,1819.,-0.08006937267174406,0.03997062231157589,-0.0016012796562065784,532.0,-0.2,0.06,-1.24
22449.85482,1819.,-0.08006937267174406,0.03997062231157589,-0.0016012796562065784,536.0,-0.25,0.1,-1.34
22476.134449,1819.,-0.08006937267174406,0.03997062231157589,-0.0016012796562065784,562.0,0.03,-0.03,-1.12
22494.768246,1819.,-0.07966632800842093,0.04076927098313088,0.018395311154587497,572.0,0.03,-0.01,-1.15
22521.388968,1819.,-0.05948711066236255,0.060580020262216205,0.018215410918930256,538.0,-0.06,0.04,-1.1
22548.396172,1819.,-0.05948711066236255,0.060580020262216205,0.018215410918930256,540.0,0.04,0.11,-1.09
22575.644375,1819.,-0.05948711066236255,0.060580020262216205,0.018215410918930256,578.0,0.13,0.0,-1.07
22600.509264,1819.,-0.05948711066236255,0.060580020262216205,0.018215410918930256,557.0,0.06,0.08,-1.17
22618.965264,1819.,-0.06009013132293597,0.059981936704263106,-0.001803243887984838,579.0,0.1,0.07,-0.98
22643.037375,1819.,-0.05948711066236255,0.060580020262216205,0.018215410918930256,612.0,-0.11,0.19,-1.2
22661.277709,1819.,-0.05948711066236255,0.060580020262216205,0.018215410918930256,627.0,0.13,0.02,-1.04
22685.586727,1819.,-0.05948711066236255,0.060580020262216205,0.018215410918930256,615.0,-0.1,0.04,-1.06
22710.53582,1819.,-0.05948711066236255,0.060580020262216205,0.018215410918930256,593.0,0.05,0.11,-1.05
22729.128727,1819.,-0.05948711066236255,0.060580020262216205,0.018215410918930256,614.0,-0.16,-0.05,-1.14
22752.153097,1819.,-0.05934926347368003,0.08058311694149434,0.017632111017998022,688.0,0.08,0.09,-0.92
22770.99956,1819.,-0.05934926347368003,0.08058311694149434,0.017632111017998022,666.0,0.05,0.05,-0.96
22795.436301,1819.,-0.05934926347368003,0.08058311694149434,0.017632111017998022,727.0,-0.02,0.04,-1.13
22822.105116,1819.,-0.05934926347368003,0.08058311694149434,0.017632111017998022,855.0,-0.24,0.18,-1.24
22843.779375,1819.,-0.03929500128321322,0.08040255586231337,0.018439600490191523,860.0,-0.04,-0.0,-1.14
22869.126357,1819.,-0.03929500128321322,0.08040255586231337,0.018439600490191523,849.0,0.03,0.11,-1.25
22893.659745,1819.,-0.039147114380829566,0.10041857055103076,0.01806194540133084,891.0,-0.18,0.14,-1.09
22908.77219,1819.,-0.039147114380829566,0.10041857055103076,0.01806194540133084,823.0,0.0,0.07,-1.05
22943.617727,1819.,-0.039147114380829566,0.10041857055103076,0.01806194540133084,907.0,0.29,-0.0,-1.0
22965.502431,1819.,-0.039147114380829566,0.10041857055103076,0.01806194540133084,857.0,-0.42,-0.04,-1.15
22991.64469,1819.,-0.038136746283887885,0.1008055036405906,0.038136746283887885,846.0,-0.15,-0.04,-1.13
23011.931634,1819.,-0.038136746283887885,0.1008055036405906,0.038136746283887885,851.0,-0.07,0.11,-1.21
23053.29006,1819.,-0.038136746283887885,0.1008055036405906,0.038136746283887885,835.0,0.12,0.16,-0.86
23080.224375,1819.,-0.01806194540133084,0.10041857055103076,0.039147114380829566,855.0,-0.29,0.03,-1.16
23102.448338,1819.,-0.019245056868645142,0.08021395973854317,0.019245056868645142,841.0,0.15,0.02,-1.07
23129.872208,1820.,-0.019245056868645142,0.08021395973854317,0.019245056868645142,868.0,-0.05,0.11,-0.98
23151.777449,1820.,-0.019245056868645142,0.08021395973854317,0.019245056868645142,862.0,-0.2,0.05,-1.24
23169.215356,1808.,-0.019245056868645142,0.08021395973854317,0.019245056868645142,836.0,0.07,-0.06,-1.09
23193.561875,1808.,0.0008025680459830133,0.0800173325528355,0.020048480198030034,830.0,-0.09,0.14,-0.94
23214.868486,1808.,0.0008025680459830133,0.0800173325528355,0.020048480198030034,838.0,-0.0,0.17,-1.1
23235.808967,1808.,0.0008025680459830133,0.0800173325528355,0.020048480198030034,862.0,-0.49,0.17,-1.15
23257.517856,1808.,0.0008025680459830133,0.0800173325528355,0.020048480198030034,830.0,0.05,0.1,-0.99
23278.058949,1743.,0.0,0.040002667146781024,0.0,842.0,0.01,0.09,-1.19
23303.210634,1742.,0.0,0.040002667146781024,0.0,840.0,-0.04,0.06,-0.98
23326.229319,1742.,0.0,0.020000333348334287,0.0,850.0,0.22,0.08,-0.88
23345.793819,1742.,0.019802332958883437,0.020198373149734383,-0.019802332958883437,870.0,0.15,0.01,-0.97
23365.706412,1742.,0.01999933347332048,0.00020000000133313378,-0.01999933347332048,843.0,0.02,0.09,-1.07
23388.80293,1742.,0.019802332958883437,0.020198373149734383,-0.019802332958883437,873.0,-0.1,0.07,-1.12
23410.953282,1742.,0.019802332958883437,0.020198373149734383,-0.019802332958883437,872.0,-0.0,0.01,-1.02
23438.059134,1742.,0.019802332958883437,0.020198373149734383,-0.019802332958883437,912.0,0.07,0.07,-0.84
23457.721356,1741.,0.01999933347332048,0.00020000000133313378,-0.01999933347332048,819.0,-0.22,0.11,-1.0
23482.639319,1741.,0.019996333547979216,0.0004000000106665347,-0.04000066829682865,834.0,-0.12,0.05,-1.07
23504.463023,1741.,0.02039932988350545,-0.019595253086755138,-0.040206546889455214,861.0,-0.13,0.0,-0.87
23529.113523,1741.,0.02039932988350545,-0.019595253086755138,-0.040206546889455214,804.0,-0.03,0.14,-0.98
23544.476689,1741.,0.0404004235605208,-0.019192176158886465,-0.0404004235605208,760.0,-0.07,-0.07,-0.87
23570.964597,1741.,0.0404004235605208,-0.019192176158886465,-0.0404004235605208,792.0,-0.23,0.09,-1.0
23595.157578,1741.,0.0404004235605208,-0.019192176158886465,-0.0404004235605208,791.0,0.14,0.11,-0.77
23622.555319,1693.,0.0404004235605208,-0.019192176158886465,-0.0404004235605208,739.0,-0.04,0.12,-0.9
23644.694171,1647.,0.040424676227254826,-0.03959233898779546,-0.020808805814881724,774.0,0.02,0.09,-0.82
23678.92256,1646.,0.040424676227254826,-0.03959233898779546,-0.020808805814881724,768.0,-0.13,0.06,-0.98
23708.1013,1646.,0.040424676227254826,-0.03959233898779546,-0.020808805814881724,755.0,-0.11,0.02,-0.93
23728.71756,1649.,0.040424676227254826,-0.03959233898779546,-0.020808805814881724,726.0,-0.09,0.09,-0.95
23751.482337,1649.,0.040424676227254826,-0.03959233898779546,-0.020808805814881724,687.0,-0.13,-0.02,-0.95
23773.203819,1649.,0.040424676227254826,-0.03959233898779546,-0.020808805814881724,698.0,-0.37,0.12,-1.05
23795.094263,1649.,0.040424676227254826,-0.03959233898779546,-0.020808805814881724,679.0,-0.05,0.08,-0.86
23814.801171,1649.,0.04081865364909733,-0.03918602067029808,-0.04081865364909733,671.0,0.33,-0.11,-0.59
23837.980356,1649.,0.04081865364909733,-0.03918602067029808,-0.04081865364909733,695.0,0.1,-0.04,-0.7
23862.570245,1649.,0.041249883885801295,-0.05918352250498016,-0.041249883885801295,673.0,-0.59,-0.07,-1.07
23886.56893,1649.,0.041694668437338586,-0.07918667344681873,-0.041694668437338586,653.0,-0.44,0.07,-0.97
23907.322652,1648.,0.041694668437338586,-0.07918667344681873,-0.041694668437338586,650.0,-0.36,0.03,-0.93
23931.581837,1648.,0.041694668437338586,-0.07918667344681873,-0.041694668437338586,624.0,-0.06,0.16,-0.77
23956.525226,1648.,0.041694668437338586,-0.07918667344681873,-0.041694668437338586,626.0,-0.05,0.06,-0.8
23977.666171,1648.,0.040898845272200626,-0.07959998891442388,-0.021649224945051934,622.0,-0.01,-0.01,-0.69
24004.187652,1648.,0.04115554004935834,-0.09961455245851236,-0.022081229028913497,626.0,-0.02,0.11,-0.88
24028.223671,1707.,0.04115554004935834,-0.09961455245851236,-0.022081229028913497,608.0,-0.18,0.04,-0.9
24048.622393,1712.,0.04115554004935834,-0.09961455245851236,-0.022081229028913497,595.0,0.13,0.1,-0.76
24071.790726,1721.,0.04115554004935834,-0.09961455245851236,-0.022081229028913497,606.0,0.4,0.04,-0.58
24096.318467,1721.,0.04115554004935834,-0.09961455245851236,-0.022081229028913497,569.0,-0.19,0.05,-0.94
24118.798522,1721.,0.040898845272200626,-0.07959998891442388,-0.021649224945051934,604.0,0.5,0.09,-0.5
24141.5408,1721.,0.040898845272200626,-0.07959998891442388,-0.021649224945051934,582.0,-0.25,0.04,-0.89
24162.884726,1722.,0.04065533838299943,-0.05959325183232145,-0.021225264015214476,573.0,-0.37,0.02,-1.0
24187.190485,1722.,0.04065533838299943,-0.05959325183232145,-0.021225264015214476,580.0,-0.31,0.04,-1.06
24204.473411,1722.,0.04065533838299943,-0.05959325183232145,-0.021225264015214476,586.0,-0.1,0.14,-0.93
24230.502782,1722.,0.04065533838299943,-0.05959325183232145,-0.021225264015214476,544.0,-0.22,0.15,-1.02
24256.434393,1722.,0.04065533838299943,-0.05959325183232145,-0.021225264015214476,558.0,0.31,0.17,-0.8
24278.253652,1722.,0.04065533838299943,-0.05959325183232145,-0.021225264015214476,553.0,-0.41,-0.01,-1.07
24302.38467,1721.,0.040424676227254826,-0.03959233898779546,-0.020808805814881724,549.0,0.03,0.11,-0.75
24327.3908,1721.,0.040424676227254826,-0.03959233898779546,-0.020808805814881724,568.0,-0.09,0.1,-0.96
24353.585393,1721.,0.040424676227254826,-0.03959233898779546,-0.020808805814881724,555.0,0.14,0.12,-0.89
24373.40167,1721.,0.040206546889455214,-0.019595253086755138,-0.02039932988350545,561.0,0.3,0.04,-0.58
24396.033689,1721.,0.040206546889455214,-0.019595253086755138,-0.02039932988350545,575.0,0.37,0.09,-0.75
24418.738004,1721.,0.04000066829682865,0.0004000000106665347,-0.019996333547979216,544.0,-0.02,-0.06,-0.88
24443.363837,1721.,0.04000066829682865,0.0004000000106665347,-0.019996333547979216,586.0,-0.29,-0.04,-1.07
24467.495448,1721.,0.03980678700678857,0.02039541306008541,-0.019599329862095297,524.0,0.1,0.02,-0.81
24485.54393,1721.,0.03980678700678857,0.02039541306008541,-0.019599329862095297,535.0,0.04,0.12,-0.96
24509.201596,1721.,0.039624677167150964,0.04039297920092366,-0.019207845644214436,531.0,0.0,0.09,-0.86
24532.108707,1721.,0.03945413964016281,0.06039469372677542,-0.01882141959652666,574.0,-0.31,0.01,-0.97
24554.027448,1721.,0.03945413964016281,0.06039469372677542,-0.01882141959652666,559.0,-0.16,0.09,-0.94
24577.488485,1721.,0.03929500128321322,0.08040255586231337,-0.018439600490191523,579.0,-0.39,-0.05,-1.1
24600.167504,1721.,0.03929500128321322,0.08040255586231337,-0.018439600490191523,569.0,-0.33,-0.05,-1.07
24627.281004,1721.,0.03929500128321322,0.08040255586231337,-0.018439600490191523,514.0,-0.15,0.07,-1.01
24648.850615,1721.,0.03929500128321322,0.08040255586231337,-0.018439600490191523,583.0,0.15,-0.0,-0.83
24666.478355,1721.,0.03929500128321322,0.08040255586231337,-0.018439600490191523,593.0,0.1,0.12,-0.92
24692.037892,1721.,0.03929500128321322,0.08040255586231337,-0.018439600490191523,568.0,0.24,0.03,-0.83
24712.765578,1721.,0.03929500128321322,0.08040255586231337,-0.018439600490191523,652.0,0.34,0.1,-0.78
24736.184244,1721.,0.03929500128321322,0.08040255586231337,-0.018439600490191523,573.0,-0.07,0.07,-0.98
24759.219911,1723.,0.039147114380829566,0.10041857055103076,-0.01806194540133084,607.0,0.1,0.09,-0.81
24782.234207,1727.,0.039147114380829566,0.10041857055103076,-0.01806194540133084,592.0,-0.21,0.05,-0.99
24802.322448,1772.,0.039147114380829566,0.10041857055103076,-0.01806194540133084,599.0,-0.09,0.03,-0.98
24822.490448,1772.,0.039147114380829566,0.10041857055103076,-0.01806194540133084,639.0,-0.14,-0.03,-0.91
24846.943985,1772.,0.039147114380829566,0.10041857055103076,-0.01806194540133084,615.0,-0.39,0.08,-1.13
24871.717503,1772.,0.039147114380829566,0.10041857055103076,-0.01806194540133084,616.0,-0.2,-0.07,-0.94
24894.4473,1772.,0.039147114380829566,0.10041857055103076,-0.01806194540133084,637.0,-0.17,0.08,-0.99
24913.855263,1798.,0.039147114380829566,0.10041857055103076,-0.01806194540133084,700.0,-0.2,0.05,-0.99
24936.499429,1798.,0.039147114380829566,0.10041857055103076,-0.01806194540133084,692.0,0.17,0.11,-0.81
24956.590911,1798.,0.039147114380829566,0.10041857055103076,-0.01806194540133084,686.0,0.25,-0.07,-0.76
24976.074763,1798.,0.039147114380829566,0.10041857055103076,-0.01806194540133084,710.0,0.12,0.0,-0.9
24999.00367,1798.,0.039147114380829566,0.10041857055103076,-0.01806194540133084,689.0,0.08,0.08,-0.88
25026.109559,1798.,0.06023505221440735,0.09999642072617787,0.0030150662405729204,710.0,-0.02,0.06,-0.99
25044.860337,1798.,0.06023505221440735,0.09999642072617787,0.0030150662405729204,750.0,0.03,0.2,-0.99
25072.103077,1797.,0.06033520424726162,0.12001761496995167,0.003626092084743756,710.0,-0.14,0.12,-1.01
25091.985448,1808.,0.06033520424726162,0.12001761496995167,0.003626092084743756,725.0,0.0,-0.05,-0.89
25114.084614,1840.,0.06033520424726162,0.12001761496995167,0.003626092084743756,765.0,-0.14,0.04,-0.97
25132.958114,1840.,0.06023505221440735,0.09999642072617787,0.0030150662405729204,776.0,0.03,0.02,-1.01
25156.68217,1840.,0.06023505221440735,0.09999642072617787,0.0030150662405729204,777.0,-0.21,0.01,-1.08
25179.050559,1885.,0.060153424575299874,0.07998519611416177,0.0024077000023904156,811.0,0.17,0.16,-0.99
25208.504096,1885.,0.06095149234271437,0.07937926841703291,0.022446543509262454,807.0,-0.14,0.05,-1.02
25226.980763,1884.,0.06095149234271437,0.07937926841703291,0.022446543509262454,877.0,-0.24,0.14,-1.17
25253.407374,1884.,0.060687103149440036,0.05937785846573229,0.021821176102931793,831.0,-0.14,0.07,-1.03
25280.590818,1884.,0.08131169752350595,0.05834603537662075,0.042426858956771625,861.0,-0.03,0.03,-1.1
25303.116355,1884.,0.08131169752350595,0.05834603537662075,0.042426858956771625,830.0,-0.1,-0.06,-1.06
25328.981003,1884.,0.08085141872528556,0.03836137921141303,0.041594556570914355,857.0,-0.07,0.03,-1.19
25350.244281,1884.,0.08041616813464036,0.018380023818697078,0.040776162217147645,865.0,-0.08,0.04,-1.2
25369.329503,1884.,0.08059559068419743,0.017574887809525652,0.060768722837716796,864.0,0.11,0.12,-1.1
25394.115596,1884.,0.08059559068419743,0.017574887809525652,0.060768722837716796,930.0,-0.09,0.04,-1.17
25423.992485,1884.,0.07998542696503337,-0.0024000023040058327,0.05996104912641681,868.0,-0.29,0.07,-1.22
25445.470114,1884.,0.07998542696503337,-0.0024000023040058327,0.05996104912641681,1023.0,-0.21,0.07,-1.16
25468.211855,1884.,0.07998542696503337,-0.0024000023040058327,0.05996104912641681,959.0,-0.13,0.2,-1.25
25492.706762,1878.,0.07998542696503337,-0.0024000023040058327,0.05996104912641681,840.0,-0.01,0.1,-1.1
25516.605633,1846.,0.07917180219813774,-0.023169045549664924,0.07917180219813774,873.0,0.04,0.1,-1.18
25536.400114,1821.,0.09918072432944632,-0.0239602483118051,0.07893640640857376,861.0,-0.14,0.12,-1.28
25557.893614,1777.,0.09918072432944632,-0.0239602483118051,0.07893640640857376,846.0,-0.21,-0.05,-1.08
25583.17654,1777.,0.09941469839740312,-0.022966988382323805,0.05894457191887113,856.0,-0.15,0.09,-1.21
25602.728633,1777.,0.09886174864515622,-0.042937119565080506,0.05797175734870571,924.0,0.09,0.08,-1.12
25632.490003,1742.,0.09886174864515622,-0.042937119565080506,0.05797175734870571,848.0,0.14,0.03,-1.02
25653.769355,1741.,0.09886174864515622,-0.042937119565080506,0.05797175734870571,894.0,0.07,0.05,-1.13
25674.739059,1727.,0.09886174864515622,-0.042937119565080506,0.05797175734870571,834.0,-0.13,0.08,-1.19
25692.56304,1717.,0.09886174864515622,-0.042937119565080506,0.05797175734870571,926.0,0.05,0.17,-0.9
25716.795336,1717.,0.09886174864515622,-0.042937119565080506,0.05797175734870571,933.0,0.01,0.14,-0.83
25739.700059,1717.,0.09886174864515622,-0.042937119565080506,0.05797175734870571,1009.0,0.07,0.13,-0.89
25765.448373,1717.,0.09928509010300848,-0.041946245026644347,0.037976469790982445,1016.0,-0.12,-0.06,-1.01
25783.887762,1674.,0.09963868203159694,-0.021971745261312847,0.03895921086717427,1098.0,0.04,0.01,-0.95
25808.381392,1673.,0.09985268405607292,-0.020974519604914033,0.01897829514480555,1279.0,-0.07,-0.06,-0.82
25827.58654,1673.,0.10004171361154003,0.0,0.0,1099.0,-0.18,0.0,-1.09
25851.335595,1673.,0.10004171361154003,0.0,0.0,1105.0,-0.21,0.03,-1.04
25875.740095,1673.,0.10004171361154003,0.0,0.0,1019.0,-0.24,0.08,-1.11
25895.590873,1673.,0.10004171361154003,0.0,-0.0,1061.0,-0.01,0.12,-0.9
25922.605484,1674.,0.10003673225376572,0.0010000001666667924,-0.019975321442200548,1039.0,-0.17,0.1,-0.9
25947.096929,1674.,0.08001735821318334,0.0008000000853334299,-0.019984329338506954,1019.0,-0.22,0.12,-0.78
25969.516021,1674.,0.08001735821318334,0.0008000000853334299,-0.019984329338506954,1061.0,-0.19,0.16,-0.93
25989.261447,1676.,0.07982995337933951,0.020783488110036163,-0.019187312790932484,1025.0,-0.07,0.08,-0.92
26008.092299,1676.,0.07961856763640368,0.021580664033744368,-0.03917711916513484,1015.0,-0.08,0.08,-0.8
26033.023521,1676.,0.07925526623464048,0.041563937503931836,-0.038394555185900306,1002.0,-0.32,0.01,-0.95
26058.737262,1676.,0.07883618231183974,0.04235462017640379,-0.05839846799518087,979.0,-0.4,0.01,-0.96
26077.254984,1772.,0.07917180219813774,0.023169045549665146,-0.07917180219813774,995.0,0.13,0.07,-0.75
26102.374447,1772.,0.07797391573067254,0.0439240210717895,-0.09842838218801402,988.0,-0.23,-0.09,-0.95
26126.743225,1772.,0.07753071082987434,0.044702729769707794,-0.1184584401942231,1015.0,-0.24,-0.06,-1.04
26145.257651,1772.,0.07869298709162886,0.024749456164652406,-0.11920007479634322,953.0,0.13,0.07,-0.69
26169.704929,1772.,0.07844153005080598,0.02553666614937522,-0.13923189553125742,941.0,0.0,0.08,-0.89
26189.098947,1772.,0.07753071082987434,0.044702729769707794,-0.1184584401942231,1017.0,0.06,0.15,-0.79
26213.163058,1772.,0.07753071082987434,0.044702729769707794,-0.1184584401942231,974.0,-0.09,0.07,-0.79
26238.460114,1818.,0.07753071082987434,0.044702729769707794,-0.1184584401942231,954.0,-0.34,0.1,-1.1
26258.10778,1819.,0.07797391573067254,0.0439240210717895,-0.09842838218801402,930.0,-0.04,-0.07,-0.95
26280.179429,1819.,0.07797391573067254,0.0439240210717895,-0.09842838218801402,904.0,-0.04,0.06,-0.98
26299.254447,1819.,0.07840906877642936,0.043141316081032555,-0.07840906877642936,944.0,-0.1,0.19,-0.98
26322.868558,1819.,0.07840906877642936,0.043141316081032555,-0.07840906877642936,902.0,-0.05,-0.02,-1.1
26349.693614,1819.,0.07840906877642936,0.043141316081032555,-0.07840906877642936,898.0,0.12,0.08,-0.82
26369.203077,1819.,0.07883618231183974,0.04235462017640379,-0.05839846799518087,870.0,-0.46,-0.0,-1.04
26395.552669,1820.,0.07883618231183974,0.04235462017640379,-0.05839846799518087,860.0,0.14,0.09,-1.13
26419.70578,1820.,0.07883618231183974,0.04235462017640379,-0.05839846799518087,826.0,-0.07,0.05,-1.05
26439.683725,1820.,0.07925526623464048,0.041563937503931836,-0.038394555185900306,851.0,-0.0,0.02,-0.85
26463.151947,1820.,0.07925526623464048,0.041563937503931836,-0.038394555185900306,836.0,-0.19,0.12,-1.09
26481.839743,1820.,0.07961856763640368,0.021580664033744368,-0.03917711916513484,818.0,-0.01,0.02,-1.13
26507.733928,1820.,0.07961856763640368,0.021580664033744368,-0.03917711916513484,820.0,-0.15,-0.09,-0.97
26526.688447,1820.,0.07966632800842093,0.04076927098313088,-0.018395311154587497,825.0,-0.32,0.03,-1.12
26544.696743,1820.,0.07982995337933951,0.020783488110036163,-0.019187312790932484,815.0,-0.14,0.06,-1.12
26563.433058,1820.,0.07982995337933951,0.020783488110036163,-0.019187312790932484,801.0,0.02,-0.01,-1.14
26587.659225,1820.,0.08001735821318334,0.0008000000853334299,-0.019984329338506954,816.0,-0.07,0.0,-1.03
26605.449188,1820.,0.08002134870797785,0.0,-0.0,775.0,0.0,0.05,-1.0
26623.329077,1820.,0.08003334780531549,-0.019984322942669053,-0.0008001598612373593,778.0,0.06,0.19,-1.12
26647.850132,1820.,0.10005671023243679,-0.019975311453208633,-0.0010001997064747884,781.0,-0.13,0.07,-1.17
26671.369169,1820.,0.10005671023243679,-0.019975311453208633,-0.0010001997064747884,797.0,-0.23,0.08,-1.08
26703.473984,1820.,0.10010173452596703,-0.039952585820928865,-0.002001598607954325,790.0,0.03,0.03,-1.2
26728.220539,1820.,0.10010173452596703,-0.039952585820928865,-0.002001598607954325,774.0,0.05,0.06,-1.23
26747.141502,1820.,0.10010173452596703,-0.039952585820928865,-0.002001598607954325,748.0,-0.11,0.14,-1.0
26766.046706,1820.,0.10010173452596703,-0.039952585820928865,-0.002001598607954325,770.0,0.09,0.06,-0.92
26789.284854,1820.,0.10010173452596703,-0.039952585820928865,-0.002001598607954325,729.0,0.05,0.07,-1.11
26813.584484,1820.,0.10010173452596703,-0.039952585820928865,-0.002001598607954325,727.0,-0.22,0.02,-1.15
26839.576484,1820.,0.10010173452596703,-0.039952585820928865,-0.002001598607954325,780.0,0.01,0.03,-0.89
26858.479595,1820.,0.10010173452596703,-0.039952585820928865,-0.002001598607954325,745.0,-0.09,-0.01,-1.26
26880.490873,1820.,0.10017688998849189,-0.05993378765778079,-0.003005400688801103,743.0,-0.11,0.14,-1.06
26900.018484,1820.,0.10017688998849189,-0.05993378765778079,-0.003005400688801103,729.0,-0.09,0.03,-0.96
26922.416206,1820.,0.0801295061940095,-0.05996087623109281,-0.0024043231570650596,726.0,0.03,-0.02,-1.13
26943.792317,1820.,0.0801295061940095,-0.05996087623109281,-0.0024043231570650596,737.0,-0.05,0.0,-1.14
26968.159039,1820.,0.07952632605332635,-0.06075932649199789,0.017607381709105595,743.0,0.18,0.09,-0.94
26987.745743,1820.,0.07952632605332635,-0.06075932649199789,0.017607381709105595,724.0,0.05,0.05,-1.01
27013.705687,1820.,0.07952632605332635,-0.06075932649199789,0.017607381709105595,689.0,-0.14,0.05,-1.11
27035.991058,1820.,0.07952632605332635,-0.06075932649199789,0.017607381709105595,717.0,-0.24,-0.03,-1.03
27056.797373,1820.,0.07952632605332635,-0.06075932649199789,0.017607381709105595,717.0,-0.07,0.11,-1.2
27073.943058,1820.,0.07952632605332635,-0.06075932649199789,0.017607381709105595,705.0,0.0,0.04,-1.11
27098.753206,1820.,0.07952632605332635,-0.06075932649199789,0.017607381709105595,734.0,-0.05,0.09,-1.06
27121.819595,1820.,0.07952632605332635,-0.06075932649199789,0.017607381709105595,689.0,-0.05,0.08,-1.06
27148.20491,1820.,0.07952632605332635,-0.06075932649199789,0.017607381709105595,710.0,-0.13,0.09,-1.17
27167.602169,1820.,0.07891508627810184,-0.06155179556850188,0.03762206103654587,728.0,0.13,0.04,-0.97
27188.30528,1820.,0.059233792447075884,-0.04117762132293157,0.03880861543952236,709.0,-0.1,0.09,-1.18
27208.933817,1820.,0.059233792447075884,-0.04117762132293157,0.03880861543952236,743.0,0.01,0.01,-1.14
27230.487798,1820.,0.059233792447075884,-0.04117762132293157,0.03880861543952236,746.0,-0.08,0.1,-0.98
27253.729817,1820.,0.059233792447075884,-0.04117762132293157,0.03880861543952236,675.0,0.15,0.09,-0.9
27277.365891,1820.,0.059233792447075884,-0.04117762132293157,0.03880861543952236,732.0,0.03,0.1,-1.19
27296.028872,1820.,0.059233792447075884,-0.04117762132293157,0.03880861543952236,758.0,-0.03,0.06,-0.99
27322.214798,1820.,0.059233792447075884,-0.04117762132293157,0.03880861543952236,757.0,0.12,0.04,-0.98
27346.959076,1820.,0.059233792447075884,-0.04117762132293157,0.03880861543952236,758.0,0.14,-0.01,-1.05
27366.173058,1820.,0.039600903443053274,-0.020792496137719496,0.039600903443053274,785.0,0.05,-0.0,-1.05
27390.42778,1820.,0.0399846738846122,-0.0012000002880001581,0.059997018644704136,731.0,-0.2,0.17,-1.24
27408.877835,1820.,0.04059029628124346,0.018787100244315846,0.06040536658619982,725.0,0.04,-0.01,-0.96
27431.999428,1820.,0.04059029628124346,0.018787100244315846,0.06040536658619982,796.0,-0.01,0.15,-1.03
27455.952039,1820.,0.04081865364909733,0.039186020670298305,0.04081865364909733,800.0,-0.07,-0.03,-0.96
27474.178632,1820.,0.040424676227254826,0.03959233898779546,0.020808805814881724,739.0,0.22,-0.08,-0.94
27493.770428,1820.,0.04065533838299943,0.05959325183232167,0.021225264015214476,817.0,-0.07,0.03,-1.1
27516.943928,1820.,0.04065533838299943,0.05959325183232167,0.021225264015214476,751.0,-0.15,0.01,-1.17
27541.337076,1820.,0.040898845272200626,0.0795999889144241,0.021649224945051934,750.0,0.08,0.05,-1.06
27567.827354,1820.,0.040898845272200626,0.0795999889144241,0.021649224945051934,746.0,-0.02,0.1,-0.99
27587.143243,1820.,0.04115554004935834,0.09961455245851236,0.022081229028913497,777.0,-0.41,0.12,-1.29
27607.079576,1820.,0.04115554004935834,0.09961455245851236,0.022081229028913497,802.0,0.06,0.15,-1.09
27632.150576,1819.,0.04115554004935834,0.09961455245851236,0.022081229028913497,797.0,-0.13,0.01,-1.08
27654.735854,1819.,0.04115554004935834,0.09961455245851236,0.022081229028913497,800.0,-0.08,0.12,-1.12
27673.440576,1819.,0.04142579870095868,0.11963895140574876,0.02252183896699407,815.0,0.2,0.02,-0.89
27697.800243,1695.,0.04142579870095868,0.11963895140574876,0.02252183896699407,775.0,-0.16,0.1,-1.09
27717.353724,1691.,0.040220153114032174,0.12004789681061823,0.002417400609324752,787.0,0.07,0.14,-1.02
27738.677872,1672.,0.040220153114032174,0.12004789681061823,0.002417400609324752,795.0,-0.11,0.1,-1.06
27764.584928,1674.,0.040220153114032174,0.12004789681061823,0.002417400609324752,807.0,0.07,0.24,-0.93
27784.16878,1674.,0.04015337912241325,0.10002158593850541,0.002010047544192819,798.0,0.06,-0.06,-0.96
27811.971168,1674.,0.04015337912241325,0.10002158593850541,0.002010047544192819,796.0,-0.09,-0.08,-1.15
27830.968446,1674.,0.03929500128321322,0.08040255586231337,-0.018439600490191523,770.0,0.09,-0.01,-0.97
27856.938946,1673.,0.03929500128321322,0.08040255586231337,-0.018439600490191523,778.0,-0.08,-0.0,-1.05
27879.286668,1673.,0.03945413964016281,0.06039469372677542,-0.01882141959652666,773.0,-0.08,0.09,-0.99
27897.866668,1674.,0.03945413964016281,0.06039469372677542,-0.01882141959652666,751.0,-0.22,0.08,-0.93
27921.397316,1674.,0.039624677167150964,0.04039297920092366,-0.019207845644214436,743.0,-0.09,0.05,-0.91
27945.632835,1674.,0.039624677167150964,0.04039297920092366,-0.019207845644214436,786.0,0.06,0.01,-0.83
27969.643372,1674.,0.039624677167150964,0.04039297920092366,-0.019207845644214436,715.0,0.28,0.16,-0.61
27994.293965,1674.,0.03980678700678857,0.02039541306008541,-0.019599329862095297,680.0,0.36,0.13,-0.56
28020.188613,1675.,0.059606646309405625,0.0211875802929975,-0.03939101522470591,706.0,-0.29,0.06,-1.03
28039.377687,1675.,0.059606646309405625,0.0211875802929975,-0.03939101522470591,716.0,-0.41,0.07,-0.98
28062.728279,1675.,0.059997018644704136,0.0012000002880003802,-0.0399846738846122,661.0,-0.46,0.02,-1.03
28087.215946,1675.,0.059997018644704136,0.0012000002880003802,-0.0399846738846122,743.0,-0.44,0.03,-1.01
28107.232094,1675.,0.06040536658619982,-0.018787100244315624,-0.04059029628124346,648.0,0.42,0.12,-0.57
28134.626724,1674.,0.06040536658619982,-0.018787100244315624,-0.04059029628124346,696.0,-0.07,0.05,-0.87
28152.775909,1678.,0.06059004733272919,-0.018181992731777008,-0.06059004733272919,677.0,-0.11,0.03,-0.87
28178.383427,1755.,0.06059004733272919,-0.018181992731777008,-0.06059004733272919,610.0,-0.44,0.1,-1.05
28201.829427,1815.,0.06059004733272919,-0.018181992731777008,-0.06059004733272919,681.0,-0.14,0.05,-0.89
28219.499298,1836.,0.06059004733272919,-0.018181992731777008,-0.06059004733272919,662.0,-0.09,0.03,-0.87
28242.82965,1836.,0.06121674180793175,-0.03816524025492396,-0.06121674180793175,690.0,0.18,0.14,-0.74
28265.478983,1836.,0.06121674180793175,-0.03816524025492396,-0.06121674180793175,689.0,0.07,0.02,-0.79
28288.742594,1836.,0.06121674180793175,-0.03816524025492396,-0.06121674180793175,644.0,0.2,0.01,-0.7
28316.819779,1885.,0.060768722837716796,-0.01757488780952543,-0.08059559068419743,616.0,-0.26,-0.05,-0.91
28333.065353,1885.,0.06159527195705213,-0.03755078208378837,-0.08123041809849135,669.0,0.14,0.06,-0.9
28359.481298,1885.,0.08076701520195032,-0.01676775844973899,-0.08076701520195032,683.0,-0.12,-0.07,-0.98
28383.234779,1885.,0.08076701520195032,-0.01676775844973899,-0.08076701520195032,593.0,-0.04,-0.0,-0.99
28402.273761,1885.,0.08059559068419743,-0.01757488780952543,-0.060768722837716796,675.0,-0.02,0.04,-1.07
28427.51439,1885.,0.08059559068419743,-0.01757488780952543,-0.060768722837716796,646.0,-0.03,0.05,-1.13
28450.177409,1885.,0.08059559068419743,-0.01757488780952543,-0.060768722837716796,600.0,0.02,0.0,-1.1
28472.07002,1885.,0.08000538551413727,0.001600000682667746,-0.039970673501334535,607.0,-0.09,-0.06,-1.19
28498.667279,1885.,0.08000538551413727,0.001600000682667746,-0.039970673501334535,587.0,0.03,0.1,-1.12
28514.470835,1885.,0.10002178665206027,0.002000001333335888,-0.03995266576888284,604.0,0.12,-0.0,-1.13
28544.03439,1885.,0.10002178665206027,0.002000001333335888,-0.03995266576888284,561.0,-0.13,0.1,-1.08
28568.543909,1885.,0.10002178665206027,0.002000001333335888,-0.03995266576888284,547.0,0.04,0.02,-1.19
28587.705538,1885.,0.10002178665206027,0.002000001333335888,-0.03995266576888284,530.0,-0.22,0.06,-1.22
28609.422223,1885.,0.10002178665206027,0.002000001333335888,-0.03995266576888284,515.0,-0.14,0.13,-1.17
28636.989983,1885.,0.10002178665206027,0.002000001333335888,-0.03995266576888284,525.0,0.03,0.07,-1.28
28655.408001,1883.,0.10002178665206027,0.002000001333335888,-0.03995266576888284,503.0,-0.13,0.02,-1.29
28679.322001,1883.,0.10003673225376572,0.0010000001666667924,-0.019975321442200548,481.0,-0.15,0.03,-1.23
28699.980483,1883.,0.12006614918524756,0.0012000002880003802,-0.019964306265777818,472.0,-0.01,0.12,-1.21
28724.253501,1747.,0.12006614918524756,0.0012000002880003802,-0.019964306265777818,439.0,-0.06,0.03,-1.2
28750.932223,1723.,0.12006614918524756,0.0012000002880003802,-0.019964306265777818,437.0,0.0,-0.02,-1.15
28768.910353,1695.,0.12006614918524756,0.0012000002880003802,-0.019964306265777818,405.0,-0.05,0.11,-1.18
28793.394779,1683.,0.12007211689055684,0.0,0.0,360.0,-0.13,0.12,-1.22
28814.520964,1683.,0.12007211689055684,0.0,0.0,364.0,-0.01,0.07,-1.09
28833.082427,1683.,0.12007211689055684,0.0,0.0,354.0,0.03,0.04,-1.09
28857.230594,1683.,0.12007211689055684,0.0,-0.0,313.0,-0.25,0.01,-1.18
28879.907834,1650.,0.12007211689055684,0.0,-0.0,273.0,-0.09,0.22,-1.11
28901.628686,1650.,0.120282735024881,-0.018763064742817415,-0.021167270082132084,264.0,0.13,-0.04,-0.86
28932.281168,1622.,0.120282735024881,-0.018763064742817415,-0.021167270082132084,246.0,-0.12,-0.04,-1.04
28951.722001,1622.,0.120282735024881,-0.018763064742817415,-0.021167270082132084,196.0,-0.44,-0.07,-1.05
28978.509631,1622.,0.12053556995701441,-0.038727595831545614,-0.022377603231426183,163.0,0.2,0.13,-0.82
29002.517927,1622.,0.12053556995701441,-0.038727595831545614,-0.022377603231426183,145.0,-0.33,-0.07,-1.13
29023.303927,1626.,0.1208250138732433,-0.05869553777554892,-0.023596768681672313,116.0,0.09,0.05,-0.69
29049.445445,1642.,0.14058799570575176,-0.03850136521601266,-0.022764762288424608,73.0,-0.16,0.2,-0.92
29072.727631,1677.,0.14089191391249087,-0.05845602421034557,-0.024184575061560878,80.0,0.24,0.04,-0.68
29091.671482,1730.,0.14019858173415056,-0.039904448741527654,-0.0028022344585462372,102.0,-0.08,0.01,-0.69
29115.522186,1730.,0.14019858173415056,-0.039904448741527654,-0.0028022344585462372,117.0,-0.19,0.06,-0.83
29135.658075,1730.,0.14019858173415056,-0.039904448741527654,-0.0028022344585462372,128.0,-0.11,0.08,-0.82
29153.572131,1730.,0.1397952124604856,-0.041303596703831325,0.017161405036997382,159.0,0.1,0.06,-0.62
29179.142594,1730.,0.1397952124604856,-0.041303596703831325,0.017161405036997382,154.0,-0.36,0.05,-0.97
29200.208612,1746.,0.13970157133215172,-0.06126104889198469,0.015771149920808594,163.0,0.11,0.12,-0.7
29221.783001,1746.,0.13970157133215172,-0.06126104889198469,0.015771149920808594,172.0,-0.38,0.0,-0.97
29240.843242,1746.,0.13970157133215172,-0.06126104889198469,0.015771149920808594,172.0,-0.21,0.08,-0.98
29263.659205,1746.,0.13964962020279942,-0.08122484665799545,0.014381800591750786,179.0,-0.28,0.07,-1.03
29288.768001,1746.,0.13883375934009934,-0.0826174764738592,0.03438579974909268,177.0,-0.16,0.02,-0.96
29311.660093,1746.,0.13883375934009934,-0.0826174764738592,0.03438579974909268,173.0,0.22,0.1,-0.85
29328.839593,1746.,0.13908534900427216,-0.06265469575017435,0.03575356350409267,174.0,0.36,-0.03,-0.61
29353.392279,1746.,0.13908534900427216,-0.06265469575017435,0.03575356350409267,160.0,-0.02,0.03,-0.94
29382.182519,1746.,0.13937788116505528,-0.04269881056550484,0.03712819965671729,159.0,0.17,0.02,-0.83
29404.644242,1746.,0.13937788116505528,-0.04269881056550484,0.03712819965671729,139.0,-0.01,0.09,-0.92
29422.71613,1746.,0.13937788116505528,-0.04269881056550484,0.03712819965671729,150.0,0.04,0.12,-1.04
29446.60389,1746.,0.13947871022158495,-0.02414325815408036,0.05847308471266894,138.0,-0.24,-0.1,-0.87
29472.669279,1746.,0.14005203547672576,-0.004200012348098081,0.059862020437951066,152.0,-0.16,0.09,-0.96
29491.757019,1749.,0.14005203547672576,-0.004200012348098081,0.059862020437951066,142.0,-0.09,0.04,-0.89
29518.622593,1749.,0.140816575617775,0.014334381625738857,0.08123321059428895,137.0,-0.31,0.11,-1.02
29542.83563,1748.,0.14000336459340573,-0.005600029269746454,0.0798255758531829,138.0,0.03,0.05,-0.98
29560.93713,1748.,0.14005203547672576,-0.004200012348098081,0.059862020437951066,147.0,0.03,0.05,-0.9
29582.537741,1748.,0.14005203547672576,-0.004200012348098081,0.059862020437951066,146.0,0.14,0.1,-0.91
29604.614075,1748.,0.14066720407567118,0.015741562827420674,0.061268649333773205,150.0,0.13,0.04,-0.91
29627.346056,1748.,0.14066720407567118,0.015741562827420674,0.061268649333773205,144.0,-0.43,0.04,-1.13
29653.21189,1748.,0.14066720407567118,0.015741562827420674,0.061268649333773205,139.0,-0.18,-0.01,-0.89
29672.182019,1748.,0.14132496294049027,0.03568337934876631,0.0626946585041946,140.0,-0.1,0.07,-0.99
29691.214149,1748.,0.14132496294049027,0.03568337934876631,0.0626946585041946,133.0,-0.28,0.06,-1.03
29713.86626,1748.,0.14132496294049027,0.03568337934876631,0.0626946585041946,134.0,-0.3,-0.01,-1.04
29732.82113,1748.,0.14132496294049027,0.03568337934876631,0.0626946585041946,129.0,-0.26,0.0,-1.07
29756.12276,1748.,0.14132496294049027,0.03568337934876631,0.0626946585041946,123.0,-0.06,0.01,-0.93
29780.819001,1776.,0.14132496294049027,0.03568337934876631,0.0626946585041946,121.0,0.0,0.09,-0.92
29799.168315,1776.,0.14096345675939212,0.03709434340964246,0.04272822188701487,103.0,-0.0,0.07,-0.92
29820.814426,1817.,0.14096345675939212,0.03709434340964246,0.04272822188701487,97.0,-0.14,0.04,-1.02
29840.532334,1818.,0.14096345675939212,0.03709434340964246,0.04272822188701487,80.0,-0.08,0.05,-0.94
29859.21676,1818.,0.14058799570575176,0.03850136521601266,0.022764762288424608,75.0,-0.08,-0.08,-0.89
29883.611408,1818.,0.14019858173415056,0.039904448741527654,0.0028022344585462372,86.0,-0.14,0.06,-0.97
29908.724889,1818.,0.14019858173415056,0.039904448741527654,0.0028022344585462372,88.0,-0.12,0.03,-0.97
29927.263334,1819.,0.16026713092756048,0.039874333619654534,0.0032025511007840236,85.0,-0.07,0.09,-0.97
29955.734871,1819.,0.15998972864539848,0.02153555532769591,-0.018339170978336726,87.0,-0.09,0.09,-1.08
29976.777704,1819.,0.15998972864539848,0.02153555532769591,-0.018339170978336726,84.0,-0.36,0.08,-1.15
29995.894834,1819.,0.15998972864539848,0.02153555532769591,-0.018339170978336726,84.0,0.06,-0.08,-0.96
30019.791667,1819.,0.15998972864539848,0.02153555532769591,-0.018339170978336726,90.0,-0.06,-0.01,-0.93
30038.890037,1819.,0.15986398570675966,0.04147364965530165,-0.01674606264562011,86.0,-0.14,0.07,-1.11
30063.575093,1819.,0.15944491956486934,0.04306905373719827,-0.03669799989547752,85.0,-0.15,-0.06,-1.08
30090.017445,1819.,0.15944491956486934,0.04306905373719827,-0.03669799989547752,86.0,-0.1,0.16,-1.03
30109.580834,1819.,0.15916857456308184,0.06301024015335965,-0.03512260923615971,86.0,-0.33,0.19,-1.25
30136.150371,1819.,0.15944491956486934,0.04306905373719827,-0.03669799989547752,85.0,0.01,0.04,-1.11
30158.225315,1819.,0.15944491956486934,0.04306905373719827,-0.03669799989547752,88.0,-0.15,0.08,-1.16
30178.287852,1819.,0.15944491956486934,0.04306905373719827,-0.03669799989547752,84.0,0.08,0.1,-0.97
30201.165426,1819.,0.15976844978866714,0.0231329437079677,-0.03828135026634521,89.0,-0.19,0.01,-1.08
30221.323204,1819.,0.15976844978866714,0.0231329437079677,-0.03828135026634521,85.0,-0.11,0.07,-1.23
30244.751426,1819.,0.15976844978866714,0.0231329437079677,-0.03828135026634521,87.0,0.01,0.1,-0.97
30269.887982,1819.,0.15976844978866714,0.0231329437079677,-0.03828135026634521,88.0,0.06,0.05,-0.94
30289.251389,1819.,0.15953129194397367,0.024728382719187758,-0.05822827846439667,85.0,-0.03,0.09,-1.13
30311.481,1819.,0.15953129194397367,0.024728382719187758,-0.05822827846439667,85.0,-0.03,0.22,-1.08
30331.383574,1819.,0.15953129194397367,0.024728382719187758,-0.05822827846439667,83.0,-0.14,-0.04,-1.11
