Train_W_Window_size_20_Number_of_centers_100,0.18293481725785055
Train_W_Window_size_20_Number_of_centers_95,0.1831017683480485
Train_W_Window_size_20_Number_of_centers_85,0.18318920877037836
Train_W_Window_size_25_Number_of_centers_95,0.1832486300461265
Train_W_Window_size_20_Number_of_centers_90,0.1832733858969057
Train_W_Window_size_25_Number_of_centers_100,0.1833235005576215
Train_W_Window_size_25_Number_of_centers_90,0.18341127840070198
Train_W_Window_size_30_Number_of_centers_95,0.1834368190548838
Train_W_Window_size_15_Number_of_centers_100,0.18345732578635765
Train_W_Window_size_15_Number_of_centers_95,0.18346053444426388
Train_W_Window_size_30_Number_of_centers_100,0.18349084811342023
Train_W_Window_size_15_Number_of_centers_90,0.18352413225468692
Train_W_Window_size_20_Number_of_centers_80,0.18354926582340728
Train_W_Window_size_15_Number_of_centers_85,0.1835718511405257
Train_W_Window_size_20_Number_of_centers_75,0.18358150293836634
Train_W_Window_size_25_Number_of_centers_85,0.18361323690665535
Train_W_Window_size_15_Number_of_centers_70,0.18370399695392772
Train_W_Window_size_15_Number_of_centers_80,0.18373177691844073
Train_W_Window_size_20_Number_of_centers_70,0.18378435639725574
Train_W_Window_size_30_Number_of_centers_90,0.18378788421307035
Train_W_Window_size_15_Number_of_centers_75,0.18383208240520318
Train_W_Window_size_10_Number_of_centers_100,0.18383340690328304
Train_W_Window_size_30_Number_of_centers_85,0.1838498690922875
Train_W_Window_size_25_Number_of_centers_80,0.18389563937759557
Train_W_Window_size_20_Number_of_centers_65,0.1839475720232747
Train_W_Window_size_25_Number_of_centers_75,0.18397898944502888
Train_W_Window_size_10_Number_of_centers_85,0.1840266209569241
Train_W_Window_size_15_Number_of_centers_65,0.18402919767401
Train_W_Window_size_10_Number_of_centers_95,0.18403040368582185
Train_W_Window_size_10_Number_of_centers_90,0.1840465801763941
Train_W_Window_size_15_Number_of_centers_60,0.18404868167091384
Train_W_Window_size_25_Number_of_centers_70,0.18407147279281003
Train_W_Window_size_20_Number_of_centers_60,0.18410716746356434
Train_W_Window_size_35_Number_of_centers_100,0.18413767367650843
Train_W_Window_size_10_Number_of_centers_80,0.18416382417803728
Train_W_Window_size_10_Number_of_centers_75,0.18417112552677803
Train_W_Window_size_40_Number_of_centers_100,0.18418466396429906
Train_W_Window_size_30_Number_of_centers_75,0.18418967461587366
Train_W_Window_size_10_Number_of_centers_70,0.18422625433793813
Train_W_Window_size_30_Number_of_centers_80,0.18426655319749224
Train_W_Window_size_10_Number_of_centers_60,0.18428393068550977
Train_W_Window_size_10_Number_of_centers_65,0.18428854644614187
Train_W_Window_size_15_Number_of_centers_55,0.1843351770798477
Train_W_Window_size_40_Number_of_centers_90,0.1843903768662803
Train_W_Window_size_15_Number_of_centers_50,0.18439490016967222
Train_W_Window_size_15_Number_of_centers_45,0.18441348160466217
Train_W_Window_size_25_Number_of_centers_60,0.18441554075793423
Train_W_Window_size_10_Number_of_centers_55,0.1844434697286449
Train_W_Window_size_10_Number_of_centers_45,0.1844503194021175
Train_W_Window_size_40_Number_of_centers_95,0.18445520358914888
Train_W_Window_size_20_Number_of_centers_55,0.18448803207070566
Train_W_Window_size_20_Number_of_centers_50,0.1845326268469189
Train_W_Window_size_10_Number_of_centers_50,0.1845374210721012
Train_W_Window_size_25_Number_of_centers_65,0.18459756695491006
Train_W_Window_size_35_Number_of_centers_90,0.18460208536002415
Train_W_Window_size_10_Number_of_centers_40,0.18475428599682034
Train_W_Window_size_30_Number_of_centers_70,0.18484552120456998
Train_W_Window_size_10_Number_of_centers_35,0.18485608651033938
Train_W_Window_size_40_Number_of_centers_85,0.18488024090504723
Train_W_Window_size_25_Number_of_centers_55,0.184929916501725
Train_W_Window_size_10_Number_of_centers_30,0.18495525845986746
Train_W_Window_size_35_Number_of_centers_95,0.1849599943134611
Train_W_Window_size_45_Number_of_centers_100,0.18497753476683404
Train_W_Window_size_35_Number_of_centers_85,0.18505087492544486
Train_W_Window_size_5_Number_of_centers_80,0.18516886479452607
Train_W_Window_size_5_Number_of_centers_70,0.18517140054536518
Train_W_Window_size_20_Number_of_centers_45,0.18519401460417578
Train_W_Window_size_30_Number_of_centers_60,0.1852010472133992
Train_W_Window_size_50_Number_of_centers_100,0.18521705100409172
Train_W_Window_size_5_Number_of_centers_65,0.18523790918632177
Train_W_Window_size_30_Number_of_centers_65,0.1852422312847912
Train_W_Window_size_45_Number_of_centers_95,0.18524592253017963
Train_W_Window_size_35_Number_of_centers_80,0.18525441795718076
Train_W_Window_size_10_Number_of_centers_25,0.1852646895937926
Train_W_Window_size_15_Number_of_centers_35,0.18530359520536893
Train_W_Window_size_5_Number_of_centers_60,0.1853543210517171
Train_W_Window_size_15_Number_of_centers_40,0.1853658329568719
Train_W_Window_size_20_Number_of_centers_40,0.18542667849339586
Train_W_Window_size_5_Number_of_centers_50,0.18544866708554797
Train_W_Window_size_35_Number_of_centers_75,0.18548080853406768
Train_W_Window_size_25_Number_of_centers_45,0.18550664237511819
Train_W_Window_size_5_Number_of_centers_100,0.18550766658859846
Train_W_Window_size_45_Number_of_centers_90,0.1855230516702965
Train_W_Window_size_5_Number_of_centers_45,0.18553503341669625
Train_W_Window_size_5_Number_of_centers_35,0.18562315484980954
Train_W_Window_size_5_Number_of_centers_40,0.1856404444248307
Train_W_Window_size_5_Number_of_centers_55,0.18564802861566634
Train_W_Window_size_40_Number_of_centers_80,0.1856840691320126
Train_W_Window_size_5_Number_of_centers_75,0.18573394693544873
Train_W_Window_size_5_Number_of_centers_30,0.18575212868837862
Train_W_Window_size_35_Number_of_centers_70,0.18576148126500763
Train_W_Window_size_55_Number_of_centers_100,0.1857849234925862
Train_W_Window_size_15_Number_of_centers_30,0.18582220898738236
Train_W_Window_size_50_Number_of_centers_95,0.18584100751980076
Train_W_Window_size_5_Number_of_centers_25,0.18586229567446252
Train_W_Window_size_25_Number_of_centers_50,0.18589968636925033
Train_W_Window_size_5_Number_of_centers_20,0.1859415222128374
Train_W_Window_size_45_Number_of_centers_85,0.1860096954681475
Train_W_Window_size_35_Number_of_centers_65,0.18606744873781542
Train_W_Window_size_40_Number_of_centers_70,0.1861382278934966
Train_W_Window_size_50_Number_of_centers_90,0.18619885931015318
Train_W_Window_size_20_Number_of_centers_35,0.1862334059077026
Train_W_Window_size_50_Number_of_centers_85,0.18626159226622138
Train_W_Window_size_30_Number_of_centers_55,0.1863544538378127
Train_W_Window_size_45_Number_of_centers_80,0.1864221723353709
Train_W_Window_size_40_Number_of_centers_75,0.18643728026435696
Train_W_Window_size_15_Number_of_centers_25,0.18644230096195563
Train_W_Window_size_55_Number_of_centers_90,0.18647315677185747
Train_W_Window_size_55_Number_of_centers_95,0.1864810765864214
Train_W_Window_size_40_Number_of_centers_65,0.1865363794214091
Train_W_Window_size_65_Number_of_centers_100,0.18653938842023315
Train_W_Window_size_60_Number_of_centers_100,0.18655699276197368
Train_W_Window_size_25_Number_of_centers_40,0.18656601585647273
Train_W_Window_size_30_Number_of_centers_50,0.18657390031158058
Train_W_Window_size_10_Number_of_centers_20,0.18658554353727108
Train_W_Window_size_45_Number_of_centers_75,0.18661868506649543
Train_W_Window_size_65_Number_of_centers_95,0.18669508348364766
Train_W_Window_size_60_Number_of_centers_95,0.18677126074455921
Train_W_Window_size_40_Number_of_centers_60,0.18677708971789353
Train_W_Window_size_50_Number_of_centers_80,0.18677823811177247
Train_W_Window_size_35_Number_of_centers_60,0.1867946667542786
Train_W_Window_size_55_Number_of_centers_85,0.18682398137390754
Train_W_Window_size_55_Number_of_centers_80,0.18685240673414652
Train_W_Window_size_55_Number_of_centers_75,0.1869298647239676
Train_W_Window_size_60_Number_of_centers_90,0.18694494583433438
Train_W_Window_size_65_Number_of_centers_90,0.18694788534103124
Train_W_Window_size_75_Number_of_centers_100,0.18701195904166423
Train_W_Window_size_45_Number_of_centers_70,0.18701732340333846
Train_W_Window_size_25_Number_of_centers_35,0.18702056722680455
Train_W_Window_size_30_Number_of_centers_45,0.18705006263980195
Train_W_Window_size_20_Number_of_centers_25,0.18713010801657162
Train_W_Window_size_35_Number_of_centers_55,0.1871838626670472
Train_W_Window_size_5_Number_of_centers_15,0.1872022218913252
Train_W_Window_size_60_Number_of_centers_85,0.18723604275639405
Train_W_Window_size_50_Number_of_centers_75,0.18725046048025476
Train_W_Window_size_15_Number_of_centers_20,0.1872855235789559
Train_W_Window_size_70_Number_of_centers_100,0.18734752746999117
Train_W_Window_size_65_Number_of_centers_85,0.18735353749753325
Train_W_Window_size_70_Number_of_centers_85,0.1873967459620605
Train_W_Window_size_10_Number_of_centers_15,0.1874064538837589
Train_W_Window_size_70_Number_of_centers_95,0.1874092364264769
Train_W_Window_size_20_Number_of_centers_30,0.18742233868823632
Train_W_Window_size_85_Number_of_centers_100,0.18746558316067832
Train_W_Window_size_65_Number_of_centers_80,0.18755059778573002
Train_W_Window_size_55_Number_of_centers_70,0.1876010491790552
Train_W_Window_size_80_Number_of_centers_100,0.1876678898709951
Train_W_Window_size_60_Number_of_centers_80,0.18768719403718276
Train_W_Window_size_50_Number_of_centers_70,0.18775584470380424
Train_W_Window_size_35_Number_of_centers_50,0.18778747005500834
Train_W_Window_size_55_Number_of_centers_65,0.18782305807112695
Train_W_Window_size_45_Number_of_centers_55,0.18784169885068677
Train_W_Window_size_70_Number_of_centers_90,0.1878834748713155
Train_W_Window_size_90_Number_of_centers_100,0.18788389625723947
Train_W_Window_size_25_Number_of_centers_30,0.18789483703322302
Train_W_Window_size_45_Number_of_centers_65,0.18789727927414648
Train_W_Window_size_50_Number_of_centers_60,0.1879935710768538
Train_W_Window_size_45_Number_of_centers_60,0.1880157941288457
Train_W_Window_size_5_Number_of_centers_90,0.1880199924039266
Train_W_Window_size_50_Number_of_centers_65,0.18802888369127338
Train_W_Window_size_40_Number_of_centers_55,0.18809562198194127
Train_W_Window_size_95_Number_of_centers_100,0.188132931449353
Train_W_Window_size_35_Number_of_centers_45,0.1881729834022872
Train_W_Window_size_85_Number_of_centers_95,0.1881787639267372
Train_W_Window_size_45_Number_of_centers_50,0.1881921879671217
Train_W_Window_size_70_Number_of_centers_80,0.18823452294832904
Train_W_Window_size_80_Number_of_centers_95,0.18824554411830413
Train_W_Window_size_30_Number_of_centers_35,0.18829293797753419
Train_W_Window_size_30_Number_of_centers_40,0.18830368730331165
Train_W_Window_size_75_Number_of_centers_90,0.18832337830509174
Train_W_Window_size_60_Number_of_centers_75,0.1883458753217954
Train_W_Window_size_100_Number_of_centers_100,0.1883494910115345
Train_W_Window_size_35_Number_of_centers_40,0.1883538395555597
Train_W_Window_size_5_Number_of_centers_10,0.18836051288246064
Train_W_Window_size_55_Number_of_centers_60,0.18837030913136513
Train_W_Window_size_90_Number_of_centers_95,0.1884118767256507
Train_W_Window_size_50_Number_of_centers_55,0.1884157094174632
Train_W_Window_size_60_Number_of_centers_65,0.1884323041380409
Train_W_Window_size_40_Number_of_centers_50,0.1884690573767536
Train_W_Window_size_100_Number_of_centers_95,0.18848031640860516
Train_W_Window_size_60_Number_of_centers_70,0.18851262045388886
Train_W_Window_size_75_Number_of_centers_95,0.18852934156710885
Train_W_Window_size_75_Number_of_centers_80,0.18859943978941776
Train_W_Window_size_30_Number_of_centers_30,0.1886105160832967
Train_W_Window_size_65_Number_of_centers_75,0.18865571922901797
Train_W_Window_size_70_Number_of_centers_70,0.18866810688849397
Train_W_Window_size_70_Number_of_centers_75,0.18869872682182995
Train_W_Window_size_80_Number_of_centers_90,0.18876139031487735
Train_W_Window_size_20_Number_of_centers_20,0.18884855791062366
Train_W_Window_size_95_Number_of_centers_95,0.1888751907443614
Train_W_Window_size_55_Number_of_centers_50,0.1888822536485126
Train_W_Window_size_40_Number_of_centers_45,0.18892193384049424
Train_W_Window_size_75_Number_of_centers_85,0.18893128402042333
Train_W_Window_size_100_Number_of_centers_90,0.18898655552958327
Train_W_Window_size_65_Number_of_centers_70,0.1889958820908302
Train_W_Window_size_80_Number_of_centers_85,0.18903256574309102
Train_W_Window_size_35_Number_of_centers_35,0.18903569977599244
Train_W_Window_size_25_Number_of_centers_25,0.18903761208798403
Train_W_Window_size_80_Number_of_centers_80,0.18908190597148286
Train_W_Window_size_15_Number_of_centers_15,0.18908324967851617
Train_W_Window_size_85_Number_of_centers_90,0.18912831951055473
Train_W_Window_size_95_Number_of_centers_90,0.18915618636886286
Train_W_Window_size_90_Number_of_centers_85,0.18920530274381425
Train_W_Window_size_100_Number_of_centers_85,0.18923920797912336
Train_W_Window_size_90_Number_of_centers_90,0.18925302605496297
Train_W_Window_size_55_Number_of_centers_55,0.18937058931656509
Train_W_Window_size_75_Number_of_centers_75,0.18938728740428112
Train_W_Window_size_85_Number_of_centers_80,0.18942364782636173
Train_W_Window_size_85_Number_of_centers_85,0.18942693584355877
Train_W_Window_size_75_Number_of_centers_70,0.18951325756121515
Train_W_Window_size_90_Number_of_centers_75,0.1895417308259079
Train_W_Window_size_80_Number_of_centers_75,0.1895921635032572
Train_W_Window_size_25_Number_of_centers_20,0.18966831202590778
Train_W_Window_size_95_Number_of_centers_80,0.18968540433883266
Train_W_Window_size_95_Number_of_centers_75,0.1897096525179767
Train_W_Window_size_95_Number_of_centers_85,0.18974169607394656
Train_W_Window_size_60_Number_of_centers_55,0.1897482594377061
Train_W_Window_size_45_Number_of_centers_45,0.18976799943976858
Train_W_Window_size_70_Number_of_centers_65,0.18979187633240047
Train_W_Window_size_100_Number_of_centers_80,0.18980444560406282
Train_W_Window_size_90_Number_of_centers_80,0.18981029458657447
Train_W_Window_size_85_Number_of_centers_75,0.18981352869206133
Train_W_Window_size_100_Number_of_centers_75,0.18986094455611005
Train_W_Window_size_65_Number_of_centers_65,0.1898832191736108
Train_W_Window_size_60_Number_of_centers_60,0.18997397834303878
Train_W_Window_size_10_Number_of_centers_10,0.189989472498115
Train_W_Window_size_55_Number_of_centers_45,0.18999181162410478
Train_W_Window_size_85_Number_of_centers_65,0.18999459880154607
Train_W_Window_size_90_Number_of_centers_70,0.19001830335139103
Train_W_Window_size_75_Number_of_centers_65,0.19005927529927208
Train_W_Window_size_45_Number_of_centers_40,0.1900952342373885
Train_W_Window_size_80_Number_of_centers_65,0.1901696996900795
Train_W_Window_size_65_Number_of_centers_60,0.19018624890739644
Train_W_Window_size_80_Number_of_centers_70,0.19023560076298743
Train_W_Window_size_50_Number_of_centers_45,0.19026171119604493
Train_W_Window_size_40_Number_of_centers_40,0.19026305619713346
Train_W_Window_size_20_Number_of_centers_15,0.19028019998668122
Train_W_Window_size_60_Number_of_centers_50,0.19029959010809286
Train_W_Window_size_85_Number_of_centers_70,0.19031388204904867
Train_W_Window_size_65_Number_of_centers_50,0.19031984036359512
Train_W_Window_size_70_Number_of_centers_60,0.19036883792619283
Train_W_Window_size_80_Number_of_centers_60,0.1903795035392946
Train_W_Window_size_35_Number_of_centers_30,0.19038777184868264
Train_W_Window_size_15_Number_of_centers_10,0.1904155220015119
Train_W_Window_size_50_Number_of_centers_50,0.19045848893148268
Train_W_Window_size_30_Number_of_centers_25,0.19052072046843588
Train_W_Window_size_85_Number_of_centers_60,0.19054502995091982
Train_W_Window_size_90_Number_of_centers_65,0.1906448481467213
Train_W_Window_size_75_Number_of_centers_60,0.19071897655748862
Train_W_Window_size_85_Number_of_centers_55,0.19079745166637416
Train_W_Window_size_95_Number_of_centers_60,0.19081285442494927
Train_W_Window_size_100_Number_of_centers_65,0.19100831940771124
Train_W_Window_size_60_Number_of_centers_45,0.19101805725817358
Train_W_Window_size_65_Number_of_centers_55,0.19102406895274612
Train_W_Window_size_90_Number_of_centers_60,0.19103631617834313
Train_W_Window_size_95_Number_of_centers_70,0.1910559850196859
Train_W_Window_size_100_Number_of_centers_70,0.19108384579978735
Train_W_Window_size_40_Number_of_centers_35,0.19111344567932936
Train_W_Window_size_75_Number_of_centers_55,0.1911165971074664
Train_W_Window_size_45_Number_of_centers_35,0.19114336530176326
Train_W_Window_size_70_Number_of_centers_55,0.19114695685064567
Train_W_Window_size_50_Number_of_centers_40,0.1911615268617236
Train_W_Window_size_70_Number_of_centers_50,0.19116345926336947
Train_W_Window_size_80_Number_of_centers_55,0.19116643084967147
Train_W_Window_size_65_Number_of_centers_45,0.19128713835335162
Train_W_Window_size_40_Number_of_centers_30,0.19139037100928794
Train_W_Window_size_60_Number_of_centers_40,0.19151477530364458
Train_W_Window_size_30_Number_of_centers_20,0.19155392964520282
Train_W_Window_size_95_Number_of_centers_55,0.19162592945650908
Train_W_Window_size_55_Number_of_centers_40,0.19162692805776557
Train_W_Window_size_35_Number_of_centers_25,0.19162984462298255
Train_W_Window_size_100_Number_of_centers_60,0.19166633346024273
Train_W_Window_size_45_Number_of_centers_30,0.19175268856849642
Train_W_Window_size_95_Number_of_centers_65,0.19184646527472976
Train_W_Window_size_50_Number_of_centers_35,0.19199993493809392
Train_W_Window_size_90_Number_of_centers_55,0.19203553308132076
Train_W_Window_size_75_Number_of_centers_50,0.19206337095491244
Train_W_Window_size_80_Number_of_centers_50,0.19209049520562865
Train_W_Window_size_35_Number_of_centers_20,0.19221653310786485
Train_W_Window_size_25_Number_of_centers_15,0.19242889618567766
Train_W_Window_size_85_Number_of_centers_50,0.1924391904713588
Train_W_Window_size_60_Number_of_centers_35,0.19246197196710957
Train_W_Window_size_90_Number_of_centers_50,0.1925055529685568
Train_W_Window_size_75_Number_of_centers_45,0.19253661528247806
Train_W_Window_size_100_Number_of_centers_55,0.19266215473969053
Train_W_Window_size_20_Number_of_centers_10,0.192690947929971
Train_W_Window_size_40_Number_of_centers_25,0.19270028898997055
Train_W_Window_size_45_Number_of_centers_25,0.192786360290033
Train_W_Window_size_5_Number_of_centers_5,0.19280040025939219
Train_W_Window_size_50_Number_of_centers_30,0.19281091361664718
Train_W_Window_size_80_Number_of_centers_45,0.1928680598687306
Train_W_Window_size_65_Number_of_centers_40,0.19300309037406513
Train_W_Window_size_95_Number_of_centers_50,0.19303946222136112
Train_W_Window_size_30_Number_of_centers_15,0.1930685989264488
Train_W_Window_size_40_Number_of_centers_20,0.19307304823012705
Train_W_Window_size_55_Number_of_centers_35,0.19307310119208437
Train_W_Window_size_100_Number_of_centers_45,0.19311360550966342
Train_W_Window_size_70_Number_of_centers_45,0.19314018224909874
Train_W_Window_size_60_Number_of_centers_30,0.19322906539438714
Train_W_Window_size_55_Number_of_centers_30,0.19323782724522937
Train_W_Window_size_65_Number_of_centers_35,0.19331174764203554
Train_W_Window_size_70_Number_of_centers_40,0.19344030422748787
Train_W_Window_size_75_Number_of_centers_40,0.19351329930720382
Train_W_Window_size_75_Number_of_centers_35,0.19362156616323134
Train_W_Window_size_85_Number_of_centers_45,0.19367573575022956
Train_W_Window_size_90_Number_of_centers_45,0.19373399243757414
Train_W_Window_size_100_Number_of_centers_50,0.19380524192543638
Train_W_Window_size_80_Number_of_centers_40,0.19386211362552483
Train_W_Window_size_80_Number_of_centers_35,0.19389021340394996
Train_W_Window_size_45_Number_of_centers_20,0.19391513018937098
Train_W_Window_size_50_Number_of_centers_25,0.19392523072216483
Train_W_Window_size_95_Number_of_centers_45,0.1940002636081144
Train_W_Window_size_65_Number_of_centers_30,0.19403752718244563
Train_W_Window_size_70_Number_of_centers_35,0.19405050051829642
Train_W_Window_size_60_Number_of_centers_25,0.19407844424733114
Train_W_Window_size_90_Number_of_centers_40,0.194090412250715
Train_W_Window_size_85_Number_of_centers_40,0.19421230026483724
Train_W_Window_size_10_Number_of_centers_5,0.19423187258724814
Train_W_Window_size_35_Number_of_centers_15,0.19450099187620415
Train_W_Window_size_95_Number_of_centers_40,0.19450704585481407
Train_W_Window_size_25_Number_of_centers_10,0.19469346119952266
Train_W_Window_size_55_Number_of_centers_25,0.19476308089830488
Train_W_Window_size_75_Number_of_centers_30,0.19476831405496473
Train_W_Window_size_65_Number_of_centers_25,0.19485176294915219
Train_W_Window_size_85_Number_of_centers_35,0.1950801939109534
Train_W_Window_size_70_Number_of_centers_30,0.1951676312857425
Train_W_Window_size_55_Number_of_centers_20,0.19517072262362073
Train_W_Window_size_95_Number_of_centers_35,0.19535296605138566
Train_W_Window_size_50_Number_of_centers_20,0.19541863883108862
Train_W_Window_size_100_Number_of_centers_40,0.1955119229089247
Train_W_Window_size_40_Number_of_centers_15,0.19557387279630906
Train_W_Window_size_65_Number_of_centers_20,0.19558966109254206
Train_W_Window_size_90_Number_of_centers_35,0.19562437679660552
Train_W_Window_size_80_Number_of_centers_30,0.19573608270754012
Train_W_Window_size_100_Number_of_centers_35,0.19584362948831635
Train_W_Window_size_85_Number_of_centers_30,0.1959003997969483
Train_W_Window_size_75_Number_of_centers_25,0.19599172697729583
Train_W_Window_size_60_Number_of_centers_20,0.19608915076644398
Train_W_Window_size_70_Number_of_centers_25,0.19620614901675065
Train_W_Window_size_30_Number_of_centers_10,0.19622415745304886
Train_W_Window_size_100_Number_of_centers_30,0.19650002021251972
Train_W_Window_size_90_Number_of_centers_30,0.19660487162364337
Train_W_Window_size_80_Number_of_centers_25,0.1967227814249281
Train_W_Window_size_45_Number_of_centers_15,0.19696105830453114
Train_W_Window_size_70_Number_of_centers_20,0.19698451288695373
Train_W_Window_size_95_Number_of_centers_30,0.19722006898296374
Train_W_Window_size_35_Number_of_centers_10,0.19726485122737178
Train_W_Window_size_50_Number_of_centers_15,0.1974407282151935
Train_W_Window_size_90_Number_of_centers_25,0.19751206247376218
Train_W_Window_size_55_Number_of_centers_15,0.19775559878128837
Train_W_Window_size_100_Number_of_centers_25,0.1980096523305451
Train_W_Window_size_85_Number_of_centers_20,0.19822691782733826
Train_W_Window_size_15_Number_of_centers_5,0.19826897600551535
Train_W_Window_size_75_Number_of_centers_20,0.1982827860879849
Train_W_Window_size_60_Number_of_centers_15,0.19840491441014346
Train_W_Window_size_85_Number_of_centers_25,0.1984161591345951
Train_W_Window_size_95_Number_of_centers_25,0.19847702935197375
Train_W_Window_size_80_Number_of_centers_20,0.19856255864749445
Train_W_Window_size_65_Number_of_centers_15,0.19885041651584437
Train_W_Window_size_75_Number_of_centers_15,0.1990199813667739
Train_W_Window_size_40_Number_of_centers_10,0.1992405055099533
Train_W_Window_size_90_Number_of_centers_20,0.19944080955281984
Train_W_Window_size_45_Number_of_centers_10,0.1998239643862504
Train_W_Window_size_70_Number_of_centers_15,0.20052854859448682
Train_W_Window_size_95_Number_of_centers_20,0.20060615932809658
Train_W_Window_size_50_Number_of_centers_10,0.20072709956125695
Train_W_Window_size_100_Number_of_centers_20,0.20075662149720233
Train_W_Window_size_55_Number_of_centers_10,0.20095216722512727
Train_W_Window_size_20_Number_of_centers_5,0.20097959313916045
Train_W_Window_size_80_Number_of_centers_15,0.20132559956525167
Train_W_Window_size_25_Number_of_centers_5,0.2015029131629104
Train_W_Window_size_60_Number_of_centers_10,0.2015692377684585
Train_W_Window_size_90_Number_of_centers_15,0.2015864176311388
Train_W_Window_size_95_Number_of_centers_15,0.2019750566083837
Train_W_Window_size_85_Number_of_centers_15,0.20214448341699026
Train_W_Window_size_65_Number_of_centers_10,0.20250219205324727
Train_W_Window_size_70_Number_of_centers_10,0.20363397567240688
Train_W_Window_size_30_Number_of_centers_5,0.2037550048186681
Train_W_Window_size_100_Number_of_centers_15,0.20382395992688576
Train_W_Window_size_35_Number_of_centers_5,0.20389895159187543
Train_W_Window_size_75_Number_of_centers_10,0.20452408104610817
Train_W_Window_size_80_Number_of_centers_10,0.20494339047764376
Train_W_Window_size_85_Number_of_centers_10,0.20526949049729526
Train_W_Window_size_90_Number_of_centers_10,0.20567728802372956
Train_W_Window_size_40_Number_of_centers_5,0.20590569272821216
Train_W_Window_size_95_Number_of_centers_10,0.20629180956530033
Train_W_Window_size_45_Number_of_centers_5,0.2069985487437232
Train_W_Window_size_100_Number_of_centers_10,0.20705571012755425
Train_W_Window_size_50_Number_of_centers_5,0.2079657192973481
Train_W_Window_size_55_Number_of_centers_5,0.20871981908381512
Train_W_Window_size_60_Number_of_centers_5,0.20950232294454513
Train_W_Window_size_65_Number_of_centers_5,0.21006326809217268
Train_W_Window_size_70_Number_of_centers_5,0.210705285937455
Train_W_Window_size_75_Number_of_centers_5,0.21140516781274585
Train_W_Window_size_80_Number_of_centers_5,0.21192699274260418
Train_W_Window_size_85_Number_of_centers_5,0.21244952192134112
Train_W_Window_size_90_Number_of_centers_5,0.21331838216380286
Train_W_Window_size_95_Number_of_centers_5,0.21415630015553971
Train_W_Window_size_100_Number_of_centers_5,0.21512730848120856
Train_W_Window_size_5_Number_of_centers_95,0.2833866544754001
Train_W_Window_size_5_Number_of_centers_85,0.3908800442669051
