Train_V_1Layers_input_size_5_node1_5_node2_0_node3_0_node4_0,0.5412310230020607
Test_V_1Layers_input_size_5_node1_5_node2_0_node3_0_node4_0,0.683440425571761
Train_V_2Layers_input_size_5_node1_5_node2_5_node3_0_node4_0,0.5477034424652546
Test_V_2Layers_input_size_5_node1_5_node2_5_node3_0_node4_0,0.6879725349524887
Train_V_2Layers_input_size_5_node1_5_node2_15_node3_0_node4_0,0.5192088797701888
Test_V_2Layers_input_size_5_node1_5_node2_15_node3_0_node4_0,0.6517094023424453
Train_V_2Layers_input_size_5_node1_5_node2_25_node3_0_node4_0,0.5161953286139535
Test_V_2Layers_input_size_5_node1_5_node2_25_node3_0_node4_0,0.6620246585448486
Train_V_2Layers_input_size_5_node1_5_node2_35_node3_0_node4_0,0.5245078232129939
Test_V_2Layers_input_size_5_node1_5_node2_35_node3_0_node4_0,0.6619103281608592
Train_V_2Layers_input_size_5_node1_5_node2_45_node3_0_node4_0,0.5752983065817125
Test_V_2Layers_input_size_5_node1_5_node2_45_node3_0_node4_0,0.7225646089751224
Train_V_2Layers_input_size_5_node1_5_node2_55_node3_0_node4_0,0.5069549949918376
Test_V_2Layers_input_size_5_node1_5_node2_55_node3_0_node4_0,0.6319705401145633
Train_V_2Layers_input_size_5_node1_5_node2_65_node3_0_node4_0,0.5535897150842803
Test_V_2Layers_input_size_5_node1_5_node2_65_node3_0_node4_0,0.7040261110467632
Train_V_2Layers_input_size_5_node1_5_node2_75_node3_0_node4_0,0.5027643617165468
Test_V_2Layers_input_size_5_node1_5_node2_75_node3_0_node4_0,0.6345338134037515
Train_V_2Layers_input_size_5_node1_5_node2_85_node3_0_node4_0,0.5322771240855637
Test_V_2Layers_input_size_5_node1_5_node2_85_node3_0_node4_0,0.668328929856492
Train_V_2Layers_input_size_5_node1_5_node2_95_node3_0_node4_0,0.5459704684263816
Test_V_2Layers_input_size_5_node1_5_node2_95_node3_0_node4_0,0.6655138200489968
Train_V_1Layers_input_size_5_node1_15_node2_0_node3_0_node4_0,0.5342881896239947
Test_V_1Layers_input_size_5_node1_15_node2_0_node3_0_node4_0,0.6482779295039376
Train_V_2Layers_input_size_5_node1_15_node2_5_node3_0_node4_0,0.5171617668641787
Test_V_2Layers_input_size_5_node1_15_node2_5_node3_0_node4_0,0.6438866599865108
Train_V_2Layers_input_size_5_node1_15_node2_15_node3_0_node4_0,0.5220273509332394
Test_V_2Layers_input_size_5_node1_15_node2_15_node3_0_node4_0,0.6471468478650895
Train_V_2Layers_input_size_5_node1_15_node2_25_node3_0_node4_0,0.5412131544526866
Test_V_2Layers_input_size_5_node1_15_node2_25_node3_0_node4_0,0.6443717296750454
Train_V_2Layers_input_size_5_node1_15_node2_35_node3_0_node4_0,0.5184796812477716
Test_V_2Layers_input_size_5_node1_15_node2_35_node3_0_node4_0,0.6538964939642985
Train_V_2Layers_input_size_5_node1_15_node2_45_node3_0_node4_0,0.5116185679904013
Test_V_2Layers_input_size_5_node1_15_node2_45_node3_0_node4_0,0.6453614408024368
Train_V_2Layers_input_size_5_node1_15_node2_55_node3_0_node4_0,0.5129000881510343
Test_V_2Layers_input_size_5_node1_15_node2_55_node3_0_node4_0,0.6562402361188876
Train_V_2Layers_input_size_5_node1_15_node2_65_node3_0_node4_0,0.5169116641674849
Test_V_2Layers_input_size_5_node1_15_node2_65_node3_0_node4_0,0.6555390821513575
Train_V_2Layers_input_size_5_node1_15_node2_75_node3_0_node4_0,0.5187023692497418
Test_V_2Layers_input_size_5_node1_15_node2_75_node3_0_node4_0,0.640836657472909
Train_V_2Layers_input_size_5_node1_15_node2_85_node3_0_node4_0,0.5074392560958311
Test_V_2Layers_input_size_5_node1_15_node2_85_node3_0_node4_0,0.6435774479315832
Train_V_2Layers_input_size_5_node1_15_node2_95_node3_0_node4_0,0.5627859236623617
Test_V_2Layers_input_size_5_node1_15_node2_95_node3_0_node4_0,0.7218897285445126
Train_V_1Layers_input_size_5_node1_25_node2_0_node3_0_node4_0,0.5348853100636388
Test_V_1Layers_input_size_5_node1_25_node2_0_node3_0_node4_0,0.6659594872942872
Train_V_2Layers_input_size_5_node1_25_node2_5_node3_0_node4_0,1.3625687538088496
Test_V_2Layers_input_size_5_node1_25_node2_5_node3_0_node4_0,1.93848677087205
Train_V_2Layers_input_size_5_node1_25_node2_15_node3_0_node4_0,0.5227238644142008
Test_V_2Layers_input_size_5_node1_25_node2_15_node3_0_node4_0,0.6550349158160859
Train_V_2Layers_input_size_5_node1_25_node2_25_node3_0_node4_0,0.515451402051386
Test_V_2Layers_input_size_5_node1_25_node2_25_node3_0_node4_0,0.6394865806743438
Train_V_2Layers_input_size_5_node1_25_node2_35_node3_0_node4_0,0.5163719373606177
Test_V_2Layers_input_size_5_node1_25_node2_35_node3_0_node4_0,0.6506149317597245
Train_V_2Layers_input_size_5_node1_25_node2_45_node3_0_node4_0,0.5116040050188768
Test_V_2Layers_input_size_5_node1_25_node2_45_node3_0_node4_0,0.6394005447982577
Train_V_2Layers_input_size_5_node1_25_node2_55_node3_0_node4_0,0.5258979758486081
Test_V_2Layers_input_size_5_node1_25_node2_55_node3_0_node4_0,0.6306722026735544
Train_V_2Layers_input_size_5_node1_25_node2_65_node3_0_node4_0,0.5116204902716723
Test_V_2Layers_input_size_5_node1_25_node2_65_node3_0_node4_0,0.6187495973373798
Train_V_2Layers_input_size_5_node1_25_node2_75_node3_0_node4_0,0.5098594199229654
Test_V_2Layers_input_size_5_node1_25_node2_75_node3_0_node4_0,0.6259557092677602
Train_V_2Layers_input_size_5_node1_25_node2_85_node3_0_node4_0,0.5069889726925569
Test_V_2Layers_input_size_5_node1_25_node2_85_node3_0_node4_0,0.6450345934972531
Train_V_2Layers_input_size_5_node1_25_node2_95_node3_0_node4_0,0.5134196078990138
Test_V_2Layers_input_size_5_node1_25_node2_95_node3_0_node4_0,0.6218081989544093
Train_V_1Layers_input_size_5_node1_35_node2_0_node3_0_node4_0,0.5442580962325801
Test_V_1Layers_input_size_5_node1_35_node2_0_node3_0_node4_0,0.6659592635394795
Train_V_2Layers_input_size_5_node1_35_node2_5_node3_0_node4_0,0.5169704973133302
Test_V_2Layers_input_size_5_node1_35_node2_5_node3_0_node4_0,0.6395029849011848
Train_V_2Layers_input_size_5_node1_35_node2_15_node3_0_node4_0,0.5164476536760556
Test_V_2Layers_input_size_5_node1_35_node2_15_node3_0_node4_0,0.6413356282132991
Train_V_2Layers_input_size_5_node1_35_node2_25_node3_0_node4_0,0.5352164185941443
Test_V_2Layers_input_size_5_node1_35_node2_25_node3_0_node4_0,0.623375306815712
Train_V_2Layers_input_size_5_node1_35_node2_35_node3_0_node4_0,0.5072047484844233
Test_V_2Layers_input_size_5_node1_35_node2_35_node3_0_node4_0,0.6248290304943267
Train_V_2Layers_input_size_5_node1_35_node2_45_node3_0_node4_0,0.5125285431426571
Test_V_2Layers_input_size_5_node1_35_node2_45_node3_0_node4_0,0.6411192080942127
Train_V_2Layers_input_size_5_node1_35_node2_55_node3_0_node4_0,0.5196081979314113
Test_V_2Layers_input_size_5_node1_35_node2_55_node3_0_node4_0,0.6145982147828928
Train_V_2Layers_input_size_5_node1_35_node2_65_node3_0_node4_0,0.5157270041630829
Test_V_2Layers_input_size_5_node1_35_node2_65_node3_0_node4_0,0.6325284532321486
Train_V_2Layers_input_size_5_node1_35_node2_75_node3_0_node4_0,0.5516294346900612
Test_V_2Layers_input_size_5_node1_35_node2_75_node3_0_node4_0,0.6201783638161761
Train_V_2Layers_input_size_5_node1_35_node2_85_node3_0_node4_0,0.5102125525257908
Test_V_2Layers_input_size_5_node1_35_node2_85_node3_0_node4_0,0.6269369152980204
Train_V_2Layers_input_size_5_node1_35_node2_95_node3_0_node4_0,0.5120013381281145
Test_V_2Layers_input_size_5_node1_35_node2_95_node3_0_node4_0,0.6370654654091884
Train_V_1Layers_input_size_5_node1_45_node2_0_node3_0_node4_0,0.522733699152197
Test_V_1Layers_input_size_5_node1_45_node2_0_node3_0_node4_0,0.6602475255582548
Train_V_2Layers_input_size_5_node1_45_node2_5_node3_0_node4_0,0.5146161527116392
Test_V_2Layers_input_size_5_node1_45_node2_5_node3_0_node4_0,0.6368402938445746
Train_V_2Layers_input_size_5_node1_45_node2_15_node3_0_node4_0,0.534076938824589
Test_V_2Layers_input_size_5_node1_45_node2_15_node3_0_node4_0,0.6825959689399355
Train_V_2Layers_input_size_5_node1_45_node2_25_node3_0_node4_0,0.5143344507654396
Test_V_2Layers_input_size_5_node1_45_node2_25_node3_0_node4_0,0.6389001327598698
Train_V_2Layers_input_size_5_node1_45_node2_35_node3_0_node4_0,0.5151017452860647
Test_V_2Layers_input_size_5_node1_45_node2_35_node3_0_node4_0,0.6255584605956771
Train_V_2Layers_input_size_5_node1_45_node2_45_node3_0_node4_0,0.5217300864853369
Test_V_2Layers_input_size_5_node1_45_node2_45_node3_0_node4_0,0.6253452539515958
Train_V_2Layers_input_size_5_node1_45_node2_55_node3_0_node4_0,0.5219434225033932
Test_V_2Layers_input_size_5_node1_45_node2_55_node3_0_node4_0,0.6153267685072296
Train_V_2Layers_input_size_5_node1_45_node2_65_node3_0_node4_0,0.5099836445972095
Test_V_2Layers_input_size_5_node1_45_node2_65_node3_0_node4_0,0.6346462196137127
Train_V_2Layers_input_size_5_node1_45_node2_75_node3_0_node4_0,0.5319376870227728
Test_V_2Layers_input_size_5_node1_45_node2_75_node3_0_node4_0,0.6200231285549634
Train_V_2Layers_input_size_5_node1_45_node2_85_node3_0_node4_0,0.5422744978000341
Test_V_2Layers_input_size_5_node1_45_node2_85_node3_0_node4_0,0.6178048824444631
Train_V_2Layers_input_size_5_node1_45_node2_95_node3_0_node4_0,0.5110313224393535
Test_V_2Layers_input_size_5_node1_45_node2_95_node3_0_node4_0,0.6534594286500598
Train_V_1Layers_input_size_5_node1_55_node2_0_node3_0_node4_0,0.5247553277946968
Test_V_1Layers_input_size_5_node1_55_node2_0_node3_0_node4_0,0.66459800221708
Train_V_2Layers_input_size_5_node1_55_node2_5_node3_0_node4_0,0.5371980073798853
Test_V_2Layers_input_size_5_node1_55_node2_5_node3_0_node4_0,0.6452745948354832
Train_V_2Layers_input_size_5_node1_55_node2_15_node3_0_node4_0,0.5174882918797932
Test_V_2Layers_input_size_5_node1_55_node2_15_node3_0_node4_0,0.6427497750455863
Train_V_2Layers_input_size_5_node1_55_node2_25_node3_0_node4_0,0.5144983177639492
Test_V_2Layers_input_size_5_node1_55_node2_25_node3_0_node4_0,0.6349820985673709
Train_V_2Layers_input_size_5_node1_55_node2_35_node3_0_node4_0,0.5108923025876317
Test_V_2Layers_input_size_5_node1_55_node2_35_node3_0_node4_0,0.6310808956143319
Train_V_2Layers_input_size_5_node1_55_node2_45_node3_0_node4_0,0.5148861243909344
Test_V_2Layers_input_size_5_node1_55_node2_45_node3_0_node4_0,0.6220052975585396
Train_V_2Layers_input_size_5_node1_55_node2_55_node3_0_node4_0,0.5159094921529858
Test_V_2Layers_input_size_5_node1_55_node2_55_node3_0_node4_0,0.6322443966947202
Train_V_2Layers_input_size_5_node1_55_node2_65_node3_0_node4_0,0.5350670566157617
Test_V_2Layers_input_size_5_node1_55_node2_65_node3_0_node4_0,0.6071032948987809
Train_V_2Layers_input_size_5_node1_55_node2_75_node3_0_node4_0,0.5033435785069833
Test_V_2Layers_input_size_5_node1_55_node2_75_node3_0_node4_0,0.6351334899728306
Train_V_2Layers_input_size_5_node1_55_node2_85_node3_0_node4_0,0.5097830758451148
Test_V_2Layers_input_size_5_node1_55_node2_85_node3_0_node4_0,0.6297571337796712
Train_V_2Layers_input_size_5_node1_55_node2_95_node3_0_node4_0,0.5223082987913196
Test_V_2Layers_input_size_5_node1_55_node2_95_node3_0_node4_0,0.6240874781454602
Train_V_1Layers_input_size_5_node1_65_node2_0_node3_0_node4_0,0.548041924299962
Test_V_1Layers_input_size_5_node1_65_node2_0_node3_0_node4_0,0.6348408815815311
Train_V_2Layers_input_size_5_node1_65_node2_5_node3_0_node4_0,0.5128944228322951
Test_V_2Layers_input_size_5_node1_65_node2_5_node3_0_node4_0,0.623412046175796
Train_V_2Layers_input_size_5_node1_65_node2_15_node3_0_node4_0,0.5160238861647097
Test_V_2Layers_input_size_5_node1_65_node2_15_node3_0_node4_0,0.6549270328253555
Train_V_2Layers_input_size_5_node1_65_node2_25_node3_0_node4_0,0.5170709680384652
Test_V_2Layers_input_size_5_node1_65_node2_25_node3_0_node4_0,0.6316885444615117
Train_V_2Layers_input_size_5_node1_65_node2_35_node3_0_node4_0,0.5352411968446257
Test_V_2Layers_input_size_5_node1_65_node2_35_node3_0_node4_0,0.6230128646704097
Train_V_2Layers_input_size_5_node1_65_node2_45_node3_0_node4_0,0.5334823492110196
Test_V_2Layers_input_size_5_node1_65_node2_45_node3_0_node4_0,0.6255660593124238
Train_V_2Layers_input_size_5_node1_65_node2_55_node3_0_node4_0,0.5242102313877414
Test_V_2Layers_input_size_5_node1_65_node2_55_node3_0_node4_0,0.6637648420236977
Train_V_2Layers_input_size_5_node1_65_node2_65_node3_0_node4_0,0.5181557077711331
Test_V_2Layers_input_size_5_node1_65_node2_65_node3_0_node4_0,0.6597519036916405
Train_V_2Layers_input_size_5_node1_65_node2_75_node3_0_node4_0,0.5196861953856609
Test_V_2Layers_input_size_5_node1_65_node2_75_node3_0_node4_0,0.6218580905014724
Train_V_2Layers_input_size_5_node1_65_node2_85_node3_0_node4_0,0.5124457632999776
Test_V_2Layers_input_size_5_node1_65_node2_85_node3_0_node4_0,0.6380224863666737
Train_V_2Layers_input_size_5_node1_65_node2_95_node3_0_node4_0,0.5218699883317439
Test_V_2Layers_input_size_5_node1_65_node2_95_node3_0_node4_0,0.6631066118256178
Train_V_1Layers_input_size_5_node1_75_node2_0_node3_0_node4_0,0.5213373384100317
Test_V_1Layers_input_size_5_node1_75_node2_0_node3_0_node4_0,0.6245344335318848
Train_V_2Layers_input_size_5_node1_75_node2_5_node3_0_node4_0,0.546106070405436
Test_V_2Layers_input_size_5_node1_75_node2_5_node3_0_node4_0,0.6849585288086748
Train_V_2Layers_input_size_5_node1_75_node2_15_node3_0_node4_0,0.5377223730292778
Test_V_2Layers_input_size_5_node1_75_node2_15_node3_0_node4_0,0.6866976434200298
Train_V_2Layers_input_size_5_node1_75_node2_25_node3_0_node4_0,0.5168400810559394
Test_V_2Layers_input_size_5_node1_75_node2_25_node3_0_node4_0,0.6328824087075094
Train_V_2Layers_input_size_5_node1_75_node2_35_node3_0_node4_0,0.5217475655576157
Test_V_2Layers_input_size_5_node1_75_node2_35_node3_0_node4_0,0.660492354387017
Train_V_2Layers_input_size_5_node1_75_node2_45_node3_0_node4_0,0.511936549071606
Test_V_2Layers_input_size_5_node1_75_node2_45_node3_0_node4_0,0.6344515448932115
Train_V_2Layers_input_size_5_node1_75_node2_55_node3_0_node4_0,0.5123818156581732
Test_V_2Layers_input_size_5_node1_75_node2_55_node3_0_node4_0,0.6220342365146245
Train_V_2Layers_input_size_5_node1_75_node2_65_node3_0_node4_0,0.5095303748999751
Test_V_2Layers_input_size_5_node1_75_node2_65_node3_0_node4_0,0.6255947144577768
Train_V_2Layers_input_size_5_node1_75_node2_75_node3_0_node4_0,0.5264877153033933
Test_V_2Layers_input_size_5_node1_75_node2_75_node3_0_node4_0,0.6639161116867967
Train_V_2Layers_input_size_5_node1_75_node2_85_node3_0_node4_0,0.5087433426536231
Test_V_2Layers_input_size_5_node1_75_node2_85_node3_0_node4_0,0.6351795431560393
Train_V_2Layers_input_size_5_node1_75_node2_95_node3_0_node4_0,0.5169835256002954
Test_V_2Layers_input_size_5_node1_75_node2_95_node3_0_node4_0,0.6275026521588697
Train_V_1Layers_input_size_5_node1_85_node2_0_node3_0_node4_0,0.5141064216378917
Test_V_1Layers_input_size_5_node1_85_node2_0_node3_0_node4_0,0.6369926939864206
Train_V_2Layers_input_size_5_node1_85_node2_5_node3_0_node4_0,0.523400974422695
Test_V_2Layers_input_size_5_node1_85_node2_5_node3_0_node4_0,0.6285701588170429
Train_V_2Layers_input_size_5_node1_85_node2_15_node3_0_node4_0,0.5383557371914244
Test_V_2Layers_input_size_5_node1_85_node2_15_node3_0_node4_0,0.6806603408339567
Train_V_2Layers_input_size_5_node1_85_node2_25_node3_0_node4_0,0.5204043401821569
Test_V_2Layers_input_size_5_node1_85_node2_25_node3_0_node4_0,0.6622975174952523
Train_V_2Layers_input_size_5_node1_85_node2_35_node3_0_node4_0,0.5126925513783537
Test_V_2Layers_input_size_5_node1_85_node2_35_node3_0_node4_0,0.6273707012311217
Train_V_2Layers_input_size_5_node1_85_node2_45_node3_0_node4_0,0.5407913789899991
Test_V_2Layers_input_size_5_node1_85_node2_45_node3_0_node4_0,0.6216459878170263
Train_V_2Layers_input_size_5_node1_85_node2_55_node3_0_node4_0,0.5084274969541305
Test_V_2Layers_input_size_5_node1_85_node2_55_node3_0_node4_0,0.6338402914024255
Train_V_2Layers_input_size_5_node1_85_node2_65_node3_0_node4_0,0.5301804715713395
Test_V_2Layers_input_size_5_node1_85_node2_65_node3_0_node4_0,0.6743754941781172
Train_V_2Layers_input_size_5_node1_85_node2_75_node3_0_node4_0,0.5387402829225472
Test_V_2Layers_input_size_5_node1_85_node2_75_node3_0_node4_0,0.6106846015212529
Train_V_2Layers_input_size_5_node1_85_node2_85_node3_0_node4_0,0.5061776474477679
Test_V_2Layers_input_size_5_node1_85_node2_85_node3_0_node4_0,0.6311364761097934
Train_V_2Layers_input_size_5_node1_85_node2_95_node3_0_node4_0,0.5095428915603584
Test_V_2Layers_input_size_5_node1_85_node2_95_node3_0_node4_0,0.6427516760861752
Train_V_1Layers_input_size_5_node1_95_node2_0_node3_0_node4_0,0.5202579721740961
Test_V_1Layers_input_size_5_node1_95_node2_0_node3_0_node4_0,0.6577378844577491
Train_V_2Layers_input_size_5_node1_95_node2_5_node3_0_node4_0,0.5261764322266195
Test_V_2Layers_input_size_5_node1_95_node2_5_node3_0_node4_0,0.6658532400541227
Train_V_2Layers_input_size_5_node1_95_node2_15_node3_0_node4_0,0.5178990358874386
Test_V_2Layers_input_size_5_node1_95_node2_15_node3_0_node4_0,0.6533710591175663
Train_V_2Layers_input_size_5_node1_95_node2_25_node3_0_node4_0,0.5129610953106999
Test_V_2Layers_input_size_5_node1_95_node2_25_node3_0_node4_0,0.6385096305996127
Train_V_2Layers_input_size_5_node1_95_node2_35_node3_0_node4_0,0.5252362843537937
Test_V_2Layers_input_size_5_node1_95_node2_35_node3_0_node4_0,0.6231871061452949
Train_V_2Layers_input_size_5_node1_95_node2_45_node3_0_node4_0,0.5137170111838335
Test_V_2Layers_input_size_5_node1_95_node2_45_node3_0_node4_0,0.6466256070948107
Train_V_2Layers_input_size_5_node1_95_node2_55_node3_0_node4_0,0.5244723949986461
Test_V_2Layers_input_size_5_node1_95_node2_55_node3_0_node4_0,0.6625356061831889
Train_V_2Layers_input_size_5_node1_95_node2_65_node3_0_node4_0,0.5272760983623915
Test_V_2Layers_input_size_5_node1_95_node2_65_node3_0_node4_0,0.616896669457483
Train_V_2Layers_input_size_5_node1_95_node2_75_node3_0_node4_0,0.5173868941667724
Test_V_2Layers_input_size_5_node1_95_node2_75_node3_0_node4_0,0.6195165413533169
Train_V_2Layers_input_size_5_node1_95_node2_85_node3_0_node4_0,0.5454434595552871
Test_V_2Layers_input_size_5_node1_95_node2_85_node3_0_node4_0,0.6188122332708849
Train_V_2Layers_input_size_5_node1_95_node2_95_node3_0_node4_0,0.5056539582399248
Test_V_2Layers_input_size_5_node1_95_node2_95_node3_0_node4_0,0.6302076581420645
Train_V_1Layers_input_size_10_node1_5_node2_0_node3_0_node4_0,0.5155439602138938
Test_V_1Layers_input_size_10_node1_5_node2_0_node3_0_node4_0,0.6251162659268152
Train_V_2Layers_input_size_10_node1_5_node2_5_node3_0_node4_0,0.5204430516591553
Test_V_2Layers_input_size_10_node1_5_node2_5_node3_0_node4_0,0.6608681761907219
Train_V_2Layers_input_size_10_node1_5_node2_15_node3_0_node4_0,0.5559999761272673
Test_V_2Layers_input_size_10_node1_5_node2_15_node3_0_node4_0,0.6927030869096449
Train_V_2Layers_input_size_10_node1_5_node2_25_node3_0_node4_0,0.5462585517074234
Test_V_2Layers_input_size_10_node1_5_node2_25_node3_0_node4_0,0.6980377751692799
Train_V_2Layers_input_size_10_node1_5_node2_35_node3_0_node4_0,0.5445726157283981
Test_V_2Layers_input_size_10_node1_5_node2_35_node3_0_node4_0,0.6967876730288926
Train_V_2Layers_input_size_10_node1_5_node2_45_node3_0_node4_0,0.5292126071191608
Test_V_2Layers_input_size_10_node1_5_node2_45_node3_0_node4_0,0.671011480722122
Train_V_2Layers_input_size_10_node1_5_node2_55_node3_0_node4_0,0.5271239211044505
Test_V_2Layers_input_size_10_node1_5_node2_55_node3_0_node4_0,0.669983063063839
Train_V_2Layers_input_size_10_node1_5_node2_65_node3_0_node4_0,0.5169067058502415
Test_V_2Layers_input_size_10_node1_5_node2_65_node3_0_node4_0,0.6301092642688647
Train_V_2Layers_input_size_10_node1_5_node2_75_node3_0_node4_0,0.5438910137038029
Test_V_2Layers_input_size_10_node1_5_node2_75_node3_0_node4_0,0.6920402766397178
Train_V_2Layers_input_size_10_node1_5_node2_85_node3_0_node4_0,0.5441973665534009
Test_V_2Layers_input_size_10_node1_5_node2_85_node3_0_node4_0,0.6773977625517924
Train_V_2Layers_input_size_10_node1_5_node2_95_node3_0_node4_0,0.49822110887036164
Test_V_2Layers_input_size_10_node1_5_node2_95_node3_0_node4_0,0.6158730960659347
Train_V_1Layers_input_size_10_node1_15_node2_0_node3_0_node4_0,0.538091503744534
Test_V_1Layers_input_size_10_node1_15_node2_0_node3_0_node4_0,0.6834837252765948
Train_V_2Layers_input_size_10_node1_15_node2_5_node3_0_node4_0,0.5262695958075003
Test_V_2Layers_input_size_10_node1_15_node2_5_node3_0_node4_0,0.6673399659453448
Train_V_2Layers_input_size_10_node1_15_node2_15_node3_0_node4_0,0.5009497324877245
Test_V_2Layers_input_size_10_node1_15_node2_15_node3_0_node4_0,0.6206537763641266
Train_V_2Layers_input_size_10_node1_15_node2_25_node3_0_node4_0,0.5112961924514292
Test_V_2Layers_input_size_10_node1_15_node2_25_node3_0_node4_0,0.6305386699491952
Train_V_2Layers_input_size_10_node1_15_node2_35_node3_0_node4_0,0.5155574291921876
Test_V_2Layers_input_size_10_node1_15_node2_35_node3_0_node4_0,0.6456064907718497
Train_V_2Layers_input_size_10_node1_15_node2_45_node3_0_node4_0,0.5212562719374841
Test_V_2Layers_input_size_10_node1_15_node2_45_node3_0_node4_0,0.6150352276815462
Train_V_2Layers_input_size_10_node1_15_node2_55_node3_0_node4_0,0.5543940936717299
Test_V_2Layers_input_size_10_node1_15_node2_55_node3_0_node4_0,0.7066551810094428
Train_V_2Layers_input_size_10_node1_15_node2_65_node3_0_node4_0,0.5384267568817218
Test_V_2Layers_input_size_10_node1_15_node2_65_node3_0_node4_0,0.6732595505120235
Train_V_2Layers_input_size_10_node1_15_node2_75_node3_0_node4_0,0.5034716010546597
Test_V_2Layers_input_size_10_node1_15_node2_75_node3_0_node4_0,0.6369586796765752
Train_V_2Layers_input_size_10_node1_15_node2_85_node3_0_node4_0,0.4949745258606282
Test_V_2Layers_input_size_10_node1_15_node2_85_node3_0_node4_0,0.6050304918644507
Train_V_2Layers_input_size_10_node1_15_node2_95_node3_0_node4_0,0.505521270994915
Test_V_2Layers_input_size_10_node1_15_node2_95_node3_0_node4_0,0.6218812376696727
Train_V_1Layers_input_size_10_node1_25_node2_0_node3_0_node4_0,0.532098821306563
Test_V_1Layers_input_size_10_node1_25_node2_0_node3_0_node4_0,0.6482552191748194
Train_V_2Layers_input_size_10_node1_25_node2_5_node3_0_node4_0,0.5386275872827706
Test_V_2Layers_input_size_10_node1_25_node2_5_node3_0_node4_0,0.682707991993314
Train_V_2Layers_input_size_10_node1_25_node2_15_node3_0_node4_0,0.5293924449491813
Test_V_2Layers_input_size_10_node1_25_node2_15_node3_0_node4_0,0.6466626385394547
Train_V_2Layers_input_size_10_node1_25_node2_25_node3_0_node4_0,0.5106712277427017
Test_V_2Layers_input_size_10_node1_25_node2_25_node3_0_node4_0,0.644743658958336
Train_V_2Layers_input_size_10_node1_25_node2_35_node3_0_node4_0,0.5431970075364054
Test_V_2Layers_input_size_10_node1_25_node2_35_node3_0_node4_0,0.7037658314253915
Train_V_2Layers_input_size_10_node1_25_node2_45_node3_0_node4_0,0.5271751134171406
Test_V_2Layers_input_size_10_node1_25_node2_45_node3_0_node4_0,0.6092250590598199
Train_V_2Layers_input_size_10_node1_25_node2_55_node3_0_node4_0,0.4855447764516273
Test_V_2Layers_input_size_10_node1_25_node2_55_node3_0_node4_0,0.6004029282033396
Train_V_2Layers_input_size_10_node1_25_node2_65_node3_0_node4_0,0.5009848313271972
Test_V_2Layers_input_size_10_node1_25_node2_65_node3_0_node4_0,0.6147601525211834
Train_V_2Layers_input_size_10_node1_25_node2_75_node3_0_node4_0,0.5007584600871884
Test_V_2Layers_input_size_10_node1_25_node2_75_node3_0_node4_0,0.6109338287087106
Train_V_2Layers_input_size_10_node1_25_node2_85_node3_0_node4_0,0.5023824139987868
Test_V_2Layers_input_size_10_node1_25_node2_85_node3_0_node4_0,0.6178791178867644
Train_V_2Layers_input_size_10_node1_25_node2_95_node3_0_node4_0,0.4920656568090908
Test_V_2Layers_input_size_10_node1_25_node2_95_node3_0_node4_0,0.6239621127804355
Train_V_1Layers_input_size_10_node1_35_node2_0_node3_0_node4_0,0.5069033480524062
Test_V_1Layers_input_size_10_node1_35_node2_0_node3_0_node4_0,0.6398149346464325
Train_V_2Layers_input_size_10_node1_35_node2_5_node3_0_node4_0,0.5162564947814283
Test_V_2Layers_input_size_10_node1_35_node2_5_node3_0_node4_0,0.621871197751177
Train_V_2Layers_input_size_10_node1_35_node2_15_node3_0_node4_0,0.4914223005769567
Test_V_2Layers_input_size_10_node1_35_node2_15_node3_0_node4_0,0.611322445584079
Train_V_2Layers_input_size_10_node1_35_node2_25_node3_0_node4_0,0.5244740712872628
Test_V_2Layers_input_size_10_node1_35_node2_25_node3_0_node4_0,0.6440458145830676
Train_V_2Layers_input_size_10_node1_35_node2_35_node3_0_node4_0,0.505303596743706
Test_V_2Layers_input_size_10_node1_35_node2_35_node3_0_node4_0,0.6052122495681022
Train_V_2Layers_input_size_10_node1_35_node2_45_node3_0_node4_0,0.5362234959577128
Test_V_2Layers_input_size_10_node1_35_node2_45_node3_0_node4_0,0.6189683500018898
Train_V_2Layers_input_size_10_node1_35_node2_55_node3_0_node4_0,0.5700838858799663
Test_V_2Layers_input_size_10_node1_35_node2_55_node3_0_node4_0,0.6297360271374164
Train_V_2Layers_input_size_10_node1_35_node2_65_node3_0_node4_0,0.5052787659566503
Test_V_2Layers_input_size_10_node1_35_node2_65_node3_0_node4_0,0.5986241998099593
Train_V_2Layers_input_size_10_node1_35_node2_75_node3_0_node4_0,0.5169679607944982
Test_V_2Layers_input_size_10_node1_35_node2_75_node3_0_node4_0,0.6603998039651969
Train_V_2Layers_input_size_10_node1_35_node2_85_node3_0_node4_0,0.5222223325260308
Test_V_2Layers_input_size_10_node1_35_node2_85_node3_0_node4_0,0.6656209721689634
Train_V_2Layers_input_size_10_node1_35_node2_95_node3_0_node4_0,0.5461060431192322
Test_V_2Layers_input_size_10_node1_35_node2_95_node3_0_node4_0,0.6096555601950344
Train_V_1Layers_input_size_10_node1_45_node2_0_node3_0_node4_0,0.5365443916797672
Test_V_1Layers_input_size_10_node1_45_node2_0_node3_0_node4_0,0.6759443141472098
Train_V_2Layers_input_size_10_node1_45_node2_5_node3_0_node4_0,1.3637285345889945
Test_V_2Layers_input_size_10_node1_45_node2_5_node3_0_node4_0,1.9223661337926512
Train_V_2Layers_input_size_10_node1_45_node2_15_node3_0_node4_0,0.5310789842789155
Test_V_2Layers_input_size_10_node1_45_node2_15_node3_0_node4_0,0.6746133403297074
Train_V_2Layers_input_size_10_node1_45_node2_25_node3_0_node4_0,0.5240590973790803
Test_V_2Layers_input_size_10_node1_45_node2_25_node3_0_node4_0,0.6225572773040615
Train_V_2Layers_input_size_10_node1_45_node2_35_node3_0_node4_0,0.5021468504884703
Test_V_2Layers_input_size_10_node1_45_node2_35_node3_0_node4_0,0.608045325514363
Train_V_2Layers_input_size_10_node1_45_node2_45_node3_0_node4_0,0.5193887672940789
Test_V_2Layers_input_size_10_node1_45_node2_45_node3_0_node4_0,0.6384103922193478
Train_V_2Layers_input_size_10_node1_45_node2_55_node3_0_node4_0,0.5253804712838838
Test_V_2Layers_input_size_10_node1_45_node2_55_node3_0_node4_0,0.6261219444999995
Train_V_2Layers_input_size_10_node1_45_node2_65_node3_0_node4_0,0.4980487748652106
Test_V_2Layers_input_size_10_node1_45_node2_65_node3_0_node4_0,0.6270327651164544
Train_V_2Layers_input_size_10_node1_45_node2_75_node3_0_node4_0,0.5406187509164553
Test_V_2Layers_input_size_10_node1_45_node2_75_node3_0_node4_0,0.678997566569916
Train_V_2Layers_input_size_10_node1_45_node2_85_node3_0_node4_0,0.4990519386707514
Test_V_2Layers_input_size_10_node1_45_node2_85_node3_0_node4_0,0.5931929434640187
Train_V_2Layers_input_size_10_node1_45_node2_95_node3_0_node4_0,0.5105255134158885
Test_V_2Layers_input_size_10_node1_45_node2_95_node3_0_node4_0,0.6496209066150822
Train_V_1Layers_input_size_10_node1_55_node2_0_node3_0_node4_0,0.5098519964600475
Test_V_1Layers_input_size_10_node1_55_node2_0_node3_0_node4_0,0.6436150483462046
Train_V_2Layers_input_size_10_node1_55_node2_5_node3_0_node4_0,1.361844724167188
Test_V_2Layers_input_size_10_node1_55_node2_5_node3_0_node4_0,2.018270368258036
Train_V_2Layers_input_size_10_node1_55_node2_15_node3_0_node4_0,0.5064457326608511
Test_V_2Layers_input_size_10_node1_55_node2_15_node3_0_node4_0,0.631021390253112
Train_V_2Layers_input_size_10_node1_55_node2_25_node3_0_node4_0,0.5469255968938316
Test_V_2Layers_input_size_10_node1_55_node2_25_node3_0_node4_0,0.6249428722975877
Train_V_2Layers_input_size_10_node1_55_node2_35_node3_0_node4_0,0.6255960245120158
Test_V_2Layers_input_size_10_node1_55_node2_35_node3_0_node4_0,0.7572117026472088
Train_V_2Layers_input_size_10_node1_55_node2_45_node3_0_node4_0,0.516259785252308
Test_V_2Layers_input_size_10_node1_55_node2_45_node3_0_node4_0,0.6537164875361366
Train_V_2Layers_input_size_10_node1_55_node2_55_node3_0_node4_0,0.5133322982137738
Test_V_2Layers_input_size_10_node1_55_node2_55_node3_0_node4_0,0.6461968834333435
Train_V_2Layers_input_size_10_node1_55_node2_65_node3_0_node4_0,0.4960672867092114
Test_V_2Layers_input_size_10_node1_55_node2_65_node3_0_node4_0,0.5947812811573353
Train_V_2Layers_input_size_10_node1_55_node2_75_node3_0_node4_0,0.49579339434215325
Test_V_2Layers_input_size_10_node1_55_node2_75_node3_0_node4_0,0.6207433227812905
Train_V_2Layers_input_size_10_node1_55_node2_85_node3_0_node4_0,0.5371073497387243
Test_V_2Layers_input_size_10_node1_55_node2_85_node3_0_node4_0,0.6071925328272391
Train_V_2Layers_input_size_10_node1_55_node2_95_node3_0_node4_0,0.509667193384233
Test_V_2Layers_input_size_10_node1_55_node2_95_node3_0_node4_0,0.6481343445430728
Train_V_1Layers_input_size_10_node1_65_node2_0_node3_0_node4_0,0.5177579747225474
Test_V_1Layers_input_size_10_node1_65_node2_0_node3_0_node4_0,0.6472900763562617
Train_V_2Layers_input_size_10_node1_65_node2_5_node3_0_node4_0,1.3616293268831003
Test_V_2Layers_input_size_10_node1_65_node2_5_node3_0_node4_0,1.9661358022539193
Train_V_2Layers_input_size_10_node1_65_node2_15_node3_0_node4_0,0.5138373742903097
Test_V_2Layers_input_size_10_node1_65_node2_15_node3_0_node4_0,0.6373121854462034
Train_V_2Layers_input_size_10_node1_65_node2_25_node3_0_node4_0,0.4986675658257218
Test_V_2Layers_input_size_10_node1_65_node2_25_node3_0_node4_0,0.5973965697767601
Train_V_2Layers_input_size_10_node1_65_node2_35_node3_0_node4_0,0.49893713277587987
Test_V_2Layers_input_size_10_node1_65_node2_35_node3_0_node4_0,0.6264324700188698
Train_V_2Layers_input_size_10_node1_65_node2_45_node3_0_node4_0,0.49843899119760954
Test_V_2Layers_input_size_10_node1_65_node2_45_node3_0_node4_0,0.6175115193516494
Train_V_2Layers_input_size_10_node1_65_node2_55_node3_0_node4_0,0.5036119592341184
Test_V_2Layers_input_size_10_node1_65_node2_55_node3_0_node4_0,0.6076358528666869
Train_V_2Layers_input_size_10_node1_65_node2_65_node3_0_node4_0,0.506975981487643
Test_V_2Layers_input_size_10_node1_65_node2_65_node3_0_node4_0,0.6414271891401837
Train_V_2Layers_input_size_10_node1_65_node2_75_node3_0_node4_0,0.5000363873115989
Test_V_2Layers_input_size_10_node1_65_node2_75_node3_0_node4_0,0.6102051582223431
Train_V_2Layers_input_size_10_node1_65_node2_85_node3_0_node4_0,0.49238251047151615
Test_V_2Layers_input_size_10_node1_65_node2_85_node3_0_node4_0,0.6155806278561604
Train_V_2Layers_input_size_10_node1_65_node2_95_node3_0_node4_0,0.49085685451260563
Test_V_2Layers_input_size_10_node1_65_node2_95_node3_0_node4_0,0.6145822368762909
Train_V_1Layers_input_size_10_node1_75_node2_0_node3_0_node4_0,0.5258140417702354
Test_V_1Layers_input_size_10_node1_75_node2_0_node3_0_node4_0,0.6304660433081251
Train_V_2Layers_input_size_10_node1_75_node2_5_node3_0_node4_0,0.5144496584509725
Test_V_2Layers_input_size_10_node1_75_node2_5_node3_0_node4_0,0.6216982892339791
Train_V_2Layers_input_size_10_node1_75_node2_15_node3_0_node4_0,0.5306628292155053
Test_V_2Layers_input_size_10_node1_75_node2_15_node3_0_node4_0,0.6190968446866512
Train_V_2Layers_input_size_10_node1_75_node2_25_node3_0_node4_0,0.510849512906051
Test_V_2Layers_input_size_10_node1_75_node2_25_node3_0_node4_0,0.6248645158785968
Train_V_2Layers_input_size_10_node1_75_node2_35_node3_0_node4_0,0.5081384053168756
Test_V_2Layers_input_size_10_node1_75_node2_35_node3_0_node4_0,0.6206453011948518
Train_V_2Layers_input_size_10_node1_75_node2_45_node3_0_node4_0,0.5337495902995697
Test_V_2Layers_input_size_10_node1_75_node2_45_node3_0_node4_0,0.6074846241421945
Train_V_2Layers_input_size_10_node1_75_node2_55_node3_0_node4_0,0.5150205363651119
Test_V_2Layers_input_size_10_node1_75_node2_55_node3_0_node4_0,0.6059361284387026
Train_V_2Layers_input_size_10_node1_75_node2_65_node3_0_node4_0,0.4878209347579134
Test_V_2Layers_input_size_10_node1_75_node2_65_node3_0_node4_0,0.6154785640463835
Train_V_2Layers_input_size_10_node1_75_node2_75_node3_0_node4_0,0.5010859200912913
Test_V_2Layers_input_size_10_node1_75_node2_75_node3_0_node4_0,0.6108552121211938
Train_V_2Layers_input_size_10_node1_75_node2_85_node3_0_node4_0,0.5003924022109956
Test_V_2Layers_input_size_10_node1_75_node2_85_node3_0_node4_0,0.631784616829967
Train_V_2Layers_input_size_10_node1_75_node2_95_node3_0_node4_0,0.5067478169477476
Test_V_2Layers_input_size_10_node1_75_node2_95_node3_0_node4_0,0.6406372813466452
Train_V_1Layers_input_size_10_node1_85_node2_0_node3_0_node4_0,0.5276547115575736
Test_V_1Layers_input_size_10_node1_85_node2_0_node3_0_node4_0,0.6591087472678124
Train_V_2Layers_input_size_10_node1_85_node2_5_node3_0_node4_0,1.36138832692555
Test_V_2Layers_input_size_10_node1_85_node2_5_node3_0_node4_0,1.981747727796191
Train_V_2Layers_input_size_10_node1_85_node2_15_node3_0_node4_0,0.5189556863054444
Test_V_2Layers_input_size_10_node1_85_node2_15_node3_0_node4_0,0.6564967055038335
Train_V_2Layers_input_size_10_node1_85_node2_25_node3_0_node4_0,0.5069580812957071
Test_V_2Layers_input_size_10_node1_85_node2_25_node3_0_node4_0,0.6410936641669814
Train_V_2Layers_input_size_10_node1_85_node2_35_node3_0_node4_0,0.5093309441921529
Test_V_2Layers_input_size_10_node1_85_node2_35_node3_0_node4_0,0.621873354310585
Train_V_2Layers_input_size_10_node1_85_node2_45_node3_0_node4_0,0.501794277839526
Test_V_2Layers_input_size_10_node1_85_node2_45_node3_0_node4_0,0.6246091574262344
Train_V_2Layers_input_size_10_node1_85_node2_55_node3_0_node4_0,0.5138278912808637
Test_V_2Layers_input_size_10_node1_85_node2_55_node3_0_node4_0,0.6499111710886822
Train_V_2Layers_input_size_10_node1_85_node2_65_node3_0_node4_0,0.49675044951876923
Test_V_2Layers_input_size_10_node1_85_node2_65_node3_0_node4_0,0.6000672620582967
Train_V_2Layers_input_size_10_node1_85_node2_75_node3_0_node4_0,0.49806760857004173
Test_V_2Layers_input_size_10_node1_85_node2_75_node3_0_node4_0,0.6264457907867842
Train_V_2Layers_input_size_10_node1_85_node2_85_node3_0_node4_0,0.49570022954914317
Test_V_2Layers_input_size_10_node1_85_node2_85_node3_0_node4_0,0.6093525271062111
Train_V_2Layers_input_size_10_node1_85_node2_95_node3_0_node4_0,0.49026524116035936
Test_V_2Layers_input_size_10_node1_85_node2_95_node3_0_node4_0,0.6125215088707248
Train_V_1Layers_input_size_10_node1_95_node2_0_node3_0_node4_0,0.5099973772953887
Test_V_1Layers_input_size_10_node1_95_node2_0_node3_0_node4_0,0.629338702203525
Train_V_2Layers_input_size_10_node1_95_node2_5_node3_0_node4_0,0.5042991584944791
Test_V_2Layers_input_size_10_node1_95_node2_5_node3_0_node4_0,0.636297004364902
Train_V_2Layers_input_size_10_node1_95_node2_15_node3_0_node4_0,0.5362524236166367
Test_V_2Layers_input_size_10_node1_95_node2_15_node3_0_node4_0,0.6805737516236978
Train_V_2Layers_input_size_10_node1_95_node2_25_node3_0_node4_0,0.5157263107184772
Test_V_2Layers_input_size_10_node1_95_node2_25_node3_0_node4_0,0.6524680241974882
Train_V_2Layers_input_size_10_node1_95_node2_35_node3_0_node4_0,0.49364081274010974
Test_V_2Layers_input_size_10_node1_95_node2_35_node3_0_node4_0,0.6102329962962317
Train_V_2Layers_input_size_10_node1_95_node2_45_node3_0_node4_0,0.49794654583629727
Test_V_2Layers_input_size_10_node1_95_node2_45_node3_0_node4_0,0.6266139411262411
Train_V_2Layers_input_size_10_node1_95_node2_55_node3_0_node4_0,0.4987766977206049
Test_V_2Layers_input_size_10_node1_95_node2_55_node3_0_node4_0,0.6213479391608255
Train_V_2Layers_input_size_10_node1_95_node2_65_node3_0_node4_0,0.4912704522726291
Test_V_2Layers_input_size_10_node1_95_node2_65_node3_0_node4_0,0.6113326831196759
Train_V_2Layers_input_size_10_node1_95_node2_75_node3_0_node4_0,0.5031150994600264
Test_V_2Layers_input_size_10_node1_95_node2_75_node3_0_node4_0,0.6324096621959342
Train_V_2Layers_input_size_10_node1_95_node2_85_node3_0_node4_0,0.49322390051678633
Test_V_2Layers_input_size_10_node1_95_node2_85_node3_0_node4_0,0.6165324247578066
Train_V_2Layers_input_size_10_node1_95_node2_95_node3_0_node4_0,0.4954610679990927
Test_V_2Layers_input_size_10_node1_95_node2_95_node3_0_node4_0,0.6216684957030784
Train_V_1Layers_input_size_15_node1_5_node2_0_node3_0_node4_0,0.5540419838641377
Test_V_1Layers_input_size_15_node1_5_node2_0_node3_0_node4_0,0.687168084564646
Train_V_2Layers_input_size_15_node1_5_node2_5_node3_0_node4_0,0.5314077816194953
Test_V_2Layers_input_size_15_node1_5_node2_5_node3_0_node4_0,0.6679458168063843
Train_V_2Layers_input_size_15_node1_5_node2_15_node3_0_node4_0,0.5335514481896713
Test_V_2Layers_input_size_15_node1_5_node2_15_node3_0_node4_0,0.6733705819287555
Train_V_2Layers_input_size_15_node1_5_node2_25_node3_0_node4_0,0.5335099731181693
Test_V_2Layers_input_size_15_node1_5_node2_25_node3_0_node4_0,0.6429042973897344
Train_V_2Layers_input_size_15_node1_5_node2_35_node3_0_node4_0,0.5395000451170131
Test_V_2Layers_input_size_15_node1_5_node2_35_node3_0_node4_0,0.6810106136850517
Train_V_2Layers_input_size_15_node1_5_node2_45_node3_0_node4_0,0.5138286162877646
Test_V_2Layers_input_size_15_node1_5_node2_45_node3_0_node4_0,0.6407066386237783
Train_V_2Layers_input_size_15_node1_5_node2_55_node3_0_node4_0,0.5258428052944857
Test_V_2Layers_input_size_15_node1_5_node2_55_node3_0_node4_0,0.6674980602164783
Train_V_2Layers_input_size_15_node1_5_node2_65_node3_0_node4_0,0.5235538922618123
Test_V_2Layers_input_size_15_node1_5_node2_65_node3_0_node4_0,0.666288884729761
Train_V_2Layers_input_size_15_node1_5_node2_75_node3_0_node4_0,0.5365851045711498
Test_V_2Layers_input_size_15_node1_5_node2_75_node3_0_node4_0,0.6636572779531502
Train_V_2Layers_input_size_15_node1_5_node2_85_node3_0_node4_0,0.5613521414167102
Test_V_2Layers_input_size_15_node1_5_node2_85_node3_0_node4_0,0.6858431401445794
Train_V_2Layers_input_size_15_node1_5_node2_95_node3_0_node4_0,0.5248985964619147
Test_V_2Layers_input_size_15_node1_5_node2_95_node3_0_node4_0,0.6748050849791928
Train_V_1Layers_input_size_15_node1_15_node2_0_node3_0_node4_0,0.530960789664197
Test_V_1Layers_input_size_15_node1_15_node2_0_node3_0_node4_0,0.6379571350893973
Train_V_2Layers_input_size_15_node1_15_node2_5_node3_0_node4_0,0.5239570942504469
Test_V_2Layers_input_size_15_node1_15_node2_5_node3_0_node4_0,0.6275451811828466
Train_V_2Layers_input_size_15_node1_15_node2_15_node3_0_node4_0,0.5463422905498183
Test_V_2Layers_input_size_15_node1_15_node2_15_node3_0_node4_0,0.6947616795631905
Train_V_2Layers_input_size_15_node1_15_node2_25_node3_0_node4_0,0.5037868269528899
Test_V_2Layers_input_size_15_node1_15_node2_25_node3_0_node4_0,0.6286979472491339
Train_V_2Layers_input_size_15_node1_15_node2_35_node3_0_node4_0,0.5447638771404377
Test_V_2Layers_input_size_15_node1_15_node2_35_node3_0_node4_0,0.6546555176709478
Train_V_2Layers_input_size_15_node1_15_node2_45_node3_0_node4_0,0.5070813417304159
Test_V_2Layers_input_size_15_node1_15_node2_45_node3_0_node4_0,0.6162309839823767
Train_V_2Layers_input_size_15_node1_15_node2_55_node3_0_node4_0,0.4981845141938591
Test_V_2Layers_input_size_15_node1_15_node2_55_node3_0_node4_0,0.6117705672765987
Train_V_2Layers_input_size_15_node1_15_node2_65_node3_0_node4_0,0.524866715042635
Test_V_2Layers_input_size_15_node1_15_node2_65_node3_0_node4_0,0.6614385937326013
Train_V_2Layers_input_size_15_node1_15_node2_75_node3_0_node4_0,0.5037422800537444
Test_V_2Layers_input_size_15_node1_15_node2_75_node3_0_node4_0,0.6121550016554536
Train_V_2Layers_input_size_15_node1_15_node2_85_node3_0_node4_0,0.5088121405289682
Test_V_2Layers_input_size_15_node1_15_node2_85_node3_0_node4_0,0.6325766041320331
Train_V_2Layers_input_size_15_node1_15_node2_95_node3_0_node4_0,0.5254113288969259
Test_V_2Layers_input_size_15_node1_15_node2_95_node3_0_node4_0,0.6627006928540015
Train_V_1Layers_input_size_15_node1_25_node2_0_node3_0_node4_0,0.5194961134422832
Test_V_1Layers_input_size_15_node1_25_node2_0_node3_0_node4_0,0.6566949879724135
Train_V_2Layers_input_size_15_node1_25_node2_5_node3_0_node4_0,0.5152455002608143
Test_V_2Layers_input_size_15_node1_25_node2_5_node3_0_node4_0,0.6492970296625241
Train_V_2Layers_input_size_15_node1_25_node2_15_node3_0_node4_0,0.5147343080749459
Test_V_2Layers_input_size_15_node1_25_node2_15_node3_0_node4_0,0.6448854340228437
Train_V_2Layers_input_size_15_node1_25_node2_25_node3_0_node4_0,0.5751206976222435
Test_V_2Layers_input_size_15_node1_25_node2_25_node3_0_node4_0,0.7180827402108951
Train_V_2Layers_input_size_15_node1_25_node2_35_node3_0_node4_0,0.5235052776580721
Test_V_2Layers_input_size_15_node1_25_node2_35_node3_0_node4_0,0.6375517983055885
Train_V_2Layers_input_size_15_node1_25_node2_45_node3_0_node4_0,0.5265351489290233
Test_V_2Layers_input_size_15_node1_25_node2_45_node3_0_node4_0,0.6284802575648566
Train_V_2Layers_input_size_15_node1_25_node2_55_node3_0_node4_0,0.5183324535194772
Test_V_2Layers_input_size_15_node1_25_node2_55_node3_0_node4_0,0.6413715478614237
Train_V_2Layers_input_size_15_node1_25_node2_65_node3_0_node4_0,0.5013961076290174
Test_V_2Layers_input_size_15_node1_25_node2_65_node3_0_node4_0,0.6314322170854788
Train_V_2Layers_input_size_15_node1_25_node2_75_node3_0_node4_0,0.5645180635155437
Test_V_2Layers_input_size_15_node1_25_node2_75_node3_0_node4_0,0.7026493158861431
Train_V_2Layers_input_size_15_node1_25_node2_85_node3_0_node4_0,0.5078094482330175
Test_V_2Layers_input_size_15_node1_25_node2_85_node3_0_node4_0,0.6434338561849257
Train_V_2Layers_input_size_15_node1_25_node2_95_node3_0_node4_0,0.5122689063389043
Test_V_2Layers_input_size_15_node1_25_node2_95_node3_0_node4_0,0.6103335446559277
Train_V_1Layers_input_size_15_node1_35_node2_0_node3_0_node4_0,0.5071763969705638
Test_V_1Layers_input_size_15_node1_35_node2_0_node3_0_node4_0,0.6346620211048899
Train_V_2Layers_input_size_15_node1_35_node2_5_node3_0_node4_0,0.5267142600674704
Test_V_2Layers_input_size_15_node1_35_node2_5_node3_0_node4_0,0.6543004277830315
Train_V_2Layers_input_size_15_node1_35_node2_15_node3_0_node4_0,0.532890339867941
Test_V_2Layers_input_size_15_node1_35_node2_15_node3_0_node4_0,0.6649565120330823
Train_V_2Layers_input_size_15_node1_35_node2_25_node3_0_node4_0,0.5068927946153917
Test_V_2Layers_input_size_15_node1_35_node2_25_node3_0_node4_0,0.6361843276839984
Train_V_2Layers_input_size_15_node1_35_node2_35_node3_0_node4_0,0.5108074197632059
Test_V_2Layers_input_size_15_node1_35_node2_35_node3_0_node4_0,0.6454669056452578
Train_V_2Layers_input_size_15_node1_35_node2_45_node3_0_node4_0,0.5029636408631383
Test_V_2Layers_input_size_15_node1_35_node2_45_node3_0_node4_0,0.6193613086268855
Train_V_2Layers_input_size_15_node1_35_node2_55_node3_0_node4_0,0.5055381609325278
Test_V_2Layers_input_size_15_node1_35_node2_55_node3_0_node4_0,0.6250486116578042
Train_V_2Layers_input_size_15_node1_35_node2_65_node3_0_node4_0,0.5027348705843577
Test_V_2Layers_input_size_15_node1_35_node2_65_node3_0_node4_0,0.6318152304886671
Train_V_2Layers_input_size_15_node1_35_node2_75_node3_0_node4_0,0.5110093944025675
Test_V_2Layers_input_size_15_node1_35_node2_75_node3_0_node4_0,0.638869951895853
Train_V_2Layers_input_size_15_node1_35_node2_85_node3_0_node4_0,0.5096012303486468
Test_V_2Layers_input_size_15_node1_35_node2_85_node3_0_node4_0,0.6147069214088168
Train_V_2Layers_input_size_15_node1_35_node2_95_node3_0_node4_0,0.5224264828738437
Test_V_2Layers_input_size_15_node1_35_node2_95_node3_0_node4_0,0.6158042327301142
Train_V_1Layers_input_size_15_node1_45_node2_0_node3_0_node4_0,0.5228842758187645
Test_V_1Layers_input_size_15_node1_45_node2_0_node3_0_node4_0,0.6241538518940647
Train_V_2Layers_input_size_15_node1_45_node2_5_node3_0_node4_0,0.5212004670957843
Test_V_2Layers_input_size_15_node1_45_node2_5_node3_0_node4_0,0.6473471194839533
Train_V_2Layers_input_size_15_node1_45_node2_15_node3_0_node4_0,0.531652970909931
Test_V_2Layers_input_size_15_node1_45_node2_15_node3_0_node4_0,0.639865308498549
Train_V_2Layers_input_size_15_node1_45_node2_25_node3_0_node4_0,0.5118171946638324
Test_V_2Layers_input_size_15_node1_45_node2_25_node3_0_node4_0,0.6308130064183392
Train_V_2Layers_input_size_15_node1_45_node2_35_node3_0_node4_0,0.5106296743601553
Test_V_2Layers_input_size_15_node1_45_node2_35_node3_0_node4_0,0.6329857859770813
Train_V_2Layers_input_size_15_node1_45_node2_45_node3_0_node4_0,0.4998288606773433
Test_V_2Layers_input_size_15_node1_45_node2_45_node3_0_node4_0,0.6212797546169171
Train_V_2Layers_input_size_15_node1_45_node2_55_node3_0_node4_0,0.5138355183022355
Test_V_2Layers_input_size_15_node1_45_node2_55_node3_0_node4_0,0.6456243089596502
Train_V_2Layers_input_size_15_node1_45_node2_65_node3_0_node4_0,0.5059382255695081
Test_V_2Layers_input_size_15_node1_45_node2_65_node3_0_node4_0,0.6174898010832515
Train_V_2Layers_input_size_15_node1_45_node2_75_node3_0_node4_0,0.4979538475370607
Test_V_2Layers_input_size_15_node1_45_node2_75_node3_0_node4_0,0.6233990430324015
Train_V_2Layers_input_size_15_node1_45_node2_85_node3_0_node4_0,0.5888944401294444
Test_V_2Layers_input_size_15_node1_45_node2_85_node3_0_node4_0,0.6251140967175093
Train_V_2Layers_input_size_15_node1_45_node2_95_node3_0_node4_0,0.4940546888328729
Test_V_2Layers_input_size_15_node1_45_node2_95_node3_0_node4_0,0.6176907383008735
Train_V_1Layers_input_size_15_node1_55_node2_0_node3_0_node4_0,0.5114705015031191
Test_V_1Layers_input_size_15_node1_55_node2_0_node3_0_node4_0,0.6199654941801189
Train_V_2Layers_input_size_15_node1_55_node2_5_node3_0_node4_0,0.5214908042254224
Test_V_2Layers_input_size_15_node1_55_node2_5_node3_0_node4_0,0.6182642368909488
Train_V_2Layers_input_size_15_node1_55_node2_15_node3_0_node4_0,0.5184769221902181
Test_V_2Layers_input_size_15_node1_55_node2_15_node3_0_node4_0,0.6527886158695015
Train_V_2Layers_input_size_15_node1_55_node2_25_node3_0_node4_0,0.5456530952867084
Test_V_2Layers_input_size_15_node1_55_node2_25_node3_0_node4_0,0.6823655129769142
Train_V_2Layers_input_size_15_node1_55_node2_35_node3_0_node4_0,0.5759621966029898
Test_V_2Layers_input_size_15_node1_55_node2_35_node3_0_node4_0,0.7058455499119516
Train_V_2Layers_input_size_15_node1_55_node2_45_node3_0_node4_0,0.6548510581582438
Test_V_2Layers_input_size_15_node1_55_node2_45_node3_0_node4_0,0.6708896641941939
Train_V_2Layers_input_size_15_node1_55_node2_55_node3_0_node4_0,0.5003139583035052
Test_V_2Layers_input_size_15_node1_55_node2_55_node3_0_node4_0,0.6207407301979946
Train_V_2Layers_input_size_15_node1_55_node2_65_node3_0_node4_0,0.4994438326618779
Test_V_2Layers_input_size_15_node1_55_node2_65_node3_0_node4_0,0.6278483336624401
Train_V_2Layers_input_size_15_node1_55_node2_75_node3_0_node4_0,0.5031196605801844
Test_V_2Layers_input_size_15_node1_55_node2_75_node3_0_node4_0,0.6307605158110312
Train_V_2Layers_input_size_15_node1_55_node2_85_node3_0_node4_0,0.5600937663493712
Test_V_2Layers_input_size_15_node1_55_node2_85_node3_0_node4_0,0.690161430334263
Train_V_2Layers_input_size_15_node1_55_node2_95_node3_0_node4_0,0.49944043140221805
Test_V_2Layers_input_size_15_node1_55_node2_95_node3_0_node4_0,0.6238381315132238
Train_V_1Layers_input_size_15_node1_65_node2_0_node3_0_node4_0,0.510285912198956
Test_V_1Layers_input_size_15_node1_65_node2_0_node3_0_node4_0,0.6331618486773215
Train_V_2Layers_input_size_15_node1_65_node2_5_node3_0_node4_0,0.5086485509456752
Test_V_2Layers_input_size_15_node1_65_node2_5_node3_0_node4_0,0.6255785410167184
Train_V_2Layers_input_size_15_node1_65_node2_15_node3_0_node4_0,0.5146160368881245
Test_V_2Layers_input_size_15_node1_65_node2_15_node3_0_node4_0,0.6416090641134776
Train_V_2Layers_input_size_15_node1_65_node2_25_node3_0_node4_0,0.5038569818112721
Test_V_2Layers_input_size_15_node1_65_node2_25_node3_0_node4_0,0.6315458831790647
Train_V_2Layers_input_size_15_node1_65_node2_35_node3_0_node4_0,0.518325668883413
Test_V_2Layers_input_size_15_node1_65_node2_35_node3_0_node4_0,0.609352600468475
Train_V_2Layers_input_size_15_node1_65_node2_45_node3_0_node4_0,0.5654902450468925
Test_V_2Layers_input_size_15_node1_65_node2_45_node3_0_node4_0,0.6224464704485949
Train_V_2Layers_input_size_15_node1_65_node2_55_node3_0_node4_0,0.5015783729299493
Test_V_2Layers_input_size_15_node1_65_node2_55_node3_0_node4_0,0.6273577563858823
Train_V_2Layers_input_size_15_node1_65_node2_65_node3_0_node4_0,0.5005487768316599
Test_V_2Layers_input_size_15_node1_65_node2_65_node3_0_node4_0,0.6122891364792183
Train_V_2Layers_input_size_15_node1_65_node2_75_node3_0_node4_0,0.5141533455393082
Test_V_2Layers_input_size_15_node1_65_node2_75_node3_0_node4_0,0.6453255354185857
Train_V_2Layers_input_size_15_node1_65_node2_85_node3_0_node4_0,0.5005426442464808
Test_V_2Layers_input_size_15_node1_65_node2_85_node3_0_node4_0,0.6269193265842347
Train_V_2Layers_input_size_15_node1_65_node2_95_node3_0_node4_0,0.5623507301637188
Test_V_2Layers_input_size_15_node1_65_node2_95_node3_0_node4_0,0.6256205101118834
Train_V_1Layers_input_size_15_node1_75_node2_0_node3_0_node4_0,0.5226245374424331
Test_V_1Layers_input_size_15_node1_75_node2_0_node3_0_node4_0,0.6581391889268886
Train_V_2Layers_input_size_15_node1_75_node2_5_node3_0_node4_0,1.3616175514913267
Test_V_2Layers_input_size_15_node1_75_node2_5_node3_0_node4_0,1.9739743502997904
Train_V_2Layers_input_size_15_node1_75_node2_15_node3_0_node4_0,0.5045383835397812
Test_V_2Layers_input_size_15_node1_75_node2_15_node3_0_node4_0,0.6288830770642245
Train_V_2Layers_input_size_15_node1_75_node2_25_node3_0_node4_0,0.5133499180862154
Test_V_2Layers_input_size_15_node1_75_node2_25_node3_0_node4_0,0.6422736191376771
Train_V_2Layers_input_size_15_node1_75_node2_35_node3_0_node4_0,0.501910018554281
Test_V_2Layers_input_size_15_node1_75_node2_35_node3_0_node4_0,0.627635976109259
Train_V_2Layers_input_size_15_node1_75_node2_45_node3_0_node4_0,0.5056944176796319
Test_V_2Layers_input_size_15_node1_75_node2_45_node3_0_node4_0,0.6343267243906838
Train_V_2Layers_input_size_15_node1_75_node2_55_node3_0_node4_0,0.5453706759487524
Test_V_2Layers_input_size_15_node1_75_node2_55_node3_0_node4_0,0.6842064645609006
Train_V_2Layers_input_size_15_node1_75_node2_65_node3_0_node4_0,0.5139954566717663
Test_V_2Layers_input_size_15_node1_75_node2_65_node3_0_node4_0,0.6078872615072546
Train_V_2Layers_input_size_15_node1_75_node2_75_node3_0_node4_0,0.5142124652971126
Test_V_2Layers_input_size_15_node1_75_node2_75_node3_0_node4_0,0.6499576903291375
Train_V_2Layers_input_size_15_node1_75_node2_85_node3_0_node4_0,0.5029010357148798
Test_V_2Layers_input_size_15_node1_75_node2_85_node3_0_node4_0,0.6077641936182182
Train_V_2Layers_input_size_15_node1_75_node2_95_node3_0_node4_0,0.5740383928913556
Test_V_2Layers_input_size_15_node1_75_node2_95_node3_0_node4_0,0.7008315936901199
Train_V_1Layers_input_size_15_node1_85_node2_0_node3_0_node4_0,0.5827157520653429
Test_V_1Layers_input_size_15_node1_85_node2_0_node3_0_node4_0,0.632482725329712
Train_V_2Layers_input_size_15_node1_85_node2_5_node3_0_node4_0,0.5316372750069532
Test_V_2Layers_input_size_15_node1_85_node2_5_node3_0_node4_0,0.6695402743466925
Train_V_2Layers_input_size_15_node1_85_node2_15_node3_0_node4_0,0.5262796191128011
Test_V_2Layers_input_size_15_node1_85_node2_15_node3_0_node4_0,0.6606505986489791
Train_V_2Layers_input_size_15_node1_85_node2_25_node3_0_node4_0,0.5274213663131799
Test_V_2Layers_input_size_15_node1_85_node2_25_node3_0_node4_0,0.6615184070811491
Train_V_2Layers_input_size_15_node1_85_node2_35_node3_0_node4_0,0.5265164420249481
Test_V_2Layers_input_size_15_node1_85_node2_35_node3_0_node4_0,0.6601772643587519
Train_V_2Layers_input_size_15_node1_85_node2_45_node3_0_node4_0,0.5803341284579739
Test_V_2Layers_input_size_15_node1_85_node2_45_node3_0_node4_0,0.7158193132880134
Train_V_2Layers_input_size_15_node1_85_node2_55_node3_0_node4_0,0.5299925789223549
Test_V_2Layers_input_size_15_node1_85_node2_55_node3_0_node4_0,0.6169935476995136
Train_V_2Layers_input_size_15_node1_85_node2_65_node3_0_node4_0,0.5092226842147112
Test_V_2Layers_input_size_15_node1_85_node2_65_node3_0_node4_0,0.6157179370188025
Train_V_2Layers_input_size_15_node1_85_node2_75_node3_0_node4_0,0.496944149171957
Test_V_2Layers_input_size_15_node1_85_node2_75_node3_0_node4_0,0.6152944868482139
Train_V_2Layers_input_size_15_node1_85_node2_85_node3_0_node4_0,0.49646560369342096
Test_V_2Layers_input_size_15_node1_85_node2_85_node3_0_node4_0,0.6139742343743263
Train_V_2Layers_input_size_15_node1_85_node2_95_node3_0_node4_0,0.5986977272868566
Test_V_2Layers_input_size_15_node1_85_node2_95_node3_0_node4_0,0.6272606258974692
Train_V_1Layers_input_size_15_node1_95_node2_0_node3_0_node4_0,0.5820282033546127
Test_V_1Layers_input_size_15_node1_95_node2_0_node3_0_node4_0,0.6355085045990531
Train_V_2Layers_input_size_15_node1_95_node2_5_node3_0_node4_0,1.3615511871561337
Test_V_2Layers_input_size_15_node1_95_node2_5_node3_0_node4_0,1.9790116768097814
Train_V_2Layers_input_size_15_node1_95_node2_15_node3_0_node4_0,0.5192753441199228
Test_V_2Layers_input_size_15_node1_95_node2_15_node3_0_node4_0,0.6564019799224126
Train_V_2Layers_input_size_15_node1_95_node2_25_node3_0_node4_0,0.5151920523913818
Test_V_2Layers_input_size_15_node1_95_node2_25_node3_0_node4_0,0.6239063230648709
Train_V_2Layers_input_size_15_node1_95_node2_35_node3_0_node4_0,0.5346525007126833
Test_V_2Layers_input_size_15_node1_95_node2_35_node3_0_node4_0,0.6163521195348083
Train_V_2Layers_input_size_15_node1_95_node2_45_node3_0_node4_0,0.5073823721106454
Test_V_2Layers_input_size_15_node1_95_node2_45_node3_0_node4_0,0.6138933856458031
Train_V_2Layers_input_size_15_node1_95_node2_55_node3_0_node4_0,0.5147129141503531
Test_V_2Layers_input_size_15_node1_95_node2_55_node3_0_node4_0,0.6237298217980318
Train_V_2Layers_input_size_15_node1_95_node2_65_node3_0_node4_0,0.5360024993895146
Test_V_2Layers_input_size_15_node1_95_node2_65_node3_0_node4_0,0.6662513114529812
Train_V_2Layers_input_size_15_node1_95_node2_75_node3_0_node4_0,0.5152247349182125
Test_V_2Layers_input_size_15_node1_95_node2_75_node3_0_node4_0,0.6491822022434619
Train_V_2Layers_input_size_15_node1_95_node2_85_node3_0_node4_0,0.5507483235791251
Test_V_2Layers_input_size_15_node1_95_node2_85_node3_0_node4_0,0.6195189706901131
Train_V_2Layers_input_size_15_node1_95_node2_95_node3_0_node4_0,0.5559038338805706
Test_V_2Layers_input_size_15_node1_95_node2_95_node3_0_node4_0,0.6901862161671565
Train_V_1Layers_input_size_20_node1_5_node2_0_node3_0_node4_0,0.5369299849129812
Test_V_1Layers_input_size_20_node1_5_node2_0_node3_0_node4_0,0.6716283966651618
Train_V_2Layers_input_size_20_node1_5_node2_5_node3_0_node4_0,0.542834066249168
Test_V_2Layers_input_size_20_node1_5_node2_5_node3_0_node4_0,0.6839238486968187
Train_V_2Layers_input_size_20_node1_5_node2_15_node3_0_node4_0,0.5488448496812249
Test_V_2Layers_input_size_20_node1_5_node2_15_node3_0_node4_0,0.6457746361136053
Train_V_2Layers_input_size_20_node1_5_node2_25_node3_0_node4_0,0.5290846733588603
Test_V_2Layers_input_size_20_node1_5_node2_25_node3_0_node4_0,0.6605303906098875
Train_V_2Layers_input_size_20_node1_5_node2_35_node3_0_node4_0,0.5674730711694227
Test_V_2Layers_input_size_20_node1_5_node2_35_node3_0_node4_0,0.7198982603326319
Train_V_2Layers_input_size_20_node1_5_node2_45_node3_0_node4_0,0.5291324092509351
Test_V_2Layers_input_size_20_node1_5_node2_45_node3_0_node4_0,0.6640635546507595
Train_V_2Layers_input_size_20_node1_5_node2_55_node3_0_node4_0,0.5508997634106798
Test_V_2Layers_input_size_20_node1_5_node2_55_node3_0_node4_0,0.6530818760702991
Train_V_2Layers_input_size_20_node1_5_node2_65_node3_0_node4_0,0.5237799990035759
Test_V_2Layers_input_size_20_node1_5_node2_65_node3_0_node4_0,0.6374255043335096
Train_V_2Layers_input_size_20_node1_5_node2_75_node3_0_node4_0,0.5231355963651256
Test_V_2Layers_input_size_20_node1_5_node2_75_node3_0_node4_0,0.6527315003875679
Train_V_2Layers_input_size_20_node1_5_node2_85_node3_0_node4_0,0.5277033674616642
Test_V_2Layers_input_size_20_node1_5_node2_85_node3_0_node4_0,0.677357593645701
Train_V_2Layers_input_size_20_node1_5_node2_95_node3_0_node4_0,0.5279330316650059
Test_V_2Layers_input_size_20_node1_5_node2_95_node3_0_node4_0,0.6715662047016386
Train_V_1Layers_input_size_20_node1_15_node2_0_node3_0_node4_0,0.5270083738508644
Test_V_1Layers_input_size_20_node1_15_node2_0_node3_0_node4_0,0.670246457134304
Train_V_2Layers_input_size_20_node1_15_node2_5_node3_0_node4_0,0.5177495132841865
Test_V_2Layers_input_size_20_node1_15_node2_5_node3_0_node4_0,0.6401308526440316
Train_V_2Layers_input_size_20_node1_15_node2_15_node3_0_node4_0,0.5062728134948945
Test_V_2Layers_input_size_20_node1_15_node2_15_node3_0_node4_0,0.6247792092387616
Train_V_2Layers_input_size_20_node1_15_node2_25_node3_0_node4_0,0.5506012534521144
Test_V_2Layers_input_size_20_node1_15_node2_25_node3_0_node4_0,0.6820182519397319
Train_V_2Layers_input_size_20_node1_15_node2_35_node3_0_node4_0,0.5499051478264809
Test_V_2Layers_input_size_20_node1_15_node2_35_node3_0_node4_0,0.6907653855782406
Train_V_2Layers_input_size_20_node1_15_node2_45_node3_0_node4_0,0.5062741379811373
Test_V_2Layers_input_size_20_node1_15_node2_45_node3_0_node4_0,0.6245129594947115
Train_V_2Layers_input_size_20_node1_15_node2_55_node3_0_node4_0,0.5218468595672877
Test_V_2Layers_input_size_20_node1_15_node2_55_node3_0_node4_0,0.6615695834782956
Train_V_2Layers_input_size_20_node1_15_node2_65_node3_0_node4_0,0.536816576131343
Test_V_2Layers_input_size_20_node1_15_node2_65_node3_0_node4_0,0.6637376776232122
Train_V_2Layers_input_size_20_node1_15_node2_75_node3_0_node4_0,0.5037823606088054
Test_V_2Layers_input_size_20_node1_15_node2_75_node3_0_node4_0,0.6160724321005725
Train_V_2Layers_input_size_20_node1_15_node2_85_node3_0_node4_0,0.5262548436465224
Test_V_2Layers_input_size_20_node1_15_node2_85_node3_0_node4_0,0.6660229634974186
Train_V_2Layers_input_size_20_node1_15_node2_95_node3_0_node4_0,0.5153621234677673
Test_V_2Layers_input_size_20_node1_15_node2_95_node3_0_node4_0,0.6326124793522582
Train_V_1Layers_input_size_20_node1_25_node2_0_node3_0_node4_0,0.5160374292449426
Test_V_1Layers_input_size_20_node1_25_node2_0_node3_0_node4_0,0.648530861441544
Train_V_2Layers_input_size_20_node1_25_node2_5_node3_0_node4_0,0.5385736100581613
Test_V_2Layers_input_size_20_node1_25_node2_5_node3_0_node4_0,0.6527156112594701
Train_V_2Layers_input_size_20_node1_25_node2_15_node3_0_node4_0,0.5325083695233022
Test_V_2Layers_input_size_20_node1_25_node2_15_node3_0_node4_0,0.6702454566773124
Train_V_2Layers_input_size_20_node1_25_node2_25_node3_0_node4_0,0.5579989808117709
Test_V_2Layers_input_size_20_node1_25_node2_25_node3_0_node4_0,0.709325913062698
Train_V_2Layers_input_size_20_node1_25_node2_35_node3_0_node4_0,0.6175887819320133
Test_V_2Layers_input_size_20_node1_25_node2_35_node3_0_node4_0,0.7521744835761055
Train_V_2Layers_input_size_20_node1_25_node2_45_node3_0_node4_0,0.5482817132425511
Test_V_2Layers_input_size_20_node1_25_node2_45_node3_0_node4_0,0.6922220277462817
Train_V_2Layers_input_size_20_node1_25_node2_55_node3_0_node4_0,0.5095931598166086
Test_V_2Layers_input_size_20_node1_25_node2_55_node3_0_node4_0,0.6425111266111565
Train_V_2Layers_input_size_20_node1_25_node2_65_node3_0_node4_0,0.5328436957033714
Test_V_2Layers_input_size_20_node1_25_node2_65_node3_0_node4_0,0.6776245204049155
Train_V_2Layers_input_size_20_node1_25_node2_75_node3_0_node4_0,0.5520879787273621
Test_V_2Layers_input_size_20_node1_25_node2_75_node3_0_node4_0,0.6871382455144226
Train_V_2Layers_input_size_20_node1_25_node2_85_node3_0_node4_0,0.5176831984478835
Test_V_2Layers_input_size_20_node1_25_node2_85_node3_0_node4_0,0.650763739708649
Train_V_2Layers_input_size_20_node1_25_node2_95_node3_0_node4_0,0.49118446900665097
Test_V_2Layers_input_size_20_node1_25_node2_95_node3_0_node4_0,0.6251407464814439
Train_V_1Layers_input_size_20_node1_35_node2_0_node3_0_node4_0,0.5267613621225444
Test_V_1Layers_input_size_20_node1_35_node2_0_node3_0_node4_0,0.6615008818590972
Train_V_2Layers_input_size_20_node1_35_node2_5_node3_0_node4_0,0.5188564995518778
Test_V_2Layers_input_size_20_node1_35_node2_5_node3_0_node4_0,0.6568394012314471
Train_V_2Layers_input_size_20_node1_35_node2_15_node3_0_node4_0,0.5604633175980397
Test_V_2Layers_input_size_20_node1_35_node2_15_node3_0_node4_0,0.7023618583339124
Train_V_2Layers_input_size_20_node1_35_node2_25_node3_0_node4_0,0.5314652623894133
Test_V_2Layers_input_size_20_node1_35_node2_25_node3_0_node4_0,0.6741514010954576
Train_V_2Layers_input_size_20_node1_35_node2_35_node3_0_node4_0,0.5553947828703055
Test_V_2Layers_input_size_20_node1_35_node2_35_node3_0_node4_0,0.6265104638464162
Train_V_2Layers_input_size_20_node1_35_node2_45_node3_0_node4_0,0.5095965810360141
Test_V_2Layers_input_size_20_node1_35_node2_45_node3_0_node4_0,0.63243496782912
Train_V_2Layers_input_size_20_node1_35_node2_55_node3_0_node4_0,0.5371390594602532
Test_V_2Layers_input_size_20_node1_35_node2_55_node3_0_node4_0,0.6257529967903438
Train_V_2Layers_input_size_20_node1_35_node2_65_node3_0_node4_0,0.5210689647447856
Test_V_2Layers_input_size_20_node1_35_node2_65_node3_0_node4_0,0.6229916012918856
Train_V_2Layers_input_size_20_node1_35_node2_75_node3_0_node4_0,0.5932506670138294
Test_V_2Layers_input_size_20_node1_35_node2_75_node3_0_node4_0,0.6368997468716967
Train_V_2Layers_input_size_20_node1_35_node2_85_node3_0_node4_0,0.5006157838256456
Test_V_2Layers_input_size_20_node1_35_node2_85_node3_0_node4_0,0.6259278800708861
Train_V_2Layers_input_size_20_node1_35_node2_95_node3_0_node4_0,0.5175217219875492
Test_V_2Layers_input_size_20_node1_35_node2_95_node3_0_node4_0,0.599976293771041
Train_V_1Layers_input_size_20_node1_45_node2_0_node3_0_node4_0,0.5393535823260652
Test_V_1Layers_input_size_20_node1_45_node2_0_node3_0_node4_0,0.6289402022585645
Train_V_2Layers_input_size_20_node1_45_node2_5_node3_0_node4_0,1.3617653712369282
Test_V_2Layers_input_size_20_node1_45_node2_5_node3_0_node4_0,1.973546316449499
Train_V_2Layers_input_size_20_node1_45_node2_15_node3_0_node4_0,0.5185321005519581
Test_V_2Layers_input_size_20_node1_45_node2_15_node3_0_node4_0,0.6557743074141872
Train_V_2Layers_input_size_20_node1_45_node2_25_node3_0_node4_0,0.5269362111130712
Test_V_2Layers_input_size_20_node1_45_node2_25_node3_0_node4_0,0.6675919479447935
Train_V_2Layers_input_size_20_node1_45_node2_35_node3_0_node4_0,0.5446655053202615
Test_V_2Layers_input_size_20_node1_45_node2_35_node3_0_node4_0,0.6165746712582947
Train_V_2Layers_input_size_20_node1_45_node2_45_node3_0_node4_0,0.5080604241453456
Test_V_2Layers_input_size_20_node1_45_node2_45_node3_0_node4_0,0.6278816786191944
Train_V_2Layers_input_size_20_node1_45_node2_55_node3_0_node4_0,0.5002742849476686
Test_V_2Layers_input_size_20_node1_45_node2_55_node3_0_node4_0,0.622411685140538
Train_V_2Layers_input_size_20_node1_45_node2_65_node3_0_node4_0,0.5159512268125757
Test_V_2Layers_input_size_20_node1_45_node2_65_node3_0_node4_0,0.611825490824725
Train_V_2Layers_input_size_20_node1_45_node2_75_node3_0_node4_0,0.49421055114293916
Test_V_2Layers_input_size_20_node1_45_node2_75_node3_0_node4_0,0.620756453569275
Train_V_2Layers_input_size_20_node1_45_node2_85_node3_0_node4_0,0.5153181723704074
Test_V_2Layers_input_size_20_node1_45_node2_85_node3_0_node4_0,0.6183012558498767
Train_V_2Layers_input_size_20_node1_45_node2_95_node3_0_node4_0,0.5929039146953585
Test_V_2Layers_input_size_20_node1_45_node2_95_node3_0_node4_0,0.6293724180469756
Train_V_1Layers_input_size_20_node1_55_node2_0_node3_0_node4_0,0.5531755445845826
Test_V_1Layers_input_size_20_node1_55_node2_0_node3_0_node4_0,0.686239126706447
Train_V_2Layers_input_size_20_node1_55_node2_5_node3_0_node4_0,0.5637559908614116
Test_V_2Layers_input_size_20_node1_55_node2_5_node3_0_node4_0,0.6212428891563644
Train_V_2Layers_input_size_20_node1_55_node2_15_node3_0_node4_0,0.5124925775688277
Test_V_2Layers_input_size_20_node1_55_node2_15_node3_0_node4_0,0.6462237705832787
Train_V_2Layers_input_size_20_node1_55_node2_25_node3_0_node4_0,0.5065082821314797
Test_V_2Layers_input_size_20_node1_55_node2_25_node3_0_node4_0,0.620788451200283
Train_V_2Layers_input_size_20_node1_55_node2_35_node3_0_node4_0,0.5037864424347582
Test_V_2Layers_input_size_20_node1_55_node2_35_node3_0_node4_0,0.6223414622117999
Train_V_2Layers_input_size_20_node1_55_node2_45_node3_0_node4_0,0.5052897069882596
Test_V_2Layers_input_size_20_node1_55_node2_45_node3_0_node4_0,0.6259505910737615
Train_V_2Layers_input_size_20_node1_55_node2_55_node3_0_node4_0,0.7857268049122099
Test_V_2Layers_input_size_20_node1_55_node2_55_node3_0_node4_0,0.8754413377268255
Train_V_2Layers_input_size_20_node1_55_node2_65_node3_0_node4_0,0.5317901782167156
Test_V_2Layers_input_size_20_node1_55_node2_65_node3_0_node4_0,0.6681535699372315
Train_V_2Layers_input_size_20_node1_55_node2_75_node3_0_node4_0,0.5628039810239138
Test_V_2Layers_input_size_20_node1_55_node2_75_node3_0_node4_0,0.6906443131452077
Train_V_2Layers_input_size_20_node1_55_node2_85_node3_0_node4_0,0.5416041729407092
Test_V_2Layers_input_size_20_node1_55_node2_85_node3_0_node4_0,0.6201121172359773
Train_V_2Layers_input_size_20_node1_55_node2_95_node3_0_node4_0,0.5020068544360599
Test_V_2Layers_input_size_20_node1_55_node2_95_node3_0_node4_0,0.6081134747219697
Train_V_1Layers_input_size_20_node1_65_node2_0_node3_0_node4_0,0.5128124866102032
Test_V_1Layers_input_size_20_node1_65_node2_0_node3_0_node4_0,0.6442694392352387
Train_V_2Layers_input_size_20_node1_65_node2_5_node3_0_node4_0,0.5806761718883359
Test_V_2Layers_input_size_20_node1_65_node2_5_node3_0_node4_0,0.6328645143207229
Train_V_2Layers_input_size_20_node1_65_node2_15_node3_0_node4_0,0.5349627235385569
Test_V_2Layers_input_size_20_node1_65_node2_15_node3_0_node4_0,0.6710259373323576
