"(0,0,0)",3.272704729451566
"(0,0,1)",3.24959689840753
"(0,0,2)",3.043118497782709
"(0,0,3)",3.2901980789716148
"(0,0,4)",2.832360323645396
"(0,0,5)",3.09300742247013
"(0,0,6)",2.5727561246399153
"(0,0,7)",3.075260064638212
"(0,0,8)",2.9470667048162307
"(0,0,9)",2.7206979224026275
"(0,0,10)",2.6966922896936536
"(0,0,11)",2.4917552856051843
"(0,0,12)",2.4086290608063528
"(0,0,13)",2.202007790010475
"(0,0,14)",2.305791040388933
"(0,0,15)",2.115566587503843
"(0,0,16)",2.163113256006078
"(0,0,17)",2.0165884239663137
"(0,0,18)",2.062600842329685
"(0,0,19)",1.8557836442316193
"(0,0,20)",1.9061678159478188
"(1,0,0)",0.8866939483431829
"(1,0,1)",0.9241361556841343
"(1,0,2)",0.898500969332785
"(1,0,3)",0.9137519264592597
"(1,0,4)",0.89707200160431
"(1,0,5)",0.9143888755678025
"(1,0,6)",0.8842094107264505
"(1,0,7)",0.8869949112194608
"(1,0,8)",0.8167008557386575
"(1,0,9)",1.427246872620554
"(1,0,10)",1.0000821613416366
"(1,0,11)",0.8858883452170496
"(1,0,12)",0.9612062016207221
"(1,0,13)",0.8828508157142725
"(1,0,14)",0.9638547635825422
"(1,0,15)",0.8454608394828683
"(1,0,16)",0.9442205469943002
"(1,0,17)",0.8824004293839147
"(1,0,18)",0.9246137701063618
"(1,0,19)",0.9876580414843095
"(1,0,20)",0.9469461843792648
"(2,0,0)",0.8969823594776931
"(2,0,1)",0.8794373739679984
"(2,0,2)",0.879298327060563
"(2,0,3)",0.8792931453319627
"(2,0,4)",0.8740493791276164
"(2,0,5)",0.8897785777690508
"(2,0,6)",0.8337357094588403
"(2,0,7)",0.931127092194359
"(2,0,8)",0.8468242551408037
"(2,0,9)",0.9779847888905127
"(2,0,10)",1.0869971841449944
"(2,0,11)",1.031888472217547
"(2,0,12)",1.03225402612696
"(2,0,13)",1.022504039567101
"(2,0,14)",1.0295523034824765
"(2,0,15)",1.0301043203286608
"(2,0,16)",1.0117146496892537
"(2,0,17)",1.024073823687812
"(2,0,18)",1.0274673283846563
"(2,0,19)",1.0098658756827463
"(2,0,20)",1.0418626674291398
"(3,0,0)",0.8804967590255504
"(3,0,1)",0.8796690853405494
"(3,0,2)",0.89955885376867
"(3,0,3)",0.8917589268227717
"(3,0,4)",0.8925348594638463
"(3,0,5)",0.9518366230457087
"(3,0,6)",0.8393016981532655
"(3,0,7)",0.9776493126012963
"(3,0,8)",0.8327031360485107
"(3,0,9)",0.9357129433350024
"(3,0,10)",1.0503129334964616
"(3,0,11)",1.0897180185951303
"(3,0,12)",1.038995558772008
"(3,0,13)",1.0304517565682343
"(3,0,14)",1.0433255070657186
"(3,0,15)",1.0248212000402714
"(3,0,16)",1.010416822792084
"(3,0,17)",1.0115748580068187
"(3,0,18)",1.031211533265265
"(3,0,19)",1.0405911568326607
"(3,0,20)",1.0351805364392812
"(4,0,0)",0.8793000151513719
"(4,0,1)",0.8777254905331342
"(4,0,2)",0.9026585640814678
"(4,0,3)",0.8907125638704867
"(4,0,4)",0.912365944132531
"(4,0,5)",0.9139024889365268
"(4,0,6)",0.8524787950805268
"(4,0,7)",0.8332123013545711
"(4,0,8)",0.8717108223386844
"(4,0,9)",0.9106295272398023
"(4,0,10)",1.0621307105993216
"(4,0,11)",1.0238425048938518
"(4,0,12)",1.0255380127162659
"(4,0,13)",1.0236421626149508
"(4,0,14)",1.0239180166885133
"(4,0,15)",1.019780696263277
"(4,0,16)",0.958087257909564
"(4,0,17)",0.8498220175334664
"(4,0,18)",0.9687988975419858
"(4,0,19)",0.9336468691879222
"(4,0,20)",0.9693254189667597
"(5,0,0)",0.8795757339121196
"(5,0,1)",0.8781944548159045
"(5,0,2)",0.883094602202293
"(5,0,3)",0.9232214193570009
"(5,0,4)",0.941407008114991
"(5,0,5)",0.9098961080388613
"(5,0,6)",0.8516095835187855
"(5,0,7)",0.8276010761155357
"(5,0,8)",0.8368428741783254
"(5,0,9)",0.846187145623956
"(5,0,10)",1.0468443779259005
"(5,0,11)",1.0476336747123423
"(5,0,12)",1.0117484153331877
"(5,0,13)",1.0063455376193262
"(5,0,14)",1.0153630595496808
"(5,0,15)",1.0142749676083473
"(5,0,16)",0.9414896536454235
"(5,0,17)",0.9426346929600754
"(5,0,18)",0.8903896394438361
"(5,0,19)",0.8670885222861964
"(5,0,20)",0.9625456113670984
"(6,0,0)",0.8832301408799352
"(6,0,1)",0.8883839046703101
"(6,0,2)",0.8808011092278957
"(6,0,3)",0.8398047183672229
"(6,0,4)",3.272704729451566
"(6,0,5)",0.9131574264961778
"(6,0,6)",0.8625238824178231
"(6,0,7)",0.8918287462502122
"(6,0,8)",0.8707049685079912
"(6,0,9)",0.8982198961997527
"(6,0,10)",1.0674288638974343
"(6,0,11)",1.0615688907183911
"(6,0,12)",1.0172609334240328
"(6,0,13)",1.0149481659067887
"(6,0,14)",1.0127158418029523
"(6,0,15)",0.9758908454333096
"(6,0,16)",0.9358260329723987
"(6,0,17)",0.907846862128416
"(6,0,18)",0.893047408798929
"(6,0,19)",0.8803700885372221
"(6,0,20)",0.9348130570348773
"(7,0,0)",0.8906090279055611
"(7,0,1)",0.8756938951231911
"(7,0,2)",1.0167860002080102
"(7,0,3)",0.875459128374702
"(7,0,4)",0.8669788755860954
"(7,0,5)",0.8638242264352484
"(7,0,6)",0.9246888072197366
"(7,0,7)",0.877453681628721
"(7,0,8)",0.8500157090110307
"(7,0,9)",0.8558914648584853
"(7,0,10)",1.054339426571388
"(7,0,11)",1.041706710978262
"(7,0,12)",0.9995329170436484
"(7,0,13)",1.0230772421647154
"(7,0,14)",1.0221853544618633
"(7,0,15)",0.9695322755868552
"(7,0,16)",0.9044008632420003
"(7,0,17)",0.9098963382040843
"(7,0,18)",0.8443893124457884
"(7,0,19)",0.8579376247375335
"(7,0,20)",0.9454215981582944
"(8,0,0)",0.8887872842477564
"(8,0,1)",0.9193643003502384
"(8,0,2)",0.8813202239286526
"(8,0,3)",0.8728816738811944
"(8,0,4)",0.8928896843013682
"(8,0,5)",3.272704729451566
"(8,0,6)",0.8908445910101147
"(8,0,7)",0.874080902454908
"(8,0,8)",0.9209401743992759
"(8,0,9)",0.9762759415017843
"(8,0,10)",1.051140635685688
"(8,0,11)",1.0159514060824144
"(8,0,12)",1.0184269803534785
"(8,0,13)",1.013848595317066
"(8,0,14)",1.0081952545849466
"(8,0,15)",0.9650252705889368
"(8,0,16)",0.9484520946061132
"(8,0,17)",0.8612489213509446
"(8,0,18)",0.9525159935872128
"(8,0,19)",0.9680646893583306
"(8,0,20)",0.9119361614954257
"(9,0,0)",0.8943279729521486
"(9,0,1)",0.905865619444217
"(9,0,2)",0.9272285416522072
"(9,0,3)",0.9408059773405592
"(9,0,4)",0.9027443910384639
"(9,0,5)",0.8729168323855545
"(9,0,6)",0.8345140063222908
"(9,0,7)",0.8499547261841071
"(9,0,8)",0.8533897990296979
"(9,0,9)",0.8276640748970322
"(9,0,10)",1.0078983748838903
"(9,0,11)",1.0252432253233668
"(9,0,12)",1.0022566512637445
"(9,0,13)",1.0103525890198979
"(9,0,14)",0.983626548722619
"(9,0,15)",0.9706669699082571
"(9,0,16)",0.920102814935194
"(9,0,17)",0.9040520986822398
"(9,0,18)",0.9431260158417198
"(9,0,19)",0.8439738024625375
"(9,0,20)",0.8967256178017953
"(10,0,0)",0.8968644571651289
"(10,0,1)",0.897991393918412
"(10,0,2)",0.9006351186047832
"(10,0,3)",0.9384453994346869
"(10,0,4)",0.8990354388074656
"(10,0,5)",0.8988034646992462
"(10,0,6)",0.8897197059027038
"(10,0,7)",0.8527557761600816
"(10,0,8)",0.8202771379873475
"(10,0,9)",0.925566270847439
"(10,0,10)",1.014546802711871
"(10,0,11)",1.0221673104022715
"(10,0,12)",1.0088182485929427
"(10,0,13)",0.9927147077777178
"(10,0,14)",0.9871072785652314
"(10,0,15)",0.971146247497014
"(10,0,16)",0.9438120148007028
"(10,0,17)",0.9110108484559966
"(10,0,18)",1.0395656506864013
"(10,0,19)",1.070440244176382
"(10,0,20)",0.8602436162780169
"(11,0,0)",0.9224330989576431
"(11,0,1)",0.9469008492273051
"(11,0,2)",0.9342951479841233
"(11,0,3)",0.9374845803257622
"(11,0,4)",0.8975503841127438
"(11,0,5)",3.272704729451566
"(11,0,6)",0.9328817279877497
"(11,0,7)",0.8973798357448581
"(11,0,8)",0.9101535341363317
"(11,0,9)",0.8822339161160395
"(11,0,10)",0.9771887032264591
"(11,0,11)",0.9972808188764021
"(11,0,12)",0.9620553599115246
"(11,0,13)",0.9536693624039372
"(11,0,14)",0.9660910889490111
"(11,0,15)",0.9035838092082225
"(11,0,16)",0.937753796951348
"(11,0,17)",0.8741241443474596
"(11,0,18)",0.9719010179647352
"(11,0,19)",0.9942566266089824
"(11,0,20)",0.9214800195422853
"(12,0,0)",0.9311648118387486
"(12,0,1)",0.9325231980671456
"(12,0,2)",0.9408789086455719
"(12,0,3)",0.9554825471290307
"(12,0,4)",0.9298848492378954
"(12,0,5)",0.9110831099537257
"(12,0,6)",0.9157013649223119
"(12,0,7)",0.8621036885493772
"(12,0,8)",0.9900195307961187
"(12,0,9)",0.9295627964800993
"(12,0,10)",0.993239817041099
"(12,0,11)",0.989503449752267
"(12,0,12)",0.9828261416420527
"(12,0,13)",0.9779820096951903
"(12,0,14)",0.9780625975849089
"(12,0,15)",0.9045838785060016
"(12,0,16)",0.9169726499305013
"(12,0,17)",0.909234902963005
"(12,0,18)",1.0395036282307233
"(12,0,19)",0.9340415973767919
"(12,0,20)",0.9903594712940165
"(13,0,0)",0.9209520381381369
"(13,0,1)",0.9276272022446592
"(13,0,2)",0.9422999630543374
"(13,0,3)",0.9503282130791718
"(13,0,4)",0.934375984362057
"(13,0,5)",0.9176643532238947
"(13,0,6)",0.9288451053505143
"(13,0,7)",0.8616973113184757
"(13,0,8)",1.0246593897648981
"(13,0,9)",0.9621683764984477
"(13,0,10)",0.9762914881839125
"(13,0,11)",0.9880778889337085
"(13,0,12)",1.046947075858137
"(13,0,13)",0.9840464615227283
"(13,0,14)",0.9941337326831192
"(13,0,15)",0.9267470710664895
"(13,0,16)",0.9325898049704677
"(13,0,17)",0.9147320942756325
"(13,0,18)",0.9982720585180506
"(13,0,19)",0.9776241641095086
"(13,0,20)",1.019419620127676
"(14,0,0)",0.9194709179195344
"(14,0,1)",0.9286733839242043
"(14,0,2)",0.9271126121542739
"(14,0,3)",0.9363366245773159
"(14,0,4)",0.9190705430603874
"(14,0,5)",0.9144619169276312
"(14,0,6)",0.9135803782898709
"(14,0,7)",0.8903894872243808
"(14,0,8)",0.9054789620651338
"(14,0,9)",0.9425709964441503
"(14,0,10)",0.9603632633261249
"(14,0,11)",0.9362906633211161
"(14,0,12)",0.9803143793326918
"(14,0,13)",0.9736640956527417
"(14,0,14)",0.9800005121720085
"(14,0,15)",0.960315956324205
"(14,0,16)",0.9462976487651555
"(14,0,17)",0.9087091372354262
"(14,0,18)",0.8273290003756827
"(14,0,19)",0.9972594492786266
"(14,0,20)",1.0196364385528518
"(15,0,0)",0.9198486292219584
"(15,0,1)",0.9336454064371354
"(15,0,2)",0.9239625058027656
"(15,0,3)",0.927249654235202
"(15,0,4)",0.9228669400182405
"(15,0,5)",0.9280877191286129
"(15,0,6)",0.8953914434839558
"(15,0,7)",0.8973538157362354
"(15,0,8)",0.9568408129983902
"(15,0,9)",0.9801095611144398
"(15,0,10)",0.9642682047793626
"(15,0,11)",0.9587535675144858
"(15,0,12)",0.978892759742762
"(15,0,13)",0.9729879793161677
"(15,0,14)",0.9034808939971772
"(15,0,15)",0.9019304773528682
"(15,0,16)",0.9070896365515132
"(15,0,17)",0.9135081512254175
"(15,0,18)",0.8284003276941955
"(15,0,19)",0.8157091943424429
"(15,0,20)",1.0249698451417353
"(16,0,0)",0.922274731117132
"(16,0,1)",0.9283912170561849
"(16,0,2)",0.9239654003432787
"(16,0,3)",0.9256087529467004
"(16,0,4)",0.9210193548510764
"(16,0,5)",0.9179665185955613
"(16,0,6)",0.9404220137826286
"(16,0,7)",0.9693251376784611
"(16,0,8)",0.9773755556305868
"(16,0,9)",1.0065717441122883
"(16,0,10)",0.9507603066197909
"(16,0,11)",0.9163276026683598
"(16,0,12)",1.0049885817081938
"(16,0,13)",0.9449648802055519
"(16,0,14)",0.9520337664921177
"(16,0,15)",0.9249570484827585
"(16,0,16)",0.9363117521648587
"(16,0,17)",0.9202362373507177
"(16,0,18)",0.9737072320054453
"(16,0,19)",0.8214586224158856
"(16,0,20)",1.0174536674722223
"(17,0,0)",0.9285260746724565
"(17,0,1)",0.9361064409031624
"(17,0,2)",0.9240259553437659
"(17,0,3)",0.9281775736752395
"(17,0,4)",0.9250345764601147
"(17,0,5)",0.9302148962161405
"(17,0,6)",0.8982643756392064
"(17,0,7)",0.9225470198300071
"(17,0,8)",0.9306987613426129
"(17,0,9)",0.9679925180062531
"(17,0,10)",0.9942155551308705
"(17,0,11)",0.902347089594294
"(17,0,12)",0.9887674447430947
"(17,0,13)",0.9679156944525514
"(17,0,14)",0.9371781334333924
"(17,0,15)",0.8919165532583131
"(17,0,16)",0.919317636490005
"(17,0,17)",0.8902240327730809
"(17,0,18)",0.9696534290738781
"(17,0,19)",0.9699122593171335
"(17,0,20)",1.0368962548131648
"(18,0,0)",0.9275929325505436
"(18,0,1)",0.9348689135316314
"(18,0,2)",0.9390412042316948
"(18,0,3)",0.9279182005616365
"(18,0,4)",0.9303936311334149
"(18,0,5)",0.9254467540779269
"(18,0,6)",0.9742922216693243
"(18,0,7)",0.9392850445453275
"(18,0,8)",0.9498440438895618
"(18,0,9)",0.9724295854577761
"(18,0,10)",0.8447765477554373
"(18,0,11)",0.900542821058059
"(18,0,12)",0.9226885087027583
"(18,0,13)",0.9628242330082186
"(18,0,14)",0.8898365175304205
"(18,0,15)",0.9161156404930887
"(18,0,16)",0.9013913284043502
"(18,0,17)",0.8561392110572497
"(18,0,18)",0.95259638605463
"(18,0,19)",1.0046423190687535
"(18,0,20)",1.008636649820232
"(19,0,0)",0.9211217979824212
"(19,0,1)",0.9381798031313312
"(19,0,2)",0.9374812252883795
"(19,0,3)",0.9333787604437741
"(19,0,4)",0.9330673764010784
"(19,0,5)",0.9470690546851048
"(19,0,6)",0.9931781065500815
"(19,0,7)",0.9356159997796769
"(19,0,8)",0.9376714832748628
"(19,0,9)",0.9992745621768082
"(19,0,10)",0.9425836351643383
"(19,0,11)",0.9252393049488278
"(19,0,12)",0.958424905710458
"(19,0,13)",0.9396143710680882
"(19,0,14)",0.8999736530732344
"(19,0,15)",0.8735498641231798
"(19,0,16)",0.939612325202619
"(19,0,17)",0.8986864765190953
"(19,0,18)",0.9664767203724567
"(19,0,19)",0.990930266069402
"(19,0,20)",0.9879220590192446
"(20,0,0)",0.918201018276994
"(20,0,1)",0.9404687047393341
"(20,0,2)",0.9306152338584548
"(20,0,3)",0.9349829300908924
"(20,0,4)",0.9421061221986086
"(20,0,5)",0.9319562249302143
"(20,0,6)",0.9590394369315002
"(20,0,7)",0.9592572756322313
"(20,0,8)",0.9058534002283117
"(20,0,9)",0.93612080227377
"(20,0,10)",0.862040700134375
"(20,0,11)",0.8807859885531203
"(20,0,12)",0.9430112953272418
"(20,0,13)",0.9403431205213079
"(20,0,14)",0.8734340256028453
"(20,0,15)",0.8942056419367733
"(20,0,16)",0.9106103064337576
"(20,0,17)",0.9069107203691857
"(20,0,18)",69085.41530190114
"(20,0,19)",0.9295561546014742
"(20,0,20)",0.9909480042767842
