Train_U_1Layers_input_size_5_node1_5_node2_0_node3_0_node4_0,0.4164826006432044
Test_U_1Layers_input_size_5_node1_5_node2_0_node3_0_node4_0,0.4821253803658166
Train_U_2Layers_input_size_5_node1_5_node2_5_node3_0_node4_0,0.41042763950312183
Test_U_2Layers_input_size_5_node1_5_node2_5_node3_0_node4_0,0.47959215167124697
Train_U_2Layers_input_size_5_node1_5_node2_15_node3_0_node4_0,0.42181924168903323
Test_U_2Layers_input_size_5_node1_5_node2_15_node3_0_node4_0,0.49792173720881105
Train_U_2Layers_input_size_5_node1_5_node2_25_node3_0_node4_0,0.4030129506134035
Test_U_2Layers_input_size_5_node1_5_node2_25_node3_0_node4_0,0.4750020008295985
Train_U_2Layers_input_size_5_node1_5_node2_35_node3_0_node4_0,0.4033571092570401
Test_U_2Layers_input_size_5_node1_5_node2_35_node3_0_node4_0,0.4646919226932996
Train_U_2Layers_input_size_5_node1_5_node2_45_node3_0_node4_0,0.395695733531368
Test_U_2Layers_input_size_5_node1_5_node2_45_node3_0_node4_0,0.46977877574526133
Train_U_2Layers_input_size_5_node1_5_node2_55_node3_0_node4_0,0.40201677535768465
Test_U_2Layers_input_size_5_node1_5_node2_55_node3_0_node4_0,0.463027483188291
Train_U_2Layers_input_size_5_node1_5_node2_65_node3_0_node4_0,0.4212748002072943
Test_U_2Layers_input_size_5_node1_5_node2_65_node3_0_node4_0,0.5013856463123458
Train_U_2Layers_input_size_5_node1_5_node2_75_node3_0_node4_0,0.4012508734280596
Test_U_2Layers_input_size_5_node1_5_node2_75_node3_0_node4_0,0.4728468203395456
Train_U_2Layers_input_size_5_node1_5_node2_85_node3_0_node4_0,0.39795496649774564
Test_U_2Layers_input_size_5_node1_5_node2_85_node3_0_node4_0,0.47176170820677815
Train_U_2Layers_input_size_5_node1_5_node2_95_node3_0_node4_0,0.40597924967059734
Test_U_2Layers_input_size_5_node1_5_node2_95_node3_0_node4_0,0.48177157908888824
Train_U_1Layers_input_size_5_node1_15_node2_0_node3_0_node4_0,0.42755516861874177
Test_U_1Layers_input_size_5_node1_15_node2_0_node3_0_node4_0,0.49691842087372007
Train_U_2Layers_input_size_5_node1_15_node2_5_node3_0_node4_0,0.4002232085261323
Test_U_2Layers_input_size_5_node1_15_node2_5_node3_0_node4_0,0.47640675986047815
Train_U_2Layers_input_size_5_node1_15_node2_15_node3_0_node4_0,0.40164540618739747
Test_U_2Layers_input_size_5_node1_15_node2_15_node3_0_node4_0,0.4713653717676232
Train_U_2Layers_input_size_5_node1_15_node2_25_node3_0_node4_0,0.3977770661172918
Test_U_2Layers_input_size_5_node1_15_node2_25_node3_0_node4_0,0.4730617423205835
Train_U_2Layers_input_size_5_node1_15_node2_35_node3_0_node4_0,0.4257331260992964
Test_U_2Layers_input_size_5_node1_15_node2_35_node3_0_node4_0,0.4889255392841787
Train_U_2Layers_input_size_5_node1_15_node2_45_node3_0_node4_0,0.3997803666209338
Test_U_2Layers_input_size_5_node1_15_node2_45_node3_0_node4_0,0.4702701397445977
Train_U_2Layers_input_size_5_node1_15_node2_55_node3_0_node4_0,0.3979975197154066
Test_U_2Layers_input_size_5_node1_15_node2_55_node3_0_node4_0,0.45897249247002453
Train_U_2Layers_input_size_5_node1_15_node2_65_node3_0_node4_0,0.41418331111196005
Test_U_2Layers_input_size_5_node1_15_node2_65_node3_0_node4_0,0.46984652377274927
Train_U_2Layers_input_size_5_node1_15_node2_75_node3_0_node4_0,0.39565752751447186
Test_U_2Layers_input_size_5_node1_15_node2_75_node3_0_node4_0,0.4573605158280327
Train_U_2Layers_input_size_5_node1_15_node2_85_node3_0_node4_0,0.3970450209834448
Test_U_2Layers_input_size_5_node1_15_node2_85_node3_0_node4_0,0.45687384217790045
Train_U_2Layers_input_size_5_node1_15_node2_95_node3_0_node4_0,0.419011073075423
Test_U_2Layers_input_size_5_node1_15_node2_95_node3_0_node4_0,0.49776985093523285
Train_U_1Layers_input_size_5_node1_25_node2_0_node3_0_node4_0,0.40129311427994463
Test_U_1Layers_input_size_5_node1_25_node2_0_node3_0_node4_0,0.4646753919880035
Train_U_2Layers_input_size_5_node1_25_node2_5_node3_0_node4_0,0.39634346924564096
Test_U_2Layers_input_size_5_node1_25_node2_5_node3_0_node4_0,0.4663218071947846
Train_U_2Layers_input_size_5_node1_25_node2_15_node3_0_node4_0,0.3998700549233391
Test_U_2Layers_input_size_5_node1_25_node2_15_node3_0_node4_0,0.47587448233918717
Train_U_2Layers_input_size_5_node1_25_node2_25_node3_0_node4_0,0.41181371125752186
Test_U_2Layers_input_size_5_node1_25_node2_25_node3_0_node4_0,0.4864488934316409
Train_U_2Layers_input_size_5_node1_25_node2_35_node3_0_node4_0,0.3936103232461915
Test_U_2Layers_input_size_5_node1_25_node2_35_node3_0_node4_0,0.4629846630264833
Train_U_2Layers_input_size_5_node1_25_node2_45_node3_0_node4_0,0.41330359746441214
Test_U_2Layers_input_size_5_node1_25_node2_45_node3_0_node4_0,0.4675260459049831
Train_U_2Layers_input_size_5_node1_25_node2_55_node3_0_node4_0,0.39113107324105134
Test_U_2Layers_input_size_5_node1_25_node2_55_node3_0_node4_0,0.454582451945685
Train_U_2Layers_input_size_5_node1_25_node2_65_node3_0_node4_0,0.4188521488346327
Test_U_2Layers_input_size_5_node1_25_node2_65_node3_0_node4_0,0.4972640373881873
Train_U_2Layers_input_size_5_node1_25_node2_75_node3_0_node4_0,0.3945716232944216
Test_U_2Layers_input_size_5_node1_25_node2_75_node3_0_node4_0,0.46482387468177894
Train_U_2Layers_input_size_5_node1_25_node2_85_node3_0_node4_0,0.4321580780010496
Test_U_2Layers_input_size_5_node1_25_node2_85_node3_0_node4_0,0.5109003234310474
Train_U_2Layers_input_size_5_node1_25_node2_95_node3_0_node4_0,0.3891762953873358
Test_U_2Layers_input_size_5_node1_25_node2_95_node3_0_node4_0,0.4608640935604213
Train_U_1Layers_input_size_5_node1_35_node2_0_node3_0_node4_0,0.39766279338856664
Test_U_1Layers_input_size_5_node1_35_node2_0_node3_0_node4_0,0.46966844226906723
Train_U_2Layers_input_size_5_node1_35_node2_5_node3_0_node4_0,0.39548245572410445
Test_U_2Layers_input_size_5_node1_35_node2_5_node3_0_node4_0,0.4595037078904988
Train_U_2Layers_input_size_5_node1_35_node2_15_node3_0_node4_0,0.3966355059242477
Test_U_2Layers_input_size_5_node1_35_node2_15_node3_0_node4_0,0.46980576828841564
Train_U_2Layers_input_size_5_node1_35_node2_25_node3_0_node4_0,0.3953012939794791
Test_U_2Layers_input_size_5_node1_35_node2_25_node3_0_node4_0,0.4588775023358647
Train_U_2Layers_input_size_5_node1_35_node2_35_node3_0_node4_0,0.3893739503139106
Test_U_2Layers_input_size_5_node1_35_node2_35_node3_0_node4_0,0.45969676471971654
Train_U_2Layers_input_size_5_node1_35_node2_45_node3_0_node4_0,0.39801612712783657
Test_U_2Layers_input_size_5_node1_35_node2_45_node3_0_node4_0,0.4563635488853385
Train_U_2Layers_input_size_5_node1_35_node2_55_node3_0_node4_0,0.3931496857744844
Test_U_2Layers_input_size_5_node1_35_node2_55_node3_0_node4_0,0.46702828517060807
Train_U_2Layers_input_size_5_node1_35_node2_65_node3_0_node4_0,0.38628181665973194
Test_U_2Layers_input_size_5_node1_35_node2_65_node3_0_node4_0,0.4538664506544611
Train_U_2Layers_input_size_5_node1_35_node2_75_node3_0_node4_0,0.3887260820936406
Test_U_2Layers_input_size_5_node1_35_node2_75_node3_0_node4_0,0.4590049901350276
Train_U_2Layers_input_size_5_node1_35_node2_85_node3_0_node4_0,0.395471528826129
Test_U_2Layers_input_size_5_node1_35_node2_85_node3_0_node4_0,0.45907153661466704
Train_U_2Layers_input_size_5_node1_35_node2_95_node3_0_node4_0,0.425993175436256
Test_U_2Layers_input_size_5_node1_35_node2_95_node3_0_node4_0,0.47380581871668953
Train_U_1Layers_input_size_5_node1_45_node2_0_node3_0_node4_0,0.42459762613137825
Test_U_1Layers_input_size_5_node1_45_node2_0_node3_0_node4_0,0.4975635202630015
Train_U_2Layers_input_size_5_node1_45_node2_5_node3_0_node4_0,0.40423671993601584
Test_U_2Layers_input_size_5_node1_45_node2_5_node3_0_node4_0,0.47595382341832254
Train_U_2Layers_input_size_5_node1_45_node2_15_node3_0_node4_0,0.404905736102218
Test_U_2Layers_input_size_5_node1_45_node2_15_node3_0_node4_0,0.4730329194912352
Train_U_2Layers_input_size_5_node1_45_node2_25_node3_0_node4_0,0.4109951704047799
Test_U_2Layers_input_size_5_node1_45_node2_25_node3_0_node4_0,0.4784015130200908
Train_U_2Layers_input_size_5_node1_45_node2_35_node3_0_node4_0,0.40951899114640994
Test_U_2Layers_input_size_5_node1_45_node2_35_node3_0_node4_0,0.48723684385240773
Train_U_2Layers_input_size_5_node1_45_node2_45_node3_0_node4_0,0.4124271379045783
Test_U_2Layers_input_size_5_node1_45_node2_45_node3_0_node4_0,0.4893623590602797
Train_U_2Layers_input_size_5_node1_45_node2_55_node3_0_node4_0,0.4012471040282513
Test_U_2Layers_input_size_5_node1_45_node2_55_node3_0_node4_0,0.4770561850484788
Train_U_2Layers_input_size_5_node1_45_node2_65_node3_0_node4_0,0.4051154506632509
Test_U_2Layers_input_size_5_node1_45_node2_65_node3_0_node4_0,0.4814591937743151
Train_U_2Layers_input_size_5_node1_45_node2_75_node3_0_node4_0,0.3981588548671327
Test_U_2Layers_input_size_5_node1_45_node2_75_node3_0_node4_0,0.45949054160257474
Train_U_2Layers_input_size_5_node1_45_node2_85_node3_0_node4_0,0.3974024474200607
Test_U_2Layers_input_size_5_node1_45_node2_85_node3_0_node4_0,0.4724409700789313
Train_U_2Layers_input_size_5_node1_45_node2_95_node3_0_node4_0,0.3941932968165833
Test_U_2Layers_input_size_5_node1_45_node2_95_node3_0_node4_0,0.4665684480281581
Train_U_1Layers_input_size_5_node1_55_node2_0_node3_0_node4_0,0.40693086641998366
Test_U_1Layers_input_size_5_node1_55_node2_0_node3_0_node4_0,0.4842020925959969
Train_U_2Layers_input_size_5_node1_55_node2_5_node3_0_node4_0,0.4139694973125438
Test_U_2Layers_input_size_5_node1_55_node2_5_node3_0_node4_0,0.49209662007130606
Train_U_2Layers_input_size_5_node1_55_node2_15_node3_0_node4_0,0.42455219350519297
Test_U_2Layers_input_size_5_node1_55_node2_15_node3_0_node4_0,0.5046380813071049
Train_U_2Layers_input_size_5_node1_55_node2_25_node3_0_node4_0,0.3918942620442595
Test_U_2Layers_input_size_5_node1_55_node2_25_node3_0_node4_0,0.46349907975892496
Train_U_2Layers_input_size_5_node1_55_node2_35_node3_0_node4_0,0.4087437057302139
Test_U_2Layers_input_size_5_node1_55_node2_35_node3_0_node4_0,0.4786732316780072
Train_U_2Layers_input_size_5_node1_55_node2_45_node3_0_node4_0,0.4020147552546062
Test_U_2Layers_input_size_5_node1_55_node2_45_node3_0_node4_0,0.46102766997713973
Train_U_2Layers_input_size_5_node1_55_node2_55_node3_0_node4_0,0.41060145602379206
Test_U_2Layers_input_size_5_node1_55_node2_55_node3_0_node4_0,0.48781537528598856
Train_U_2Layers_input_size_5_node1_55_node2_65_node3_0_node4_0,0.38783029277231484
Test_U_2Layers_input_size_5_node1_55_node2_65_node3_0_node4_0,0.4576714913697836
Train_U_2Layers_input_size_5_node1_55_node2_75_node3_0_node4_0,0.40949985114526893
Test_U_2Layers_input_size_5_node1_55_node2_75_node3_0_node4_0,0.48713516008031865
Train_U_2Layers_input_size_5_node1_55_node2_85_node3_0_node4_0,0.38764772675633824
Test_U_2Layers_input_size_5_node1_55_node2_85_node3_0_node4_0,0.4590229099411214
Train_U_2Layers_input_size_5_node1_55_node2_95_node3_0_node4_0,0.40172955938015814
Test_U_2Layers_input_size_5_node1_55_node2_95_node3_0_node4_0,0.47768562111790125
Train_U_1Layers_input_size_5_node1_65_node2_0_node3_0_node4_0,0.3959324946760793
Test_U_1Layers_input_size_5_node1_65_node2_0_node3_0_node4_0,0.4691542471782775
Train_U_2Layers_input_size_5_node1_65_node2_5_node3_0_node4_0,0.3935432337757827
Test_U_2Layers_input_size_5_node1_65_node2_5_node3_0_node4_0,0.46634839272547773
Train_U_2Layers_input_size_5_node1_65_node2_15_node3_0_node4_0,0.4007171973786139
Test_U_2Layers_input_size_5_node1_65_node2_15_node3_0_node4_0,0.47484838487849124
Train_U_2Layers_input_size_5_node1_65_node2_25_node3_0_node4_0,0.41522858724211886
Test_U_2Layers_input_size_5_node1_65_node2_25_node3_0_node4_0,0.4814334581629617
Train_U_2Layers_input_size_5_node1_65_node2_35_node3_0_node4_0,0.3903343072728962
Test_U_2Layers_input_size_5_node1_65_node2_35_node3_0_node4_0,0.45712884040347973
Train_U_2Layers_input_size_5_node1_65_node2_45_node3_0_node4_0,0.4044953932328888
Test_U_2Layers_input_size_5_node1_65_node2_45_node3_0_node4_0,0.4632274995343068
Train_U_2Layers_input_size_5_node1_65_node2_55_node3_0_node4_0,0.39947699538349135
Test_U_2Layers_input_size_5_node1_65_node2_55_node3_0_node4_0,0.4614380042662249
Train_U_2Layers_input_size_5_node1_65_node2_65_node3_0_node4_0,0.3948883102748236
Test_U_2Layers_input_size_5_node1_65_node2_65_node3_0_node4_0,0.4581784416503245
Train_U_2Layers_input_size_5_node1_65_node2_75_node3_0_node4_0,0.39036295684550254
Test_U_2Layers_input_size_5_node1_65_node2_75_node3_0_node4_0,0.46270236279263777
Train_U_2Layers_input_size_5_node1_65_node2_85_node3_0_node4_0,0.41222996325984695
Test_U_2Layers_input_size_5_node1_65_node2_85_node3_0_node4_0,0.46162463550568733
Train_U_2Layers_input_size_5_node1_65_node2_95_node3_0_node4_0,0.40921963517194154
Test_U_2Layers_input_size_5_node1_65_node2_95_node3_0_node4_0,0.46437103213313197
Train_U_1Layers_input_size_5_node1_75_node2_0_node3_0_node4_0,0.41058508843047525
Test_U_1Layers_input_size_5_node1_75_node2_0_node3_0_node4_0,0.48864895517586304
Train_U_2Layers_input_size_5_node1_75_node2_5_node3_0_node4_0,0.3908745731355089
Test_U_2Layers_input_size_5_node1_75_node2_5_node3_0_node4_0,0.4591675737698567
Train_U_2Layers_input_size_5_node1_75_node2_15_node3_0_node4_0,0.4065220178891091
Test_U_2Layers_input_size_5_node1_75_node2_15_node3_0_node4_0,0.48146846320955294
Train_U_2Layers_input_size_5_node1_75_node2_25_node3_0_node4_0,0.3944064972295425
Test_U_2Layers_input_size_5_node1_75_node2_25_node3_0_node4_0,0.4680906904301279
Train_U_2Layers_input_size_5_node1_75_node2_35_node3_0_node4_0,0.39418203176077854
Test_U_2Layers_input_size_5_node1_75_node2_35_node3_0_node4_0,0.4655957750455238
Train_U_2Layers_input_size_5_node1_75_node2_45_node3_0_node4_0,0.3957744123709319
Test_U_2Layers_input_size_5_node1_75_node2_45_node3_0_node4_0,0.46604416624731
Train_U_2Layers_input_size_5_node1_75_node2_55_node3_0_node4_0,0.4008777911116113
Test_U_2Layers_input_size_5_node1_75_node2_55_node3_0_node4_0,0.46299444716297855
Train_U_2Layers_input_size_5_node1_75_node2_65_node3_0_node4_0,0.4030024497475958
Test_U_2Layers_input_size_5_node1_75_node2_65_node3_0_node4_0,0.4607927612388041
Train_U_2Layers_input_size_5_node1_75_node2_75_node3_0_node4_0,0.40173610615636407
Test_U_2Layers_input_size_5_node1_75_node2_75_node3_0_node4_0,0.47736850181126333
Train_U_2Layers_input_size_5_node1_75_node2_85_node3_0_node4_0,0.391180311309737
Test_U_2Layers_input_size_5_node1_75_node2_85_node3_0_node4_0,0.4594529053418822
Train_U_2Layers_input_size_5_node1_75_node2_95_node3_0_node4_0,0.40256508970264193
Test_U_2Layers_input_size_5_node1_75_node2_95_node3_0_node4_0,0.46170076118965847
Train_U_1Layers_input_size_5_node1_85_node2_0_node3_0_node4_0,0.4139773803166099
Test_U_1Layers_input_size_5_node1_85_node2_0_node3_0_node4_0,0.48717007660311323
Train_U_2Layers_input_size_5_node1_85_node2_5_node3_0_node4_0,0.4056321728017795
Test_U_2Layers_input_size_5_node1_85_node2_5_node3_0_node4_0,0.46918902500850423
Train_U_2Layers_input_size_5_node1_85_node2_15_node3_0_node4_0,0.4012181360302597
Test_U_2Layers_input_size_5_node1_85_node2_15_node3_0_node4_0,0.47536530752479667
Train_U_2Layers_input_size_5_node1_85_node2_25_node3_0_node4_0,0.3893621057117406
Test_U_2Layers_input_size_5_node1_85_node2_25_node3_0_node4_0,0.4569715151100211
Train_U_2Layers_input_size_5_node1_85_node2_35_node3_0_node4_0,0.40394287459823147
Test_U_2Layers_input_size_5_node1_85_node2_35_node3_0_node4_0,0.4802093891316997
Train_U_2Layers_input_size_5_node1_85_node2_45_node3_0_node4_0,0.39206295467540686
Test_U_2Layers_input_size_5_node1_85_node2_45_node3_0_node4_0,0.4623099600358712
Train_U_2Layers_input_size_5_node1_85_node2_55_node3_0_node4_0,0.3915283439090553
Test_U_2Layers_input_size_5_node1_85_node2_55_node3_0_node4_0,0.45853600211532014
Train_U_2Layers_input_size_5_node1_85_node2_65_node3_0_node4_0,0.3918674356013398
Test_U_2Layers_input_size_5_node1_85_node2_65_node3_0_node4_0,0.4637431249854385
Train_U_2Layers_input_size_5_node1_85_node2_75_node3_0_node4_0,0.39388870566373857
Test_U_2Layers_input_size_5_node1_85_node2_75_node3_0_node4_0,0.45843216162903777
Train_U_2Layers_input_size_5_node1_85_node2_85_node3_0_node4_0,0.40983079986531257
Test_U_2Layers_input_size_5_node1_85_node2_85_node3_0_node4_0,0.4626972583296678
Train_U_2Layers_input_size_5_node1_85_node2_95_node3_0_node4_0,0.4058644042010968
Test_U_2Layers_input_size_5_node1_85_node2_95_node3_0_node4_0,0.48194260670931144
Train_U_1Layers_input_size_5_node1_95_node2_0_node3_0_node4_0,0.3979466912124967
Test_U_1Layers_input_size_5_node1_95_node2_0_node3_0_node4_0,0.4711890185992372
Train_U_2Layers_input_size_5_node1_95_node2_5_node3_0_node4_0,0.4330810058290938
Test_U_2Layers_input_size_5_node1_95_node2_5_node3_0_node4_0,0.4890855802019777
Train_U_2Layers_input_size_5_node1_95_node2_15_node3_0_node4_0,0.3914601743789157
Test_U_2Layers_input_size_5_node1_95_node2_15_node3_0_node4_0,0.46472398834015793
Train_U_2Layers_input_size_5_node1_95_node2_25_node3_0_node4_0,0.3964189184117005
Test_U_2Layers_input_size_5_node1_95_node2_25_node3_0_node4_0,0.4700948972215724
Train_U_2Layers_input_size_5_node1_95_node2_35_node3_0_node4_0,0.44039414425225887
Test_U_2Layers_input_size_5_node1_95_node2_35_node3_0_node4_0,0.5182063195129969
Train_U_2Layers_input_size_5_node1_95_node2_45_node3_0_node4_0,0.3962446531001213
Test_U_2Layers_input_size_5_node1_95_node2_45_node3_0_node4_0,0.47042873505056665
Train_U_2Layers_input_size_5_node1_95_node2_55_node3_0_node4_0,0.392379919471538
Test_U_2Layers_input_size_5_node1_95_node2_55_node3_0_node4_0,0.4603768673117576
Train_U_2Layers_input_size_5_node1_95_node2_65_node3_0_node4_0,0.3889693841997225
Test_U_2Layers_input_size_5_node1_95_node2_65_node3_0_node4_0,0.4582519693836988
Train_U_2Layers_input_size_5_node1_95_node2_75_node3_0_node4_0,0.4016543101583905
Test_U_2Layers_input_size_5_node1_95_node2_75_node3_0_node4_0,0.4780028261905182
Train_U_2Layers_input_size_5_node1_95_node2_85_node3_0_node4_0,0.4038118964248159
Test_U_2Layers_input_size_5_node1_95_node2_85_node3_0_node4_0,0.4798516598356667
Train_U_2Layers_input_size_5_node1_95_node2_95_node3_0_node4_0,0.38999783714012587
Test_U_2Layers_input_size_5_node1_95_node2_95_node3_0_node4_0,0.4624584127750816
Train_U_1Layers_input_size_10_node1_5_node2_0_node3_0_node4_0,0.41313391152146967
Test_U_1Layers_input_size_10_node1_5_node2_0_node3_0_node4_0,0.4801663943807105
Train_U_2Layers_input_size_10_node1_5_node2_5_node3_0_node4_0,0.46332775673780724
Test_U_2Layers_input_size_10_node1_5_node2_5_node3_0_node4_0,0.544143175063008
Train_U_2Layers_input_size_10_node1_5_node2_15_node3_0_node4_0,0.40134556101802016
Test_U_2Layers_input_size_10_node1_5_node2_15_node3_0_node4_0,0.47510234520726174
Train_U_2Layers_input_size_10_node1_5_node2_25_node3_0_node4_0,0.3985192271168711
Test_U_2Layers_input_size_10_node1_5_node2_25_node3_0_node4_0,0.4732536292493639
Train_U_2Layers_input_size_10_node1_5_node2_35_node3_0_node4_0,0.4125522746573009
Test_U_2Layers_input_size_10_node1_5_node2_35_node3_0_node4_0,0.48543457303835263
Train_U_2Layers_input_size_10_node1_5_node2_45_node3_0_node4_0,0.4114935916167565
Test_U_2Layers_input_size_10_node1_5_node2_45_node3_0_node4_0,0.485005706429093
Train_U_2Layers_input_size_10_node1_5_node2_55_node3_0_node4_0,0.40938191662834855
Test_U_2Layers_input_size_10_node1_5_node2_55_node3_0_node4_0,0.4866726585595226
Train_U_2Layers_input_size_10_node1_5_node2_65_node3_0_node4_0,0.4190052585351491
Test_U_2Layers_input_size_10_node1_5_node2_65_node3_0_node4_0,0.49739464331945565
Train_U_2Layers_input_size_10_node1_5_node2_75_node3_0_node4_0,0.43113297173774573
Test_U_2Layers_input_size_10_node1_5_node2_75_node3_0_node4_0,0.5062369038807061
Train_U_2Layers_input_size_10_node1_5_node2_85_node3_0_node4_0,0.40259588544783054
Test_U_2Layers_input_size_10_node1_5_node2_85_node3_0_node4_0,0.46485854373760244
Train_U_2Layers_input_size_10_node1_5_node2_95_node3_0_node4_0,0.39680445487151955
Test_U_2Layers_input_size_10_node1_5_node2_95_node3_0_node4_0,0.4715740488355932
Train_U_1Layers_input_size_10_node1_15_node2_0_node3_0_node4_0,0.41090801916511105
Test_U_1Layers_input_size_10_node1_15_node2_0_node3_0_node4_0,0.487616001901772
Train_U_2Layers_input_size_10_node1_15_node2_5_node3_0_node4_0,0.41382806367101316
Test_U_2Layers_input_size_10_node1_15_node2_5_node3_0_node4_0,0.48917202378230934
Train_U_2Layers_input_size_10_node1_15_node2_15_node3_0_node4_0,0.4094717945077982
Test_U_2Layers_input_size_10_node1_15_node2_15_node3_0_node4_0,0.4864980867903003
Train_U_2Layers_input_size_10_node1_15_node2_25_node3_0_node4_0,0.4084000728360988
Test_U_2Layers_input_size_10_node1_15_node2_25_node3_0_node4_0,0.4740151189664378
Train_U_2Layers_input_size_10_node1_15_node2_35_node3_0_node4_0,0.41635324094222614
Test_U_2Layers_input_size_10_node1_15_node2_35_node3_0_node4_0,0.47393076854937366
Train_U_2Layers_input_size_10_node1_15_node2_45_node3_0_node4_0,0.4195907884400786
Test_U_2Layers_input_size_10_node1_15_node2_45_node3_0_node4_0,0.4889790850790657
Train_U_2Layers_input_size_10_node1_15_node2_55_node3_0_node4_0,0.4139348499098645
Test_U_2Layers_input_size_10_node1_15_node2_55_node3_0_node4_0,0.49138629126840055
Train_U_2Layers_input_size_10_node1_15_node2_65_node3_0_node4_0,0.39252048278016005
Test_U_2Layers_input_size_10_node1_15_node2_65_node3_0_node4_0,0.4645341916316741
Train_U_2Layers_input_size_10_node1_15_node2_75_node3_0_node4_0,0.3910762278784273
Test_U_2Layers_input_size_10_node1_15_node2_75_node3_0_node4_0,0.4647829673200336
Train_U_2Layers_input_size_10_node1_15_node2_85_node3_0_node4_0,0.4198445625992958
Test_U_2Layers_input_size_10_node1_15_node2_85_node3_0_node4_0,0.475414127593263
Train_U_2Layers_input_size_10_node1_15_node2_95_node3_0_node4_0,0.4245191469457447
Test_U_2Layers_input_size_10_node1_15_node2_95_node3_0_node4_0,0.4891905138705876
Train_U_1Layers_input_size_10_node1_25_node2_0_node3_0_node4_0,0.3975551596642916
Test_U_1Layers_input_size_10_node1_25_node2_0_node3_0_node4_0,0.4619131592304197
Train_U_2Layers_input_size_10_node1_25_node2_5_node3_0_node4_0,0.4093437867240677
Test_U_2Layers_input_size_10_node1_25_node2_5_node3_0_node4_0,0.4816830185597214
Train_U_2Layers_input_size_10_node1_25_node2_15_node3_0_node4_0,0.39269372557058835
Test_U_2Layers_input_size_10_node1_25_node2_15_node3_0_node4_0,0.4646784223941008
Train_U_2Layers_input_size_10_node1_25_node2_25_node3_0_node4_0,0.40564284436748826
Test_U_2Layers_input_size_10_node1_25_node2_25_node3_0_node4_0,0.48190330711669876
Train_U_2Layers_input_size_10_node1_25_node2_35_node3_0_node4_0,0.4175815036162393
Test_U_2Layers_input_size_10_node1_25_node2_35_node3_0_node4_0,0.4771388586568575
Train_U_2Layers_input_size_10_node1_25_node2_45_node3_0_node4_0,0.40909861487538995
Test_U_2Layers_input_size_10_node1_25_node2_45_node3_0_node4_0,0.4805666040777874
Train_U_2Layers_input_size_10_node1_25_node2_55_node3_0_node4_0,0.4125565547899051
Test_U_2Layers_input_size_10_node1_25_node2_55_node3_0_node4_0,0.4905960451073993
Train_U_2Layers_input_size_10_node1_25_node2_65_node3_0_node4_0,0.3837112852691283
Test_U_2Layers_input_size_10_node1_25_node2_65_node3_0_node4_0,0.45573942082085916
Train_U_2Layers_input_size_10_node1_25_node2_75_node3_0_node4_0,0.4009669923824842
Test_U_2Layers_input_size_10_node1_25_node2_75_node3_0_node4_0,0.45644931750648193
Train_U_2Layers_input_size_10_node1_25_node2_85_node3_0_node4_0,0.400429979576724
Test_U_2Layers_input_size_10_node1_25_node2_85_node3_0_node4_0,0.46067412982667416
Train_U_2Layers_input_size_10_node1_25_node2_95_node3_0_node4_0,0.4048279117326154
Test_U_2Layers_input_size_10_node1_25_node2_95_node3_0_node4_0,0.4677173843725773
Train_U_1Layers_input_size_10_node1_35_node2_0_node3_0_node4_0,0.41190021866044524
Test_U_1Layers_input_size_10_node1_35_node2_0_node3_0_node4_0,0.4896114388643491
Train_U_2Layers_input_size_10_node1_35_node2_5_node3_0_node4_0,0.4041343030392692
Test_U_2Layers_input_size_10_node1_35_node2_5_node3_0_node4_0,0.4799375621598396
Train_U_2Layers_input_size_10_node1_35_node2_15_node3_0_node4_0,0.4252274087156202
Test_U_2Layers_input_size_10_node1_35_node2_15_node3_0_node4_0,0.5051007565932422
Train_U_2Layers_input_size_10_node1_35_node2_25_node3_0_node4_0,0.3970838252675284
Test_U_2Layers_input_size_10_node1_35_node2_25_node3_0_node4_0,0.4674347704754014
Train_U_2Layers_input_size_10_node1_35_node2_35_node3_0_node4_0,0.3881870677480654
Test_U_2Layers_input_size_10_node1_35_node2_35_node3_0_node4_0,0.4516452766235661
Train_U_2Layers_input_size_10_node1_35_node2_45_node3_0_node4_0,0.3907468605696387
Test_U_2Layers_input_size_10_node1_35_node2_45_node3_0_node4_0,0.4567489404191044
Train_U_2Layers_input_size_10_node1_35_node2_55_node3_0_node4_0,0.38884252127986935
Test_U_2Layers_input_size_10_node1_35_node2_55_node3_0_node4_0,0.4616568819218706
Train_U_2Layers_input_size_10_node1_35_node2_65_node3_0_node4_0,0.4076576603974361
Test_U_2Layers_input_size_10_node1_35_node2_65_node3_0_node4_0,0.46417622762121086
Train_U_2Layers_input_size_10_node1_35_node2_75_node3_0_node4_0,0.45394771800147765
Test_U_2Layers_input_size_10_node1_35_node2_75_node3_0_node4_0,0.5306990234629817
Train_U_2Layers_input_size_10_node1_35_node2_85_node3_0_node4_0,0.39361870862597503
Test_U_2Layers_input_size_10_node1_35_node2_85_node3_0_node4_0,0.4674250633440874
Train_U_2Layers_input_size_10_node1_35_node2_95_node3_0_node4_0,0.39234121965194735
Test_U_2Layers_input_size_10_node1_35_node2_95_node3_0_node4_0,0.46381241324428685
Train_U_1Layers_input_size_10_node1_45_node2_0_node3_0_node4_0,0.40184983241414857
Test_U_1Layers_input_size_10_node1_45_node2_0_node3_0_node4_0,0.47520814024595054
Train_U_2Layers_input_size_10_node1_45_node2_5_node3_0_node4_0,0.41188212994900464
Test_U_2Layers_input_size_10_node1_45_node2_5_node3_0_node4_0,0.4871595239100427
Train_U_2Layers_input_size_10_node1_45_node2_15_node3_0_node4_0,0.4092286292329591
Test_U_2Layers_input_size_10_node1_45_node2_15_node3_0_node4_0,0.4767323644613858
Train_U_2Layers_input_size_10_node1_45_node2_25_node3_0_node4_0,0.38762464287602105
Test_U_2Layers_input_size_10_node1_45_node2_25_node3_0_node4_0,0.4549435265046665
Train_U_2Layers_input_size_10_node1_45_node2_35_node3_0_node4_0,0.39148611521671917
Test_U_2Layers_input_size_10_node1_45_node2_35_node3_0_node4_0,0.46323919250101686
Train_U_2Layers_input_size_10_node1_45_node2_45_node3_0_node4_0,0.4189777317263759
Test_U_2Layers_input_size_10_node1_45_node2_45_node3_0_node4_0,0.4776831411491987
Train_U_2Layers_input_size_10_node1_45_node2_55_node3_0_node4_0,0.39106776893020667
Test_U_2Layers_input_size_10_node1_45_node2_55_node3_0_node4_0,0.4651722108193227
Train_U_2Layers_input_size_10_node1_45_node2_65_node3_0_node4_0,0.39665079617340454
Test_U_2Layers_input_size_10_node1_45_node2_65_node3_0_node4_0,0.46070563416738136
Train_U_2Layers_input_size_10_node1_45_node2_75_node3_0_node4_0,0.3933092776751034
Test_U_2Layers_input_size_10_node1_45_node2_75_node3_0_node4_0,0.46768702144820073
Train_U_2Layers_input_size_10_node1_45_node2_85_node3_0_node4_0,0.3906838372741865
Test_U_2Layers_input_size_10_node1_45_node2_85_node3_0_node4_0,0.4645437025549704
Train_U_2Layers_input_size_10_node1_45_node2_95_node3_0_node4_0,0.39678316180136725
Test_U_2Layers_input_size_10_node1_45_node2_95_node3_0_node4_0,0.46004026988232927
Train_U_1Layers_input_size_10_node1_55_node2_0_node3_0_node4_0,0.39747938258605775
Test_U_1Layers_input_size_10_node1_55_node2_0_node3_0_node4_0,0.4725668641368049
Train_U_2Layers_input_size_10_node1_55_node2_5_node3_0_node4_0,0.4364981590649476
Test_U_2Layers_input_size_10_node1_55_node2_5_node3_0_node4_0,0.4872836488757548
Train_U_2Layers_input_size_10_node1_55_node2_15_node3_0_node4_0,0.4045326724714404
Test_U_2Layers_input_size_10_node1_55_node2_15_node3_0_node4_0,0.4740224120730581
Train_U_2Layers_input_size_10_node1_55_node2_25_node3_0_node4_0,0.4081506284696523
Test_U_2Layers_input_size_10_node1_55_node2_25_node3_0_node4_0,0.46738376194896936
Train_U_2Layers_input_size_10_node1_55_node2_35_node3_0_node4_0,0.39532481539997016
Test_U_2Layers_input_size_10_node1_55_node2_35_node3_0_node4_0,0.4652129718459866
Train_U_2Layers_input_size_10_node1_55_node2_45_node3_0_node4_0,0.3975743312433559
Test_U_2Layers_input_size_10_node1_55_node2_45_node3_0_node4_0,0.4722290946267139
Train_U_2Layers_input_size_10_node1_55_node2_55_node3_0_node4_0,0.4247539095291725
Test_U_2Layers_input_size_10_node1_55_node2_55_node3_0_node4_0,0.5035259970816711
Train_U_2Layers_input_size_10_node1_55_node2_65_node3_0_node4_0,0.3886487177558849
Test_U_2Layers_input_size_10_node1_55_node2_65_node3_0_node4_0,0.46182746962687843
Train_U_2Layers_input_size_10_node1_55_node2_75_node3_0_node4_0,0.40088489077302564
Test_U_2Layers_input_size_10_node1_55_node2_75_node3_0_node4_0,0.4567796878833657
Train_U_2Layers_input_size_10_node1_55_node2_85_node3_0_node4_0,0.38765912403546576
Test_U_2Layers_input_size_10_node1_55_node2_85_node3_0_node4_0,0.4500876440688043
Train_U_2Layers_input_size_10_node1_55_node2_95_node3_0_node4_0,0.38714593354786514
Test_U_2Layers_input_size_10_node1_55_node2_95_node3_0_node4_0,0.45686939014273126
Train_U_1Layers_input_size_10_node1_65_node2_0_node3_0_node4_0,0.40046480933731304
Test_U_1Layers_input_size_10_node1_65_node2_0_node3_0_node4_0,0.47206359151428406
Train_U_2Layers_input_size_10_node1_65_node2_5_node3_0_node4_0,0.4072322524883039
Test_U_2Layers_input_size_10_node1_65_node2_5_node3_0_node4_0,0.4785094747342722
Train_U_2Layers_input_size_10_node1_65_node2_15_node3_0_node4_0,0.4266810228060941
Test_U_2Layers_input_size_10_node1_65_node2_15_node3_0_node4_0,0.4806003700414067
Train_U_2Layers_input_size_10_node1_65_node2_25_node3_0_node4_0,0.3898145852044625
Test_U_2Layers_input_size_10_node1_65_node2_25_node3_0_node4_0,0.4542785299702162
Train_U_2Layers_input_size_10_node1_65_node2_35_node3_0_node4_0,0.4072381070556631
Test_U_2Layers_input_size_10_node1_65_node2_35_node3_0_node4_0,0.48392348626159126
Train_U_2Layers_input_size_10_node1_65_node2_45_node3_0_node4_0,0.39670740628936335
Test_U_2Layers_input_size_10_node1_65_node2_45_node3_0_node4_0,0.4705678183429481
Train_U_2Layers_input_size_10_node1_65_node2_55_node3_0_node4_0,0.387228754692141
Test_U_2Layers_input_size_10_node1_65_node2_55_node3_0_node4_0,0.4517052870188712
Train_U_2Layers_input_size_10_node1_65_node2_65_node3_0_node4_0,0.3897181857217168
Test_U_2Layers_input_size_10_node1_65_node2_65_node3_0_node4_0,0.45937462307142507
Train_U_2Layers_input_size_10_node1_65_node2_75_node3_0_node4_0,0.4099977277774185
Test_U_2Layers_input_size_10_node1_65_node2_75_node3_0_node4_0,0.4855025457645462
Train_U_2Layers_input_size_10_node1_65_node2_85_node3_0_node4_0,0.44266657538848725
Test_U_2Layers_input_size_10_node1_65_node2_85_node3_0_node4_0,0.48625703468235415
Train_U_2Layers_input_size_10_node1_65_node2_95_node3_0_node4_0,0.3832099758395179
Test_U_2Layers_input_size_10_node1_65_node2_95_node3_0_node4_0,0.453233935974647
Train_U_1Layers_input_size_10_node1_75_node2_0_node3_0_node4_0,0.39870587828311493
Test_U_1Layers_input_size_10_node1_75_node2_0_node3_0_node4_0,0.4733736253209246
Train_U_2Layers_input_size_10_node1_75_node2_5_node3_0_node4_0,0.4003514154355585
Test_U_2Layers_input_size_10_node1_75_node2_5_node3_0_node4_0,0.4658312206470621
Train_U_2Layers_input_size_10_node1_75_node2_15_node3_0_node4_0,0.3989375660158318
Test_U_2Layers_input_size_10_node1_75_node2_15_node3_0_node4_0,0.4658268862086519
Train_U_2Layers_input_size_10_node1_75_node2_25_node3_0_node4_0,0.4046597902097598
Test_U_2Layers_input_size_10_node1_75_node2_25_node3_0_node4_0,0.47216746380531427
Train_U_2Layers_input_size_10_node1_75_node2_35_node3_0_node4_0,0.3938773751485355
Test_U_2Layers_input_size_10_node1_75_node2_35_node3_0_node4_0,0.4682678922339725
Train_U_2Layers_input_size_10_node1_75_node2_45_node3_0_node4_0,0.4031620223026345
Test_U_2Layers_input_size_10_node1_75_node2_45_node3_0_node4_0,0.46843898309799875
Train_U_2Layers_input_size_10_node1_75_node2_55_node3_0_node4_0,0.3900262248868788
Test_U_2Layers_input_size_10_node1_75_node2_55_node3_0_node4_0,0.4562063353037158
Train_U_2Layers_input_size_10_node1_75_node2_65_node3_0_node4_0,0.41285408673979695
Test_U_2Layers_input_size_10_node1_75_node2_65_node3_0_node4_0,0.4688634099460943
Train_U_2Layers_input_size_10_node1_75_node2_75_node3_0_node4_0,0.3881157389901172
Test_U_2Layers_input_size_10_node1_75_node2_75_node3_0_node4_0,0.45375980109146197
Train_U_2Layers_input_size_10_node1_75_node2_85_node3_0_node4_0,0.38414673966977136
Test_U_2Layers_input_size_10_node1_75_node2_85_node3_0_node4_0,0.45665324302189236
Train_U_2Layers_input_size_10_node1_75_node2_95_node3_0_node4_0,0.4215374231762456
Test_U_2Layers_input_size_10_node1_75_node2_95_node3_0_node4_0,0.49911911676112725
Train_U_1Layers_input_size_10_node1_85_node2_0_node3_0_node4_0,0.4039839671643201
Test_U_1Layers_input_size_10_node1_85_node2_0_node3_0_node4_0,0.4774149321880096
Train_U_2Layers_input_size_10_node1_85_node2_5_node3_0_node4_0,0.39632457651105935
Test_U_2Layers_input_size_10_node1_85_node2_5_node3_0_node4_0,0.4690191132203239
Train_U_2Layers_input_size_10_node1_85_node2_15_node3_0_node4_0,0.4028403541398729
Test_U_2Layers_input_size_10_node1_85_node2_15_node3_0_node4_0,0.46503902789375723
Train_U_2Layers_input_size_10_node1_85_node2_25_node3_0_node4_0,0.4040540620257644
Test_U_2Layers_input_size_10_node1_85_node2_25_node3_0_node4_0,0.461333476527326
Train_U_2Layers_input_size_10_node1_85_node2_35_node3_0_node4_0,0.41031721680393035
Test_U_2Layers_input_size_10_node1_85_node2_35_node3_0_node4_0,0.46892615822945277
Train_U_2Layers_input_size_10_node1_85_node2_45_node3_0_node4_0,0.39295976981184044
Test_U_2Layers_input_size_10_node1_85_node2_45_node3_0_node4_0,0.4609770353786945
Train_U_2Layers_input_size_10_node1_85_node2_55_node3_0_node4_0,0.4016458328405101
Test_U_2Layers_input_size_10_node1_85_node2_55_node3_0_node4_0,0.4582210117761137
Train_U_2Layers_input_size_10_node1_85_node2_65_node3_0_node4_0,0.3854830487107744
Test_U_2Layers_input_size_10_node1_85_node2_65_node3_0_node4_0,0.45589184355312257
Train_U_2Layers_input_size_10_node1_85_node2_75_node3_0_node4_0,0.40210309284788154
Test_U_2Layers_input_size_10_node1_85_node2_75_node3_0_node4_0,0.4782133120589263
Train_U_2Layers_input_size_10_node1_85_node2_85_node3_0_node4_0,0.40119696578592784
Test_U_2Layers_input_size_10_node1_85_node2_85_node3_0_node4_0,0.454464953647158
Train_U_2Layers_input_size_10_node1_85_node2_95_node3_0_node4_0,0.3851638514637183
Test_U_2Layers_input_size_10_node1_85_node2_95_node3_0_node4_0,0.45748119539689214
Train_U_1Layers_input_size_10_node1_95_node2_0_node3_0_node4_0,0.39709151812294163
Test_U_1Layers_input_size_10_node1_95_node2_0_node3_0_node4_0,0.4721252832379046
Train_U_2Layers_input_size_10_node1_95_node2_5_node3_0_node4_0,0.755725622048315
Test_U_2Layers_input_size_10_node1_95_node2_5_node3_0_node4_0,0.7339500252734149
Train_U_2Layers_input_size_10_node1_95_node2_15_node3_0_node4_0,0.417338921716454
Test_U_2Layers_input_size_10_node1_95_node2_15_node3_0_node4_0,0.47333259112620035
Train_U_2Layers_input_size_10_node1_95_node2_25_node3_0_node4_0,0.40565151365997615
Test_U_2Layers_input_size_10_node1_95_node2_25_node3_0_node4_0,0.4613611408147785
Train_U_2Layers_input_size_10_node1_95_node2_35_node3_0_node4_0,0.40024895371366437
Test_U_2Layers_input_size_10_node1_95_node2_35_node3_0_node4_0,0.4760986321865305
Train_U_2Layers_input_size_10_node1_95_node2_45_node3_0_node4_0,0.4187097665332813
Test_U_2Layers_input_size_10_node1_95_node2_45_node3_0_node4_0,0.49444890112541173
Train_U_2Layers_input_size_10_node1_95_node2_55_node3_0_node4_0,0.4668143520515119
Test_U_2Layers_input_size_10_node1_95_node2_55_node3_0_node4_0,0.5021536459962398
Train_U_2Layers_input_size_10_node1_95_node2_65_node3_0_node4_0,0.3825110007243756
Test_U_2Layers_input_size_10_node1_95_node2_65_node3_0_node4_0,0.4511036676810387
Train_U_2Layers_input_size_10_node1_95_node2_75_node3_0_node4_0,0.3851084271313014
Test_U_2Layers_input_size_10_node1_95_node2_75_node3_0_node4_0,0.4552146313956869
Train_U_2Layers_input_size_10_node1_95_node2_85_node3_0_node4_0,0.3916982783418264
Test_U_2Layers_input_size_10_node1_95_node2_85_node3_0_node4_0,0.4520372126239101
Train_U_2Layers_input_size_10_node1_95_node2_95_node3_0_node4_0,0.3891016821683484
Test_U_2Layers_input_size_10_node1_95_node2_95_node3_0_node4_0,0.45589687712893195
Train_U_1Layers_input_size_15_node1_5_node2_0_node3_0_node4_0,0.4569473515636774
Test_U_1Layers_input_size_15_node1_5_node2_0_node3_0_node4_0,0.5398819541386114
Train_U_2Layers_input_size_15_node1_5_node2_5_node3_0_node4_0,0.4077690042853496
Test_U_2Layers_input_size_15_node1_5_node2_5_node3_0_node4_0,0.4811633756629853
Train_U_2Layers_input_size_15_node1_5_node2_15_node3_0_node4_0,0.4060118233798374
Test_U_2Layers_input_size_15_node1_5_node2_15_node3_0_node4_0,0.4795174213303558
Train_U_2Layers_input_size_15_node1_5_node2_25_node3_0_node4_0,0.40170114550599306
Test_U_2Layers_input_size_15_node1_5_node2_25_node3_0_node4_0,0.47641572098968704
Train_U_2Layers_input_size_15_node1_5_node2_35_node3_0_node4_0,0.4172463814833926
Test_U_2Layers_input_size_15_node1_5_node2_35_node3_0_node4_0,0.4785567752505192
Train_U_2Layers_input_size_15_node1_5_node2_45_node3_0_node4_0,0.4303562855104274
Test_U_2Layers_input_size_15_node1_5_node2_45_node3_0_node4_0,0.503694652517476
Train_U_2Layers_input_size_15_node1_5_node2_55_node3_0_node4_0,0.4079586191135783
Test_U_2Layers_input_size_15_node1_5_node2_55_node3_0_node4_0,0.4754955824728017
Train_U_2Layers_input_size_15_node1_5_node2_65_node3_0_node4_0,0.4716834311010941
Test_U_2Layers_input_size_15_node1_5_node2_65_node3_0_node4_0,0.5088529931025279
Train_U_2Layers_input_size_15_node1_5_node2_75_node3_0_node4_0,0.44982552391089153
Test_U_2Layers_input_size_15_node1_5_node2_75_node3_0_node4_0,0.4952025932371987
Train_U_2Layers_input_size_15_node1_5_node2_85_node3_0_node4_0,0.45310536703788284
Test_U_2Layers_input_size_15_node1_5_node2_85_node3_0_node4_0,0.5322045837903804
Train_U_2Layers_input_size_15_node1_5_node2_95_node3_0_node4_0,0.412226131586829
Test_U_2Layers_input_size_15_node1_5_node2_95_node3_0_node4_0,0.4877086639104432
Train_U_1Layers_input_size_15_node1_15_node2_0_node3_0_node4_0,0.4132472235187693
Test_U_1Layers_input_size_15_node1_15_node2_0_node3_0_node4_0,0.48597580430648013
Train_U_2Layers_input_size_15_node1_15_node2_5_node3_0_node4_0,0.41350989984426106
Test_U_2Layers_input_size_15_node1_15_node2_5_node3_0_node4_0,0.47818648248438833
Train_U_2Layers_input_size_15_node1_15_node2_15_node3_0_node4_0,0.39418335485448774
Test_U_2Layers_input_size_15_node1_15_node2_15_node3_0_node4_0,0.4631006110612565
Train_U_2Layers_input_size_15_node1_15_node2_25_node3_0_node4_0,0.4214316793880208
Test_U_2Layers_input_size_15_node1_15_node2_25_node3_0_node4_0,0.500053343311565
Train_U_2Layers_input_size_15_node1_15_node2_35_node3_0_node4_0,0.4119321252110213
Test_U_2Layers_input_size_15_node1_15_node2_35_node3_0_node4_0,0.4810040446119313
Train_U_2Layers_input_size_15_node1_15_node2_45_node3_0_node4_0,0.3953733992880379
Test_U_2Layers_input_size_15_node1_15_node2_45_node3_0_node4_0,0.4656592516494201
Train_U_2Layers_input_size_15_node1_15_node2_55_node3_0_node4_0,0.38882805451585445
Test_U_2Layers_input_size_15_node1_15_node2_55_node3_0_node4_0,0.4614691174052898
Train_U_2Layers_input_size_15_node1_15_node2_65_node3_0_node4_0,0.39640564912082116
Test_U_2Layers_input_size_15_node1_15_node2_65_node3_0_node4_0,0.46857151766115346
Train_U_2Layers_input_size_15_node1_15_node2_75_node3_0_node4_0,0.3981753028878057
Test_U_2Layers_input_size_15_node1_15_node2_75_node3_0_node4_0,0.4688836542956475
Train_U_2Layers_input_size_15_node1_15_node2_85_node3_0_node4_0,0.40503424514405945
Test_U_2Layers_input_size_15_node1_15_node2_85_node3_0_node4_0,0.4805954246697697
Train_U_2Layers_input_size_15_node1_15_node2_95_node3_0_node4_0,0.4322243278021602
Test_U_2Layers_input_size_15_node1_15_node2_95_node3_0_node4_0,0.5089160372689212
Train_U_1Layers_input_size_15_node1_25_node2_0_node3_0_node4_0,0.3950194746661057
Test_U_1Layers_input_size_15_node1_25_node2_0_node3_0_node4_0,0.466924594022204
Train_U_2Layers_input_size_15_node1_25_node2_5_node3_0_node4_0,0.3950508586216624
Test_U_2Layers_input_size_15_node1_25_node2_5_node3_0_node4_0,0.4661154941368043
Train_U_2Layers_input_size_15_node1_25_node2_15_node3_0_node4_0,0.4086982790279066
Test_U_2Layers_input_size_15_node1_25_node2_15_node3_0_node4_0,0.4796562768671589
Train_U_2Layers_input_size_15_node1_25_node2_25_node3_0_node4_0,0.4001859932852791
Test_U_2Layers_input_size_15_node1_25_node2_25_node3_0_node4_0,0.4736985780341879
Train_U_2Layers_input_size_15_node1_25_node2_35_node3_0_node4_0,0.4322613012227558
Test_U_2Layers_input_size_15_node1_25_node2_35_node3_0_node4_0,0.5101315292280799
Train_U_2Layers_input_size_15_node1_25_node2_45_node3_0_node4_0,0.39406907988945566
Test_U_2Layers_input_size_15_node1_25_node2_45_node3_0_node4_0,0.4640936850656335
Train_U_2Layers_input_size_15_node1_25_node2_55_node3_0_node4_0,0.40033647124489735
Test_U_2Layers_input_size_15_node1_25_node2_55_node3_0_node4_0,0.47584943110576394
Train_U_2Layers_input_size_15_node1_25_node2_65_node3_0_node4_0,0.5411408207220326
Test_U_2Layers_input_size_15_node1_25_node2_65_node3_0_node4_0,0.5678390008413838
Train_U_2Layers_input_size_15_node1_25_node2_75_node3_0_node4_0,0.39569964995745915
Test_U_2Layers_input_size_15_node1_25_node2_75_node3_0_node4_0,0.46751943234228555
Train_U_2Layers_input_size_15_node1_25_node2_85_node3_0_node4_0,0.4058325530102778
Test_U_2Layers_input_size_15_node1_25_node2_85_node3_0_node4_0,0.4732391924100112
Train_U_2Layers_input_size_15_node1_25_node2_95_node3_0_node4_0,0.42525265630714343
Test_U_2Layers_input_size_15_node1_25_node2_95_node3_0_node4_0,0.5031206083402233
Train_U_1Layers_input_size_15_node1_35_node2_0_node3_0_node4_0,0.3986631577196731
Test_U_1Layers_input_size_15_node1_35_node2_0_node3_0_node4_0,0.47368443787789605
Train_U_2Layers_input_size_15_node1_35_node2_5_node3_0_node4_0,0.39577580544227914
Test_U_2Layers_input_size_15_node1_35_node2_5_node3_0_node4_0,0.4693352542511868
Train_U_2Layers_input_size_15_node1_35_node2_15_node3_0_node4_0,0.4072513892932797
Test_U_2Layers_input_size_15_node1_35_node2_15_node3_0_node4_0,0.4788085352418923
Train_U_2Layers_input_size_15_node1_35_node2_25_node3_0_node4_0,0.41172495987496044
Test_U_2Layers_input_size_15_node1_35_node2_25_node3_0_node4_0,0.47481659498077045
Train_U_2Layers_input_size_15_node1_35_node2_35_node3_0_node4_0,0.40303482037637134
Test_U_2Layers_input_size_15_node1_35_node2_35_node3_0_node4_0,0.4777822051040292
Train_U_2Layers_input_size_15_node1_35_node2_45_node3_0_node4_0,0.4143999631908393
Test_U_2Layers_input_size_15_node1_35_node2_45_node3_0_node4_0,0.4910100142978528
Train_U_2Layers_input_size_15_node1_35_node2_55_node3_0_node4_0,0.40156164354759943
Test_U_2Layers_input_size_15_node1_35_node2_55_node3_0_node4_0,0.4709377099981517
Train_U_2Layers_input_size_15_node1_35_node2_65_node3_0_node4_0,0.39253900817026466
Test_U_2Layers_input_size_15_node1_35_node2_65_node3_0_node4_0,0.463488197100252
Train_U_2Layers_input_size_15_node1_35_node2_75_node3_0_node4_0,0.3907133956074881
Test_U_2Layers_input_size_15_node1_35_node2_75_node3_0_node4_0,0.46278587797922516
Train_U_2Layers_input_size_15_node1_35_node2_85_node3_0_node4_0,0.3994732092455007
Test_U_2Layers_input_size_15_node1_35_node2_85_node3_0_node4_0,0.4581563094760728
Train_U_2Layers_input_size_15_node1_35_node2_95_node3_0_node4_0,0.39559863896102054
Test_U_2Layers_input_size_15_node1_35_node2_95_node3_0_node4_0,0.46958945131025676
Train_U_1Layers_input_size_15_node1_45_node2_0_node3_0_node4_0,0.40882082112715207
Test_U_1Layers_input_size_15_node1_45_node2_0_node3_0_node4_0,0.4853197083487484
Train_U_2Layers_input_size_15_node1_45_node2_5_node3_0_node4_0,0.7573403923034217
Test_U_2Layers_input_size_15_node1_45_node2_5_node3_0_node4_0,0.7015608237401567
Train_U_2Layers_input_size_15_node1_45_node2_15_node3_0_node4_0,0.4018170140200215
Test_U_2Layers_input_size_15_node1_45_node2_15_node3_0_node4_0,0.46987636659732473
Train_U_2Layers_input_size_15_node1_45_node2_25_node3_0_node4_0,0.4007405124654957
Test_U_2Layers_input_size_15_node1_45_node2_25_node3_0_node4_0,0.47673689668588665
Train_U_2Layers_input_size_15_node1_45_node2_35_node3_0_node4_0,0.40255100504610297
Test_U_2Layers_input_size_15_node1_45_node2_35_node3_0_node4_0,0.471768830841839
Train_U_2Layers_input_size_15_node1_45_node2_45_node3_0_node4_0,0.4279139416164311
Test_U_2Layers_input_size_15_node1_45_node2_45_node3_0_node4_0,0.48067034392145114
Train_U_2Layers_input_size_15_node1_45_node2_55_node3_0_node4_0,0.40221977175548057
Test_U_2Layers_input_size_15_node1_45_node2_55_node3_0_node4_0,0.476871452868307
Train_U_2Layers_input_size_15_node1_45_node2_65_node3_0_node4_0,0.3956559457171404
Test_U_2Layers_input_size_15_node1_45_node2_65_node3_0_node4_0,0.4603001503929027
Train_U_2Layers_input_size_15_node1_45_node2_75_node3_0_node4_0,0.398441969154575
Test_U_2Layers_input_size_15_node1_45_node2_75_node3_0_node4_0,0.47286457798600645
Train_U_2Layers_input_size_15_node1_45_node2_85_node3_0_node4_0,0.3957468323138007
Test_U_2Layers_input_size_15_node1_45_node2_85_node3_0_node4_0,0.4560674628810701
Train_U_2Layers_input_size_15_node1_45_node2_95_node3_0_node4_0,0.46291043846765895
Test_U_2Layers_input_size_15_node1_45_node2_95_node3_0_node4_0,0.5014755411316403
Train_U_1Layers_input_size_15_node1_55_node2_0_node3_0_node4_0,0.4063625546570548
Test_U_1Layers_input_size_15_node1_55_node2_0_node3_0_node4_0,0.4813646167654598
Train_U_2Layers_input_size_15_node1_55_node2_5_node3_0_node4_0,0.40970026736875736
Test_U_2Layers_input_size_15_node1_55_node2_5_node3_0_node4_0,0.4702521256891095
Train_U_2Layers_input_size_15_node1_55_node2_15_node3_0_node4_0,0.4299104805569253
Test_U_2Layers_input_size_15_node1_55_node2_15_node3_0_node4_0,0.5076990147474947
Train_U_2Layers_input_size_15_node1_55_node2_25_node3_0_node4_0,0.39969252227538815
Test_U_2Layers_input_size_15_node1_55_node2_25_node3_0_node4_0,0.47465073833044485
Train_U_2Layers_input_size_15_node1_55_node2_35_node3_0_node4_0,0.3991145010922418
Test_U_2Layers_input_size_15_node1_55_node2_35_node3_0_node4_0,0.46189404498673975
Train_U_2Layers_input_size_15_node1_55_node2_45_node3_0_node4_0,0.3920303432595511
Test_U_2Layers_input_size_15_node1_55_node2_45_node3_0_node4_0,0.45912268969180187
Train_U_2Layers_input_size_15_node1_55_node2_55_node3_0_node4_0,0.39331486591262194
Test_U_2Layers_input_size_15_node1_55_node2_55_node3_0_node4_0,0.4606959631461677
Train_U_2Layers_input_size_15_node1_55_node2_65_node3_0_node4_0,0.395455194434617
Test_U_2Layers_input_size_15_node1_55_node2_65_node3_0_node4_0,0.4698215317237974
Train_U_2Layers_input_size_15_node1_55_node2_75_node3_0_node4_0,0.4140051676086742
Test_U_2Layers_input_size_15_node1_55_node2_75_node3_0_node4_0,0.49081848119901844
Train_U_2Layers_input_size_15_node1_55_node2_85_node3_0_node4_0,0.40031880920941443
Test_U_2Layers_input_size_15_node1_55_node2_85_node3_0_node4_0,0.46554302863746877
Train_U_2Layers_input_size_15_node1_55_node2_95_node3_0_node4_0,0.4809798027108503
Test_U_2Layers_input_size_15_node1_55_node2_95_node3_0_node4_0,0.5188711461544624
Train_U_1Layers_input_size_15_node1_65_node2_0_node3_0_node4_0,0.40652533517458567
Test_U_1Layers_input_size_15_node1_65_node2_0_node3_0_node4_0,0.4762189126819538
Train_U_2Layers_input_size_15_node1_65_node2_5_node3_0_node4_0,0.4339713437160892
Test_U_2Layers_input_size_15_node1_65_node2_5_node3_0_node4_0,0.4690311860084426
Train_U_2Layers_input_size_15_node1_65_node2_15_node3_0_node4_0,0.4185886420906205
Test_U_2Layers_input_size_15_node1_65_node2_15_node3_0_node4_0,0.4789481096502589
Train_U_2Layers_input_size_15_node1_65_node2_25_node3_0_node4_0,0.4312135128120922
Test_U_2Layers_input_size_15_node1_65_node2_25_node3_0_node4_0,0.4836555798866011
Train_U_2Layers_input_size_15_node1_65_node2_35_node3_0_node4_0,0.4213967084529329
Test_U_2Layers_input_size_15_node1_65_node2_35_node3_0_node4_0,0.4747829983087189
Train_U_2Layers_input_size_15_node1_65_node2_45_node3_0_node4_0,0.3943736261927258
Test_U_2Layers_input_size_15_node1_65_node2_45_node3_0_node4_0,0.4638432064884617
Train_U_2Layers_input_size_15_node1_65_node2_55_node3_0_node4_0,0.41428653486175265
Test_U_2Layers_input_size_15_node1_65_node2_55_node3_0_node4_0,0.49124092329050634
Train_U_2Layers_input_size_15_node1_65_node2_65_node3_0_node4_0,0.39593138442400994
Test_U_2Layers_input_size_15_node1_65_node2_65_node3_0_node4_0,0.4680534750992483
Train_U_2Layers_input_size_15_node1_65_node2_75_node3_0_node4_0,0.38890289265343275
Test_U_2Layers_input_size_15_node1_65_node2_75_node3_0_node4_0,0.4607402896882445
Train_U_2Layers_input_size_15_node1_65_node2_85_node3_0_node4_0,0.41516676789306384
Test_U_2Layers_input_size_15_node1_65_node2_85_node3_0_node4_0,0.49215419596059884
Train_U_2Layers_input_size_15_node1_65_node2_95_node3_0_node4_0,0.39320263130980115
Test_U_2Layers_input_size_15_node1_65_node2_95_node3_0_node4_0,0.46295876947022546
Train_U_1Layers_input_size_15_node1_75_node2_0_node3_0_node4_0,0.3984170048248211
Test_U_1Layers_input_size_15_node1_75_node2_0_node3_0_node4_0,0.46535180481150534
Train_U_2Layers_input_size_15_node1_75_node2_5_node3_0_node4_0,0.7551729698232412
Test_U_2Layers_input_size_15_node1_75_node2_5_node3_0_node4_0,0.7116499464526157
Train_U_2Layers_input_size_15_node1_75_node2_15_node3_0_node4_0,0.40019742444785733
Test_U_2Layers_input_size_15_node1_75_node2_15_node3_0_node4_0,0.4740716690403906
Train_U_2Layers_input_size_15_node1_75_node2_25_node3_0_node4_0,0.40344142250027537
Test_U_2Layers_input_size_15_node1_75_node2_25_node3_0_node4_0,0.4805852702205242
Train_U_2Layers_input_size_15_node1_75_node2_35_node3_0_node4_0,0.4078104969136237
Test_U_2Layers_input_size_15_node1_75_node2_35_node3_0_node4_0,0.4655388835663439
Train_U_2Layers_input_size_15_node1_75_node2_45_node3_0_node4_0,0.39248020222415875
Test_U_2Layers_input_size_15_node1_75_node2_45_node3_0_node4_0,0.4644844365453697
Train_U_2Layers_input_size_15_node1_75_node2_55_node3_0_node4_0,0.395686318886982
Test_U_2Layers_input_size_15_node1_75_node2_55_node3_0_node4_0,0.4650868333218789
Train_U_2Layers_input_size_15_node1_75_node2_65_node3_0_node4_0,0.4021721816684042
Test_U_2Layers_input_size_15_node1_75_node2_65_node3_0_node4_0,0.47728760072210386
Train_U_2Layers_input_size_15_node1_75_node2_75_node3_0_node4_0,0.39193962136255533
Test_U_2Layers_input_size_15_node1_75_node2_75_node3_0_node4_0,0.4641975110105624
Train_U_2Layers_input_size_15_node1_75_node2_85_node3_0_node4_0,0.3903135202240266
Test_U_2Layers_input_size_15_node1_75_node2_85_node3_0_node4_0,0.46144906444440253
Train_U_2Layers_input_size_15_node1_75_node2_95_node3_0_node4_0,0.41133558478478577
Test_U_2Layers_input_size_15_node1_75_node2_95_node3_0_node4_0,0.4885261074291577
Train_U_1Layers_input_size_15_node1_85_node2_0_node3_0_node4_0,0.42443231507404905
Test_U_1Layers_input_size_15_node1_85_node2_0_node3_0_node4_0,0.5025417868951396
Train_U_2Layers_input_size_15_node1_85_node2_5_node3_0_node4_0,0.39911956002780996
Test_U_2Layers_input_size_15_node1_85_node2_5_node3_0_node4_0,0.47491781000505184
Train_U_2Layers_input_size_15_node1_85_node2_15_node3_0_node4_0,0.40626039858494317
Test_U_2Layers_input_size_15_node1_85_node2_15_node3_0_node4_0,0.465333920582061
Train_U_2Layers_input_size_15_node1_85_node2_25_node3_0_node4_0,0.4048628600191642
Test_U_2Layers_input_size_15_node1_85_node2_25_node3_0_node4_0,0.4811455991135621
Train_U_2Layers_input_size_15_node1_85_node2_35_node3_0_node4_0,0.394538293907813
Test_U_2Layers_input_size_15_node1_85_node2_35_node3_0_node4_0,0.46735575271237784
Train_U_2Layers_input_size_15_node1_85_node2_45_node3_0_node4_0,0.3967152379088202
Test_U_2Layers_input_size_15_node1_85_node2_45_node3_0_node4_0,0.4645193073676325
Train_U_2Layers_input_size_15_node1_85_node2_55_node3_0_node4_0,0.40162403585162104
Test_U_2Layers_input_size_15_node1_85_node2_55_node3_0_node4_0,0.47729392283303373
Train_U_2Layers_input_size_15_node1_85_node2_65_node3_0_node4_0,0.38803462402961
Test_U_2Layers_input_size_15_node1_85_node2_65_node3_0_node4_0,0.4521757574870095
Train_U_2Layers_input_size_15_node1_85_node2_75_node3_0_node4_0,0.3971230947948907
Test_U_2Layers_input_size_15_node1_85_node2_75_node3_0_node4_0,0.47181827570535423
Train_U_2Layers_input_size_15_node1_85_node2_85_node3_0_node4_0,0.3908475051410345
Test_U_2Layers_input_size_15_node1_85_node2_85_node3_0_node4_0,0.4611548057006711
Train_U_2Layers_input_size_15_node1_85_node2_95_node3_0_node4_0,0.4069226455039613
Test_U_2Layers_input_size_15_node1_85_node2_95_node3_0_node4_0,0.48278154255403
Train_U_1Layers_input_size_15_node1_95_node2_0_node3_0_node4_0,0.38936887956710575
Test_U_1Layers_input_size_15_node1_95_node2_0_node3_0_node4_0,0.45762007838991475
Train_U_2Layers_input_size_15_node1_95_node2_5_node3_0_node4_0,0.4314134958191336
Test_U_2Layers_input_size_15_node1_95_node2_5_node3_0_node4_0,0.482118441642204
Train_U_2Layers_input_size_15_node1_95_node2_15_node3_0_node4_0,0.4023089717907624
Test_U_2Layers_input_size_15_node1_95_node2_15_node3_0_node4_0,0.4786159643733533
Train_U_2Layers_input_size_15_node1_95_node2_25_node3_0_node4_0,0.3965236851038764
Test_U_2Layers_input_size_15_node1_95_node2_25_node3_0_node4_0,0.4702407655473418
Train_U_2Layers_input_size_15_node1_95_node2_35_node3_0_node4_0,0.41092080202009357
Test_U_2Layers_input_size_15_node1_95_node2_35_node3_0_node4_0,0.48788790308832153
Train_U_2Layers_input_size_15_node1_95_node2_45_node3_0_node4_0,0.43191083157698773
Test_U_2Layers_input_size_15_node1_95_node2_45_node3_0_node4_0,0.5087978779620328
Train_U_2Layers_input_size_15_node1_95_node2_55_node3_0_node4_0,0.3943218204112046
Test_U_2Layers_input_size_15_node1_95_node2_55_node3_0_node4_0,0.46225321216818527
Train_U_2Layers_input_size_15_node1_95_node2_65_node3_0_node4_0,0.4190006886410574
Test_U_2Layers_input_size_15_node1_95_node2_65_node3_0_node4_0,0.4716626908614387
Train_U_2Layers_input_size_15_node1_95_node2_75_node3_0_node4_0,0.39542171341730753
Test_U_2Layers_input_size_15_node1_95_node2_75_node3_0_node4_0,0.46054959543086343
Train_U_2Layers_input_size_15_node1_95_node2_85_node3_0_node4_0,0.39496903633127217
Test_U_2Layers_input_size_15_node1_95_node2_85_node3_0_node4_0,0.46262380901720374
Train_U_2Layers_input_size_15_node1_95_node2_95_node3_0_node4_0,0.4030961344239038
Test_U_2Layers_input_size_15_node1_95_node2_95_node3_0_node4_0,0.4785800189851624
Train_U_1Layers_input_size_20_node1_5_node2_0_node3_0_node4_0,0.41489116950849314
Test_U_1Layers_input_size_20_node1_5_node2_0_node3_0_node4_0,0.48929711524729685
Train_U_2Layers_input_size_20_node1_5_node2_5_node3_0_node4_0,0.4416485855462093
Test_U_2Layers_input_size_20_node1_5_node2_5_node3_0_node4_0,0.5217605031212501
Train_U_2Layers_input_size_20_node1_5_node2_15_node3_0_node4_0,0.7548314085677759
Test_U_2Layers_input_size_20_node1_5_node2_15_node3_0_node4_0,0.722111388305512
Train_U_2Layers_input_size_20_node1_5_node2_25_node3_0_node4_0,0.4192336719543015
Test_U_2Layers_input_size_20_node1_5_node2_25_node3_0_node4_0,0.4924542445988792
Train_U_2Layers_input_size_20_node1_5_node2_35_node3_0_node4_0,0.4119430857346097
Test_U_2Layers_input_size_20_node1_5_node2_35_node3_0_node4_0,0.47477548149288956
Train_U_2Layers_input_size_20_node1_5_node2_45_node3_0_node4_0,0.4436030117571609
Test_U_2Layers_input_size_20_node1_5_node2_45_node3_0_node4_0,0.522953663868538
Train_U_2Layers_input_size_20_node1_5_node2_55_node3_0_node4_0,0.4168517615548409
Test_U_2Layers_input_size_20_node1_5_node2_55_node3_0_node4_0,0.4923696786293205
Train_U_2Layers_input_size_20_node1_5_node2_65_node3_0_node4_0,0.4244482189044483
Test_U_2Layers_input_size_20_node1_5_node2_65_node3_0_node4_0,0.5032892219790842
Train_U_2Layers_input_size_20_node1_5_node2_75_node3_0_node4_0,0.41488567434993445
Test_U_2Layers_input_size_20_node1_5_node2_75_node3_0_node4_0,0.4926083445827268
Train_U_2Layers_input_size_20_node1_5_node2_85_node3_0_node4_0,0.4114766438751786
Test_U_2Layers_input_size_20_node1_5_node2_85_node3_0_node4_0,0.4715710153436544
Train_U_2Layers_input_size_20_node1_5_node2_95_node3_0_node4_0,0.4172914311253909
Test_U_2Layers_input_size_20_node1_5_node2_95_node3_0_node4_0,0.4905390001962915
Train_U_1Layers_input_size_20_node1_15_node2_0_node3_0_node4_0,0.40541245247917024
Test_U_1Layers_input_size_20_node1_15_node2_0_node3_0_node4_0,0.47534828593052486
Train_U_2Layers_input_size_20_node1_15_node2_5_node3_0_node4_0,0.42340713898879845
Test_U_2Layers_input_size_20_node1_15_node2_5_node3_0_node4_0,0.5032960612768428
Train_U_2Layers_input_size_20_node1_15_node2_15_node3_0_node4_0,0.404076041387835
Test_U_2Layers_input_size_20_node1_15_node2_15_node3_0_node4_0,0.47163231337311623
Train_U_2Layers_input_size_20_node1_15_node2_25_node3_0_node4_0,0.42441684951955555
Test_U_2Layers_input_size_20_node1_15_node2_25_node3_0_node4_0,0.475684796032045
Train_U_2Layers_input_size_20_node1_15_node2_35_node3_0_node4_0,0.4061467149458647
Test_U_2Layers_input_size_20_node1_15_node2_35_node3_0_node4_0,0.4751684561469052
Train_U_2Layers_input_size_20_node1_15_node2_45_node3_0_node4_0,0.4041269286109976
Test_U_2Layers_input_size_20_node1_15_node2_45_node3_0_node4_0,0.47879884084765983
Train_U_2Layers_input_size_20_node1_15_node2_55_node3_0_node4_0,0.4151178980733573
Test_U_2Layers_input_size_20_node1_15_node2_55_node3_0_node4_0,0.4761106975958067
Train_U_2Layers_input_size_20_node1_15_node2_65_node3_0_node4_0,0.3993351305729847
Test_U_2Layers_input_size_20_node1_15_node2_65_node3_0_node4_0,0.4714394188459667
Train_U_2Layers_input_size_20_node1_15_node2_75_node3_0_node4_0,0.4681694727502674
Test_U_2Layers_input_size_20_node1_15_node2_75_node3_0_node4_0,0.5454599328750369
Train_U_2Layers_input_size_20_node1_15_node2_85_node3_0_node4_0,0.39625439292446196
Test_U_2Layers_input_size_20_node1_15_node2_85_node3_0_node4_0,0.46886010466316175
Train_U_2Layers_input_size_20_node1_15_node2_95_node3_0_node4_0,0.4075897207542823
Test_U_2Layers_input_size_20_node1_15_node2_95_node3_0_node4_0,0.4800180011095797
Train_U_1Layers_input_size_20_node1_25_node2_0_node3_0_node4_0,0.41650889707842004
Test_U_1Layers_input_size_20_node1_25_node2_0_node3_0_node4_0,0.47802980634699893
Train_U_2Layers_input_size_20_node1_25_node2_5_node3_0_node4_0,0.43729102729700947
Test_U_2Layers_input_size_20_node1_25_node2_5_node3_0_node4_0,0.5180937304108768
Train_U_2Layers_input_size_20_node1_25_node2_15_node3_0_node4_0,0.40886510441560053
Test_U_2Layers_input_size_20_node1_25_node2_15_node3_0_node4_0,0.4852942695804433
Train_U_2Layers_input_size_20_node1_25_node2_25_node3_0_node4_0,0.3936074081964763
Test_U_2Layers_input_size_20_node1_25_node2_25_node3_0_node4_0,0.46430030278457474
Train_U_2Layers_input_size_20_node1_25_node2_35_node3_0_node4_0,0.4102980232444968
Test_U_2Layers_input_size_20_node1_25_node2_35_node3_0_node4_0,0.47940692026926823
Train_U_2Layers_input_size_20_node1_25_node2_45_node3_0_node4_0,0.43124627097908674
Test_U_2Layers_input_size_20_node1_25_node2_45_node3_0_node4_0,0.5096938276336652
Train_U_2Layers_input_size_20_node1_25_node2_55_node3_0_node4_0,0.39718603426515026
Test_U_2Layers_input_size_20_node1_25_node2_55_node3_0_node4_0,0.4615389891920986
Train_U_2Layers_input_size_20_node1_25_node2_65_node3_0_node4_0,0.490889518039343
Test_U_2Layers_input_size_20_node1_25_node2_65_node3_0_node4_0,0.5290186527331292
Train_U_2Layers_input_size_20_node1_25_node2_75_node3_0_node4_0,0.41156190059679043
Test_U_2Layers_input_size_20_node1_25_node2_75_node3_0_node4_0,0.47513886730708593
Train_U_2Layers_input_size_20_node1_25_node2_85_node3_0_node4_0,0.481638268111527
Test_U_2Layers_input_size_20_node1_25_node2_85_node3_0_node4_0,0.5564728868962365
Train_U_2Layers_input_size_20_node1_25_node2_95_node3_0_node4_0,0.39411086167620474
Test_U_2Layers_input_size_20_node1_25_node2_95_node3_0_node4_0,0.4664574190885856
Train_U_1Layers_input_size_20_node1_35_node2_0_node3_0_node4_0,0.4377735508891129
Test_U_1Layers_input_size_20_node1_35_node2_0_node3_0_node4_0,0.5183591024804854
Train_U_2Layers_input_size_20_node1_35_node2_5_node3_0_node4_0,0.4558161697899025
Test_U_2Layers_input_size_20_node1_35_node2_5_node3_0_node4_0,0.503122681559084
Train_U_2Layers_input_size_20_node1_35_node2_15_node3_0_node4_0,0.4117183004879895
Test_U_2Layers_input_size_20_node1_35_node2_15_node3_0_node4_0,0.478518552187316
Train_U_2Layers_input_size_20_node1_35_node2_25_node3_0_node4_0,0.40716453464062813
Test_U_2Layers_input_size_20_node1_35_node2_25_node3_0_node4_0,0.4729079214903555
Train_U_2Layers_input_size_20_node1_35_node2_35_node3_0_node4_0,0.39078247710732733
Test_U_2Layers_input_size_20_node1_35_node2_35_node3_0_node4_0,0.464739379064793
Train_U_2Layers_input_size_20_node1_35_node2_45_node3_0_node4_0,0.4296571027234127
Test_U_2Layers_input_size_20_node1_35_node2_45_node3_0_node4_0,0.508455221878998
Train_U_2Layers_input_size_20_node1_35_node2_55_node3_0_node4_0,0.4014665429615908
Test_U_2Layers_input_size_20_node1_35_node2_55_node3_0_node4_0,0.47679968700426667
Train_U_2Layers_input_size_20_node1_35_node2_65_node3_0_node4_0,0.4749075027803732
Test_U_2Layers_input_size_20_node1_35_node2_65_node3_0_node4_0,0.5530839764743269
Train_U_2Layers_input_size_20_node1_35_node2_75_node3_0_node4_0,0.4471493199148875
Test_U_2Layers_input_size_20_node1_35_node2_75_node3_0_node4_0,0.5277636516364859
Train_U_2Layers_input_size_20_node1_35_node2_85_node3_0_node4_0,0.4359282120019428
Test_U_2Layers_input_size_20_node1_35_node2_85_node3_0_node4_0,0.5131226711243576
Train_U_2Layers_input_size_20_node1_35_node2_95_node3_0_node4_0,0.4326319810391688
Test_U_2Layers_input_size_20_node1_35_node2_95_node3_0_node4_0,0.5106009877137442
Train_U_1Layers_input_size_20_node1_45_node2_0_node3_0_node4_0,0.4304734411520558
Test_U_1Layers_input_size_20_node1_45_node2_0_node3_0_node4_0,0.4856743919018444
Train_U_2Layers_input_size_20_node1_45_node2_5_node3_0_node4_0,0.40390480306871623
Test_U_2Layers_input_size_20_node1_45_node2_5_node3_0_node4_0,0.46797995896201516
Train_U_2Layers_input_size_20_node1_45_node2_15_node3_0_node4_0,0.40357418244732834
Test_U_2Layers_input_size_20_node1_45_node2_15_node3_0_node4_0,0.4689526120038373
Train_U_2Layers_input_size_20_node1_45_node2_25_node3_0_node4_0,0.41278193043700295
Test_U_2Layers_input_size_20_node1_45_node2_25_node3_0_node4_0,0.47409910864099514
Train_U_2Layers_input_size_20_node1_45_node2_35_node3_0_node4_0,0.39700555606408516
Test_U_2Layers_input_size_20_node1_45_node2_35_node3_0_node4_0,0.4708616852312012
Train_U_2Layers_input_size_20_node1_45_node2_45_node3_0_node4_0,0.43176828628298014
Test_U_2Layers_input_size_20_node1_45_node2_45_node3_0_node4_0,0.5102569141938106
Train_U_2Layers_input_size_20_node1_45_node2_55_node3_0_node4_0,0.3986366372716974
Test_U_2Layers_input_size_20_node1_45_node2_55_node3_0_node4_0,0.4695360269160699
Train_U_2Layers_input_size_20_node1_45_node2_65_node3_0_node4_0,0.40706662483766975
Test_U_2Layers_input_size_20_node1_45_node2_65_node3_0_node4_0,0.4703121698574796
Train_U_2Layers_input_size_20_node1_45_node2_75_node3_0_node4_0,0.5325883668012963
Test_U_2Layers_input_size_20_node1_45_node2_75_node3_0_node4_0,0.5596144893443957
Train_U_2Layers_input_size_20_node1_45_node2_85_node3_0_node4_0,0.5849258081144192
Test_U_2Layers_input_size_20_node1_45_node2_85_node3_0_node4_0,0.601027163810448
Train_U_2Layers_input_size_20_node1_45_node2_95_node3_0_node4_0,0.406264745004535
Test_U_2Layers_input_size_20_node1_45_node2_95_node3_0_node4_0,0.46877336443846185
Train_U_1Layers_input_size_20_node1_55_node2_0_node3_0_node4_0,0.4051979270357183
Test_U_1Layers_input_size_20_node1_55_node2_0_node3_0_node4_0,0.47993181822243064
Train_U_2Layers_input_size_20_node1_55_node2_5_node3_0_node4_0,0.4054482324366699
Test_U_2Layers_input_size_20_node1_55_node2_5_node3_0_node4_0,0.4809583479964923
Train_U_2Layers_input_size_20_node1_55_node2_15_node3_0_node4_0,0.4098206918551308
Test_U_2Layers_input_size_20_node1_55_node2_15_node3_0_node4_0,0.4861782409849472
Train_U_2Layers_input_size_20_node1_55_node2_25_node3_0_node4_0,0.4052621311311139
Test_U_2Layers_input_size_20_node1_55_node2_25_node3_0_node4_0,0.4682301817965368
Train_U_2Layers_input_size_20_node1_55_node2_35_node3_0_node4_0,0.43558695313673346
Test_U_2Layers_input_size_20_node1_55_node2_35_node3_0_node4_0,0.513643677376306
Train_U_2Layers_input_size_20_node1_55_node2_45_node3_0_node4_0,0.39642066631634315
Test_U_2Layers_input_size_20_node1_55_node2_45_node3_0_node4_0,0.46304059717702517
Train_U_2Layers_input_size_20_node1_55_node2_55_node3_0_node4_0,0.39682606598158077
Test_U_2Layers_input_size_20_node1_55_node2_55_node3_0_node4_0,0.4708928560790859
Train_U_2Layers_input_size_20_node1_55_node2_65_node3_0_node4_0,0.42400252801550864
Test_U_2Layers_input_size_20_node1_55_node2_65_node3_0_node4_0,0.5001936775845133
Train_U_2Layers_input_size_20_node1_55_node2_75_node3_0_node4_0,0.4224050688606078
Test_U_2Layers_input_size_20_node1_55_node2_75_node3_0_node4_0,0.4997303503819256
Train_U_2Layers_input_size_20_node1_55_node2_85_node3_0_node4_0,0.40289825819831504
Test_U_2Layers_input_size_20_node1_55_node2_85_node3_0_node4_0,0.471930522052241
Train_U_2Layers_input_size_20_node1_55_node2_95_node3_0_node4_0,0.41474713998352264
Test_U_2Layers_input_size_20_node1_55_node2_95_node3_0_node4_0,0.4709611082835916
Train_U_1Layers_input_size_20_node1_65_node2_0_node3_0_node4_0,0.4120010848389852
Test_U_1Layers_input_size_20_node1_65_node2_0_node3_0_node4_0,0.4860953267880269
Train_U_2Layers_input_size_20_node1_65_node2_5_node3_0_node4_0,0.40324595137619473
Test_U_2Layers_input_size_20_node1_65_node2_5_node3_0_node4_0,0.47927475484155563
Train_U_2Layers_input_size_20_node1_65_node2_15_node3_0_node4_0,0.41680995345042027
Test_U_2Layers_input_size_20_node1_65_node2_15_node3_0_node4_0,0.4726667166567741
