"(9,0,19)",0.2686588633223424
"(10,0,19)",0.2689022362260149
"(20,0,14)",0.27078332758928647
"(18,0,15)",0.2709417450869158
"(19,0,15)",0.2711927075351585
"(20,0,11)",0.27291294103950153
"(20,0,17)",0.2729716099343738
"(18,0,11)",0.27308109397990954
"(20,0,20)",0.27341076987371044
"(20,0,12)",0.2738277104188857
"(20,0,13)",0.2740594311528858
"(19,0,11)",0.27511227523504395
"(17,0,15)",0.2754030334655211
"(10,0,20)",0.2757250981709212
"(12,0,11)",0.27581735567824817
"(9,0,20)",0.27617537530724695
"(10,0,11)",0.27691540205549214
"(10,0,18)",0.2770378895597147
"(15,0,11)",0.2771771520911703
"(8,0,15)",0.2772594540986126
"(17,0,20)",0.27729528160811473
"(13,0,11)",0.27762416662984973
"(7,0,18)",0.27765153619179994
"(8,0,11)",0.2776707274053076
"(6,0,15)",0.2777126690036005
"(18,0,17)",0.27778387825308154
"(15,0,12)",0.27791905588539934
"(15,0,14)",0.27806428671797545
"(9,0,11)",0.2781620082334341
"(18,0,20)",0.2781963231329317
"(19,0,20)",0.2782140027735033
"(7,0,11)",0.2782166206879476
"(15,0,20)",0.2783661438672354
"(17,0,11)",0.2783799302351676
"(15,0,13)",0.2783876522266056
"(11,0,11)",0.27844447600010536
"(16,0,13)",0.27854621594949364
"(7,0,15)",0.2786917167272644
"(9,0,18)",0.27869331444192164
"(7,0,20)",0.2787278277964146
"(8,0,12)",0.27877958515964474
"(17,0,12)",0.27884543296224884
"(8,0,20)",0.2788977945554753
"(5,0,16)",0.27892801688822694
"(18,0,12)",0.2789604373357669
"(15,0,15)",0.279003805079441
"(2,0,12)",0.2790525700661154
"(8,0,18)",0.2790911837794936
"(3,0,12)",0.2792407909227902
"(9,0,2)",0.2792624841269029
"(5,0,15)",0.27927365703049734
"(6,0,17)",0.27931261177039196
"(13,0,19)",0.2793210168411385
"(16,0,20)",0.27939029915018615
"(13,0,13)",0.2794739772577838
"(6,0,16)",0.2794846977647406
"(17,0,17)",0.2795668879892615
"(19,0,13)",0.27957084408324745
"(16,0,12)",0.27962344429714037
"(2,0,11)",0.2796257434337149
"(7,0,19)",0.27968290951719643
"(8,0,19)",0.2798509864412691
"(10,0,12)",0.27988043721353173
"(19,0,16)",0.27998041692217035
"(18,0,14)",0.2800715723356477
"(16,0,18)",0.2801147498923442
"(19,0,18)",0.28011641927467423
"(17,0,13)",0.28017650150087003
"(9,0,15)",0.2801815675363195
"(12,0,14)",0.28018370814621263
"(12,0,12)",0.280205310188615
"(10,0,13)",0.2802712234196444
"(2,0,13)",0.2803031846554818
"(13,0,9)",0.2803547786622323
"(7,0,14)",0.28037728899596664
"(3,0,16)",0.28047617473448133
"(18,0,13)",0.2804855474554057
"(6,0,19)",0.2805425072949083
"(5,0,14)",0.28057713555883207
"(3,0,14)",0.2806994774243603
"(19,0,12)",0.2807813952134183
"(10,0,17)",0.2807879356534245
"(16,0,15)",0.28081155754114406
"(14,0,15)",0.28081549463724303
"(2,0,14)",0.28082432292264514
"(3,0,13)",0.28086850506043876
"(15,0,18)",0.2808862804405909
"(16,0,11)",0.2808995042626903
"(7,0,16)",0.2809339167495883
"(13,0,12)",0.2810323927444488
"(5,0,11)",0.2810343510865254
"(12,0,15)",0.2810659306828488
"(17,0,18)",0.28108987587676254
"(14,0,11)",0.281120154495082
"(3,0,11)",0.28114210949772966
"(9,0,17)",0.2811579020098675
"(15,0,17)",0.281213490241522
"(17,0,14)",0.28123880812445345
"(6,0,20)",0.28135242265898813
"(4,0,13)",0.28136472385371003
"(4,0,17)",0.281369139772948
"(10,0,15)",0.28141751425888084
"(4,0,19)",0.2814299455395248
"(14,0,12)",0.2814464968946517
"(1,0,5)",0.2814916277205218
"(13,0,20)",0.2814980721326649
"(14,0,14)",0.28152856840748186
"(7,0,10)",0.28158796277830167
"(14,0,16)",0.2815923698083072
"(7,0,12)",0.2815967628680242
"(8,0,17)",0.2816775833644333
"(16,0,17)",0.2817269759857253
"(6,0,7)",0.28184638610835233
"(10,0,14)",0.2818523928367148
"(4,0,18)",0.28200546014823963
"(4,0,14)",0.282086263684725
"(5,0,2)",0.28208636300173867
"(4,0,15)",0.28209520925453296
"(9,0,12)",0.28209754050602337
"(12,0,19)",0.2821171239939329
"(3,0,15)",0.28220014257452425
"(19,0,14)",0.2822063861897972
"(16,0,14)",0.28227673873606585
"(14,0,9)",0.28233703739720145
"(5,0,12)",0.2823451992119587
"(9,0,14)",0.2824554258839659
"(6,0,18)",0.28247081578933625
"(5,0,17)",0.2825185002690918
"(4,0,20)",0.2825299211351951
"(5,0,20)",0.2825529774576113
"(11,0,19)",0.2825726986757705
"(11,0,10)",0.28261116350752763
"(8,0,16)",0.2826139813334024
"(12,0,5)",0.2826247919505978
"(11,0,5)",0.28266587387745334
"(18,0,18)",0.28273367007347666
"(12,0,13)",0.2827864173738563
"(4,0,11)",0.28278686185216095
"(14,0,13)",0.2827991519050504
"(7,0,17)",0.2828855481838111
"(13,0,15)",0.28289161026619064
"(4,0,12)",0.2829968721897704
"(9,0,16)",0.2830952495399163
"(11,0,12)",0.2831270332603408
"(4,0,16)",0.2831451977414001
"(9,0,13)",0.28316230360308303
"(19,0,17)",0.28320959048286465
"(5,0,18)",0.28324981360585005
"(10,0,16)",0.28338943671201944
"(11,0,15)",0.2834678506206194
"(11,0,14)",0.28351192234657163
"(14,0,20)",0.28366034016222547
"(16,0,16)",0.28366323004607863
"(8,0,14)",0.2836744814070324
"(2,0,15)",0.28376807568139867
"(13,0,16)",0.2837902859018521
"(9,0,10)",0.2837954207997996
"(15,0,16)",0.2838197527499743
"(10,0,10)",0.2838420856707571
"(5,0,19)",0.2839262073903748
"(8,0,13)",0.28394631280223137
"(11,0,13)",0.28395014878664215
"(7,0,13)",0.28396497631569284
"(16,0,19)",0.28402498906015294
"(14,0,17)",0.284176200144635
"(3,0,19)",0.2842434399647677
"(6,0,11)",0.2842451896188718
"(18,0,16)",0.2844729854866882
"(3,0,17)",0.2845238497659745
"(6,0,14)",0.28455021518087287
"(20,0,16)",0.28455869938723316
"(8,0,10)",0.28468176423855257
"(13,0,14)",0.2846933358759803
"(19,0,19)",0.2848223644267388
"(6,0,12)",0.2848749035137223
"(1,0,10)",0.28502470921312145
"(11,0,20)",0.28505341831828157
"(12,0,16)",0.2852631936396277
"(12,0,20)",0.2852815831657031
"(3,0,18)",0.28534985641836763
"(11,0,16)",0.2854626713027448
"(12,0,10)",0.2855198938975274
"(3,0,20)",0.28554719230674036
"(6,0,13)",0.2855899110785597
"(13,0,17)",0.2855919358739387
"(2,0,16)",0.28568483140713086
"(5,0,13)",0.28570782800827155
"(1,0,15)",0.28582242082055265
"(13,0,18)",0.28584346161732654
"(11,0,17)",0.2858641127423362
"(16,0,10)",0.28595223313173634
"(11,0,18)",0.28599272357991967
"(2,0,19)",0.2861154822719023
"(2,0,18)",0.28612081110556176
"(18,0,19)",0.28632495180723444
"(1,0,12)",0.2864480519382651
"(18,0,9)",0.28666242699914396
"(15,0,19)",0.28672480641854564
"(6,0,10)",0.2867544359589035
"(12,0,17)",0.2867933210305867
"(1,0,11)",0.28690605155347537
"(14,0,19)",0.28701443757996836
"(2,0,17)",0.28713014311291757
"(1,0,14)",0.28726393663648125
"(17,0,16)",0.28740359086055145
"(12,0,18)",0.2876167027937495
"(14,0,18)",0.28774701598523356
"(2,0,20)",0.2877646498547558
"(1,0,20)",0.28783022091886135
"(12,0,9)",0.28808774224402844
"(2,0,10)",0.2881867194389292
"(5,0,10)",0.2881966652188997
"(1,0,13)",0.28905340313372424
"(1,0,16)",0.28932694462715025
"(1,0,19)",0.2893455189618604
"(1,0,18)",0.2895091992919301
"(3,0,10)",0.2897593719194009
"(16,0,9)",0.28984814481297383
"(3,0,6)",0.2900076699283974
"(10,0,7)",0.2903625455526402
"(6,0,9)",0.2903818748063817
"(19,0,9)",0.29092397269287606
"(1,0,17)",0.29093357067097414
"(17,0,9)",0.29093853319957935
"(14,0,10)",0.29107193762029687
"(4,0,10)",0.29116462310832864
"(17,0,19)",0.2911788942955576
"(11,0,4)",0.29144347126492026
"(12,0,7)",0.2915364883128399
"(8,0,2)",0.2918542932044688
"(15,0,10)",0.29192955551902033
"(7,0,0)",0.2919643635393504
"(4,0,7)",0.29206391595175996
"(6,0,0)",0.29211835901304867
"(8,0,0)",0.29218469561046645
"(13,0,10)",0.29240669342651454
"(4,0,8)",0.292627731296859
"(7,0,1)",0.29266793919960254
"(20,0,9)",0.2926807212961485
"(5,0,7)",0.2927281972607886
"(12,0,8)",0.29274842333354145
"(2,0,1)",0.2929590212140177
"(4,0,9)",0.2929923250164001
"(6,0,1)",0.29301900146739074
"(19,0,10)",0.29310741257165546
"(5,0,0)",0.29316514870064986
"(20,0,19)",0.29326930320523514
"(20,0,10)",0.29339500978315775
"(2,0,4)",0.29348860865127263
"(9,0,0)",0.29350452925479764
"(15,0,9)",0.2935215340520673
"(6,0,2)",0.2936579195751402
"(10,0,5)",0.29390006093255305
"(13,0,6)",0.29395962788954916
"(10,0,9)",0.2940591504592919
"(9,0,7)",0.2940717533072717
"(5,0,1)",0.29411132105179
"(3,0,2)",0.2942703236277736
"(8,0,7)",0.29463329363034535
"(10,0,0)",0.2951417334425948
"(3,0,7)",0.29516548925880515
"(1,0,6)",0.29518922531776204
"(13,0,7)",0.295246151212213
"(16,0,8)",0.2953460816811181
"(2,0,3)",0.29539394092086735
"(10,0,3)",0.2954869300362012
"(2,0,6)",0.2955049902161221
"(8,0,9)",0.29565095196227464
"(9,0,9)",0.2957149589980957
"(2,0,2)",0.2957577235544377
"(20,0,18)",0.2958224235373992
"(17,0,10)",0.29592604356034713
"(18,0,10)",0.2961662929798417
"(18,0,8)",0.2964590004538981
"(4,0,5)",0.29651956718445877
"(8,0,8)",0.29706007977143833
"(14,0,8)",0.29719947059841695
"(4,0,2)",0.29748200416269205
"(4,0,0)",0.29762594145003607
"(9,0,3)",0.2976570718647366
"(4,0,1)",0.2976769979019325
"(1,0,7)",0.2978092444788652
"(14,0,5)",0.2978556712293337
"(12,0,6)",0.2978689370936369
"(6,0,8)",0.2979829942213898
"(13,0,8)",0.2980774024529065
"(10,0,4)",0.29835860627219357
"(7,0,9)",0.2984849393111706
"(11,0,9)",0.2984880578331703
"(7,0,7)",0.29879749382407444
"(14,0,3)",0.2993008055643077
"(3,0,0)",0.2994340472720498
"(8,0,1)",0.2994567464352764
"(13,0,5)",0.29951850982254014
"(7,0,8)",0.29962423038170205
"(11,0,7)",0.2996519334146478
"(14,0,1)",0.30002697702111364
"(14,0,4)",0.30007445262538546
"(14,0,2)",0.3003001472864128
"(2,0,9)",0.3005024065926564
"(8,0,3)",0.3005392099292607
"(19,0,2)",0.30057404961557904
"(15,0,5)",0.3006105508076722
"(19,0,3)",0.30063849489584865
"(15,0,4)",0.3006972228446966
"(14,0,6)",0.30084332300120015
"(1,0,4)",0.3009507037982792
"(15,0,3)",0.3010061346945997
"(16,0,5)",0.30119000592832074
"(19,0,4)",0.3012013582609404
"(9,0,1)",0.301266637110073
"(8,0,5)",0.3013637135330335
"(15,0,2)",0.30139008549796287
"(19,0,1)",0.3014016234975261
"(2,0,7)",0.30140796711961315
"(20,0,8)",0.3014092427102978
"(16,0,4)",0.3014613735148759
"(15,0,1)",0.3015992699887396
"(7,0,4)",0.3017062972918558
"(11,0,3)",0.30180948323142764
"(20,0,1)",0.30188673628270357
"(19,0,5)",0.3019389932087482
"(20,0,0)",0.3019419803655344
"(19,0,0)",0.30204147775909196
"(17,0,1)",0.3020803306931875
"(13,0,2)",0.30209384888224683
"(5,0,8)",0.30210345748739703
"(16,0,3)",0.30225182872844686
"(17,0,3)",0.30237362997543155
"(11,0,2)",0.3023774378092819
"(9,0,8)",0.3023779752047243
"(5,0,9)",0.3023790713054621
"(17,0,5)",0.3024007774662661
"(1,0,3)",0.30243001279903486
"(16,0,2)",0.30248523196736876
"(18,0,3)",0.3024938019280769
"(17,0,4)",0.3024966173191689
"(10,0,8)",0.3025510195338939
"(13,0,1)",0.30264568745337594
"(18,0,0)",0.3027572324610823
"(18,0,1)",0.30278216922193585
"(18,0,5)",0.30288166479109324
"(17,0,0)",0.3029334818940857
"(16,0,1)",0.3029421304645454
"(15,0,0)",0.30298093395082176
"(18,0,4)",0.30301762921379394
"(16,0,0)",0.3030288217540119
"(2,0,5)",0.30309509505296744
"(17,0,2)",0.3031632236624001
"(14,0,0)",0.30344964803472557
"(19,0,6)",0.3035136672215559
"(13,0,3)",0.30376190504061173
"(12,0,3)",0.30380391686014036
"(10,0,1)",0.3041082367826144
"(12,0,2)",0.30414866112727934
"(1,0,2)",0.30417386960006715
"(15,0,6)",0.3044945640011529
"(6,0,3)",0.3045196621777499
"(3,0,8)",0.3046625344960684
"(20,0,3)",0.30473925280732483
"(2,0,0)",0.3047529615950251
"(12,0,4)",0.30494564095023496
"(13,0,0)",0.30503052841633604
"(10,0,6)",0.30523496339307365
"(16,0,6)",0.3052655883309254
"(6,0,6)",0.30556472985348804
"(5,0,6)",0.30556633247296283
"(7,0,3)",0.3056242292865291
"(13,0,4)",0.30572578598314215
"(18,0,6)",0.30629776367645856
"(17,0,6)",0.3063050711019835
"(11,0,1)",0.306327836269658
"(6,0,4)",0.306421339252634
"(20,0,5)",0.306555187106707
"(12,0,0)",0.30664683420669975
"(3,0,9)",0.3066906992229556
"(3,0,4)",0.30720983368763644
"(12,0,1)",0.30726868916540334
"(4,0,3)",0.3074636050555021
"(9,0,6)",0.3079307805573697
"(6,0,5)",0.30828332479372106
"(15,0,8)",0.30834128437016206
"(17,0,8)",0.30844010795676136
"(11,0,6)",0.3084859685880529
"(1,0,8)",0.3087125760196883
"(7,0,2)",0.3098212808824033
"(5,0,3)",0.30990197369784084
"(19,0,8)",0.30991998244197894
"(16,0,7)",0.3101358600971561
"(3,0,1)",0.3103501001086441
"(7,0,6)",0.3105864500042696
"(4,0,6)",0.31076468533292356
"(1,0,1)",0.31076829652961935
"(8,0,6)",0.31115988140945605
"(3,0,5)",0.31150903475314506
"(3,0,3)",0.31156445076143485
"(18,0,2)",0.31186298329194256
"(2,0,8)",0.311881595219863
"(9,0,5)",0.3119640781929481
"(11,0,0)",0.31274698160566833
"(20,0,4)",0.3128310414785533
"(14,0,7)",0.31290075393411343
"(15,0,7)",0.3130555220289529
"(1,0,0)",0.3130833304819867
"(8,0,4)",0.3131211828360277
"(11,0,8)",0.3135573948936529
"(10,0,2)",0.314210253639339
"(7,0,5)",0.3144166331428721
"(20,0,2)",0.31492392311500567
"(20,0,7)",0.31561775089898336
"(18,0,7)",0.3170986567678369
"(5,0,5)",0.3178181159062127
"(17,0,7)",0.31906180843288773
"(19,0,7)",0.3194998431594168
"(9,0,4)",0.31957254658326206
"(20,0,6)",0.31994498921342907
"(1,0,9)",0.32401795451118903
"(4,0,4)",0.3244248388338429
"(5,0,4)",0.3259431956414132
"(0,0,20)",0.3428869835974443
"(0,0,19)",0.34512025429359344
"(0,0,18)",0.3588749872889667
"(0,0,17)",0.36598954157038194
"(0,0,16)",0.377132772421348
"(0,0,15)",0.38186966426648467
"(0,0,14)",0.3982832073299827
"(0,0,13)",0.399139383374851
"(0,0,12)",0.4198739302514472
"(0,0,11)",0.4290943438206818
"(0,0,10)",0.4434507357863289
"(0,0,9)",0.46036188891854607
"(0,0,7)",0.5106555000824516
"(0,0,6)",0.5111554873026692
"(0,0,5)",0.5592270445194045
"(0,0,4)",0.563626846187515
"(0,0,8)",0.5660528306851766
"(0,0,3)",0.5957276893959624
"(0,0,2)",0.5988100992635712
"(0,0,1)",0.6290793326647125
"(0,0,0)",0.641188088427851
"(20,0,15)",0.7158701305606449
