Train_W_1Layers_input_size_5_node1_5_node2_0_node3_0_node4_0,0.19633864730161676
Test_W_1Layers_input_size_5_node1_5_node2_0_node3_0_node4_0,0.20567925769284146
Train_W_2Layers_input_size_5_node1_5_node2_5_node3_0_node4_0,0.20218572410912022
Test_W_2Layers_input_size_5_node1_5_node2_5_node3_0_node4_0,0.20477641482199185
Train_W_2Layers_input_size_5_node1_5_node2_15_node3_0_node4_0,0.19812549482698952
Test_W_2Layers_input_size_5_node1_5_node2_15_node3_0_node4_0,0.20004760131012836
Train_W_2Layers_input_size_5_node1_5_node2_25_node3_0_node4_0,0.1965465943886188
Test_W_2Layers_input_size_5_node1_5_node2_25_node3_0_node4_0,0.20236613580601065
Train_W_2Layers_input_size_5_node1_5_node2_35_node3_0_node4_0,0.19188192195086937
Test_W_2Layers_input_size_5_node1_5_node2_35_node3_0_node4_0,0.19477500389521668
Train_W_2Layers_input_size_5_node1_5_node2_45_node3_0_node4_0,0.19621582942562502
Test_W_2Layers_input_size_5_node1_5_node2_45_node3_0_node4_0,0.20237390411332348
Train_W_2Layers_input_size_5_node1_5_node2_55_node3_0_node4_0,0.19630304922498998
Test_W_2Layers_input_size_5_node1_5_node2_55_node3_0_node4_0,0.20407908375170714
Train_W_2Layers_input_size_5_node1_5_node2_65_node3_0_node4_0,0.1940836394893
Test_W_2Layers_input_size_5_node1_5_node2_65_node3_0_node4_0,0.20030919069303016
Train_W_2Layers_input_size_5_node1_5_node2_75_node3_0_node4_0,0.18898528626732009
Test_W_2Layers_input_size_5_node1_5_node2_75_node3_0_node4_0,0.1913919346185556
Train_W_2Layers_input_size_5_node1_5_node2_85_node3_0_node4_0,0.21443354720505955
Test_W_2Layers_input_size_5_node1_5_node2_85_node3_0_node4_0,0.22431897173133986
Train_W_2Layers_input_size_5_node1_5_node2_95_node3_0_node4_0,0.18804839523074948
Test_W_2Layers_input_size_5_node1_5_node2_95_node3_0_node4_0,0.19080234157936793
Train_W_1Layers_input_size_5_node1_15_node2_0_node3_0_node4_0,0.1998428405251884
Test_W_1Layers_input_size_5_node1_15_node2_0_node3_0_node4_0,0.20688943684328023
Train_W_2Layers_input_size_5_node1_15_node2_5_node3_0_node4_0,0.20246394501648707
Test_W_2Layers_input_size_5_node1_15_node2_5_node3_0_node4_0,0.2090132417083122
Train_W_2Layers_input_size_5_node1_15_node2_15_node3_0_node4_0,0.2019266026271175
Test_W_2Layers_input_size_5_node1_15_node2_15_node3_0_node4_0,0.20986912516413825
Train_W_2Layers_input_size_5_node1_15_node2_25_node3_0_node4_0,0.18917590436632295
Test_W_2Layers_input_size_5_node1_15_node2_25_node3_0_node4_0,0.19571661150788952
Train_W_2Layers_input_size_5_node1_15_node2_35_node3_0_node4_0,0.19553162680295902
Test_W_2Layers_input_size_5_node1_15_node2_35_node3_0_node4_0,0.19941072003499086
Train_W_2Layers_input_size_5_node1_15_node2_45_node3_0_node4_0,0.19172674711130006
Test_W_2Layers_input_size_5_node1_15_node2_45_node3_0_node4_0,0.19681983091511754
Train_W_2Layers_input_size_5_node1_15_node2_55_node3_0_node4_0,0.191652081719002
Test_W_2Layers_input_size_5_node1_15_node2_55_node3_0_node4_0,0.19383639439844202
Train_W_2Layers_input_size_5_node1_15_node2_65_node3_0_node4_0,0.19158965685268686
Test_W_2Layers_input_size_5_node1_15_node2_65_node3_0_node4_0,0.1959181645388305
Train_W_2Layers_input_size_5_node1_15_node2_75_node3_0_node4_0,0.19370084531279091
Test_W_2Layers_input_size_5_node1_15_node2_75_node3_0_node4_0,0.19639836774257516
Train_W_2Layers_input_size_5_node1_15_node2_85_node3_0_node4_0,0.20354097212149413
Test_W_2Layers_input_size_5_node1_15_node2_85_node3_0_node4_0,0.21236811394947752
Train_W_2Layers_input_size_5_node1_15_node2_95_node3_0_node4_0,0.19381651159733745
Test_W_2Layers_input_size_5_node1_15_node2_95_node3_0_node4_0,0.19634508880117507
Train_W_1Layers_input_size_5_node1_25_node2_0_node3_0_node4_0,0.19039910877909766
Test_W_1Layers_input_size_5_node1_25_node2_0_node3_0_node4_0,0.19650812403675014
Train_W_2Layers_input_size_5_node1_25_node2_5_node3_0_node4_0,0.1983184198090464
Test_W_2Layers_input_size_5_node1_25_node2_5_node3_0_node4_0,0.19822009672909927
Train_W_2Layers_input_size_5_node1_25_node2_15_node3_0_node4_0,0.2048931559232766
Test_W_2Layers_input_size_5_node1_25_node2_15_node3_0_node4_0,0.20414164938890483
Train_W_2Layers_input_size_5_node1_25_node2_25_node3_0_node4_0,0.20765517345749318
Test_W_2Layers_input_size_5_node1_25_node2_25_node3_0_node4_0,0.20930646870814767
Train_W_2Layers_input_size_5_node1_25_node2_35_node3_0_node4_0,0.19974987437873298
Test_W_2Layers_input_size_5_node1_25_node2_35_node3_0_node4_0,0.20275531653290513
Train_W_2Layers_input_size_5_node1_25_node2_45_node3_0_node4_0,0.19815781399804946
Test_W_2Layers_input_size_5_node1_25_node2_45_node3_0_node4_0,0.19715403242582763
Train_W_2Layers_input_size_5_node1_25_node2_55_node3_0_node4_0,0.19279233072720406
Test_W_2Layers_input_size_5_node1_25_node2_55_node3_0_node4_0,0.19963620895704906
Train_W_2Layers_input_size_5_node1_25_node2_65_node3_0_node4_0,0.2114304416486442
Test_W_2Layers_input_size_5_node1_25_node2_65_node3_0_node4_0,0.20958765247917532
Train_W_2Layers_input_size_5_node1_25_node2_75_node3_0_node4_0,0.19526002178896698
Test_W_2Layers_input_size_5_node1_25_node2_75_node3_0_node4_0,0.19750944498269515
Train_W_2Layers_input_size_5_node1_25_node2_85_node3_0_node4_0,0.19709735718815238
Test_W_2Layers_input_size_5_node1_25_node2_85_node3_0_node4_0,0.20531306660078996
Train_W_2Layers_input_size_5_node1_25_node2_95_node3_0_node4_0,0.2138664123660459
Test_W_2Layers_input_size_5_node1_25_node2_95_node3_0_node4_0,0.22491872465279966
Train_W_1Layers_input_size_5_node1_35_node2_0_node3_0_node4_0,0.20010528400975655
Test_W_1Layers_input_size_5_node1_35_node2_0_node3_0_node4_0,0.20719591825595246
Train_W_2Layers_input_size_5_node1_35_node2_5_node3_0_node4_0,0.2018746904394416
Test_W_2Layers_input_size_5_node1_35_node2_5_node3_0_node4_0,0.20576013058419296
Train_W_2Layers_input_size_5_node1_35_node2_15_node3_0_node4_0,0.19807697797194754
Test_W_2Layers_input_size_5_node1_35_node2_15_node3_0_node4_0,0.2027812947569933
Train_W_2Layers_input_size_5_node1_35_node2_25_node3_0_node4_0,0.19647382704101568
Test_W_2Layers_input_size_5_node1_35_node2_25_node3_0_node4_0,0.19818150009533606
Train_W_2Layers_input_size_5_node1_35_node2_35_node3_0_node4_0,0.20138858492780817
Test_W_2Layers_input_size_5_node1_35_node2_35_node3_0_node4_0,0.20945823281878073
Train_W_2Layers_input_size_5_node1_35_node2_45_node3_0_node4_0,0.1983621074853401
Test_W_2Layers_input_size_5_node1_35_node2_45_node3_0_node4_0,0.20053784909238476
Train_W_2Layers_input_size_5_node1_35_node2_55_node3_0_node4_0,0.1978266452715587
Test_W_2Layers_input_size_5_node1_35_node2_55_node3_0_node4_0,0.2063982391102338
Train_W_2Layers_input_size_5_node1_35_node2_65_node3_0_node4_0,0.19910882273117478
Test_W_2Layers_input_size_5_node1_35_node2_65_node3_0_node4_0,0.207532707244853
Train_W_2Layers_input_size_5_node1_35_node2_75_node3_0_node4_0,0.2324472221209143
Test_W_2Layers_input_size_5_node1_35_node2_75_node3_0_node4_0,0.24409261612927316
Train_W_2Layers_input_size_5_node1_35_node2_85_node3_0_node4_0,0.19066394189269242
Test_W_2Layers_input_size_5_node1_35_node2_85_node3_0_node4_0,0.19433206525615718
Train_W_2Layers_input_size_5_node1_35_node2_95_node3_0_node4_0,0.18877643981069273
Test_W_2Layers_input_size_5_node1_35_node2_95_node3_0_node4_0,0.1935716388720228
Train_W_1Layers_input_size_5_node1_45_node2_0_node3_0_node4_0,0.1914692988972293
Test_W_1Layers_input_size_5_node1_45_node2_0_node3_0_node4_0,0.197025228131543
Train_W_2Layers_input_size_5_node1_45_node2_5_node3_0_node4_0,0.20441734489198035
Test_W_2Layers_input_size_5_node1_45_node2_5_node3_0_node4_0,0.21231262241334167
Train_W_2Layers_input_size_5_node1_45_node2_15_node3_0_node4_0,0.1984895187440552
Test_W_2Layers_input_size_5_node1_45_node2_15_node3_0_node4_0,0.20011325177788905
Train_W_2Layers_input_size_5_node1_45_node2_25_node3_0_node4_0,0.19583512953854346
Test_W_2Layers_input_size_5_node1_45_node2_25_node3_0_node4_0,0.2027016409317767
Train_W_2Layers_input_size_5_node1_45_node2_35_node3_0_node4_0,0.19383363649034888
Test_W_2Layers_input_size_5_node1_45_node2_35_node3_0_node4_0,0.1975282205416647
Train_W_2Layers_input_size_5_node1_45_node2_45_node3_0_node4_0,0.20712777352821446
Test_W_2Layers_input_size_5_node1_45_node2_45_node3_0_node4_0,0.20738042320244612
Train_W_2Layers_input_size_5_node1_45_node2_55_node3_0_node4_0,0.20925874614097842
Test_W_2Layers_input_size_5_node1_45_node2_55_node3_0_node4_0,0.21938252111458853
Train_W_2Layers_input_size_5_node1_45_node2_65_node3_0_node4_0,0.19059316025276968
Test_W_2Layers_input_size_5_node1_45_node2_65_node3_0_node4_0,0.19757793744773305
Train_W_2Layers_input_size_5_node1_45_node2_75_node3_0_node4_0,0.20012901883256815
Test_W_2Layers_input_size_5_node1_45_node2_75_node3_0_node4_0,0.19923596214288716
Train_W_2Layers_input_size_5_node1_45_node2_85_node3_0_node4_0,0.19283621750349061
Test_W_2Layers_input_size_5_node1_45_node2_85_node3_0_node4_0,0.19581895967416105
Train_W_2Layers_input_size_5_node1_45_node2_95_node3_0_node4_0,0.19295540427572236
Test_W_2Layers_input_size_5_node1_45_node2_95_node3_0_node4_0,0.19502436364938905
Train_W_1Layers_input_size_5_node1_55_node2_0_node3_0_node4_0,0.20123108668335662
Test_W_1Layers_input_size_5_node1_55_node2_0_node3_0_node4_0,0.2020586616081926
Train_W_2Layers_input_size_5_node1_55_node2_5_node3_0_node4_0,0.21989235451182884
Test_W_2Layers_input_size_5_node1_55_node2_5_node3_0_node4_0,0.23038447989220331
Train_W_2Layers_input_size_5_node1_55_node2_15_node3_0_node4_0,0.196417040881247
Test_W_2Layers_input_size_5_node1_55_node2_15_node3_0_node4_0,0.20320842020306568
Train_W_2Layers_input_size_5_node1_55_node2_25_node3_0_node4_0,0.1919859263271351
Test_W_2Layers_input_size_5_node1_55_node2_25_node3_0_node4_0,0.1977375447604358
Train_W_2Layers_input_size_5_node1_55_node2_35_node3_0_node4_0,0.19279770239459176
Test_W_2Layers_input_size_5_node1_55_node2_35_node3_0_node4_0,0.19423011313822963
Train_W_2Layers_input_size_5_node1_55_node2_45_node3_0_node4_0,0.1919666281031276
Test_W_2Layers_input_size_5_node1_55_node2_45_node3_0_node4_0,0.19733104942813476
Train_W_2Layers_input_size_5_node1_55_node2_55_node3_0_node4_0,0.1922775019046812
Test_W_2Layers_input_size_5_node1_55_node2_55_node3_0_node4_0,0.19885268893391375
Train_W_2Layers_input_size_5_node1_55_node2_65_node3_0_node4_0,0.22131420878117203
Test_W_2Layers_input_size_5_node1_55_node2_65_node3_0_node4_0,0.21807845099907813
Train_W_2Layers_input_size_5_node1_55_node2_75_node3_0_node4_0,0.19426805662125848
Test_W_2Layers_input_size_5_node1_55_node2_75_node3_0_node4_0,0.20112008289172995
Train_W_2Layers_input_size_5_node1_55_node2_85_node3_0_node4_0,0.1976783137012731
Test_W_2Layers_input_size_5_node1_55_node2_85_node3_0_node4_0,0.19810210291205108
Train_W_2Layers_input_size_5_node1_55_node2_95_node3_0_node4_0,0.21874492503137558
Test_W_2Layers_input_size_5_node1_55_node2_95_node3_0_node4_0,0.22888255208221298
Train_W_1Layers_input_size_5_node1_65_node2_0_node3_0_node4_0,0.1937058263844027
Test_W_1Layers_input_size_5_node1_65_node2_0_node3_0_node4_0,0.19767360234140952
Train_W_2Layers_input_size_5_node1_65_node2_5_node3_0_node4_0,0.1899474076840487
Test_W_2Layers_input_size_5_node1_65_node2_5_node3_0_node4_0,0.19422218213842787
Train_W_2Layers_input_size_5_node1_65_node2_15_node3_0_node4_0,0.2016988998769613
Test_W_2Layers_input_size_5_node1_65_node2_15_node3_0_node4_0,0.2027926752572745
Train_W_2Layers_input_size_5_node1_65_node2_25_node3_0_node4_0,0.20641535791578453
Test_W_2Layers_input_size_5_node1_65_node2_25_node3_0_node4_0,0.2150794643522518
Train_W_2Layers_input_size_5_node1_65_node2_35_node3_0_node4_0,0.1989678317360818
Test_W_2Layers_input_size_5_node1_65_node2_35_node3_0_node4_0,0.2067414540735254
Train_W_2Layers_input_size_5_node1_65_node2_45_node3_0_node4_0,0.1924549587150318
Test_W_2Layers_input_size_5_node1_65_node2_45_node3_0_node4_0,0.1971025642793837
Train_W_2Layers_input_size_5_node1_65_node2_55_node3_0_node4_0,0.19393837100972705
Test_W_2Layers_input_size_5_node1_65_node2_55_node3_0_node4_0,0.1966108843895457
Train_W_2Layers_input_size_5_node1_65_node2_65_node3_0_node4_0,0.2026009493591165
Test_W_2Layers_input_size_5_node1_65_node2_65_node3_0_node4_0,0.21169619633663664
Train_W_2Layers_input_size_5_node1_65_node2_75_node3_0_node4_0,0.1900217626681579
Test_W_2Layers_input_size_5_node1_65_node2_75_node3_0_node4_0,0.19287599967801308
Train_W_2Layers_input_size_5_node1_65_node2_85_node3_0_node4_0,0.190410172856395
Test_W_2Layers_input_size_5_node1_65_node2_85_node3_0_node4_0,0.19644435983223169
Train_W_2Layers_input_size_5_node1_65_node2_95_node3_0_node4_0,0.19456968195961818
Test_W_2Layers_input_size_5_node1_65_node2_95_node3_0_node4_0,0.19647563778389918
Train_W_1Layers_input_size_5_node1_75_node2_0_node3_0_node4_0,0.1889801709171521
Test_W_1Layers_input_size_5_node1_75_node2_0_node3_0_node4_0,0.19449618456292653
Train_W_2Layers_input_size_5_node1_75_node2_5_node3_0_node4_0,0.21791874096529298
Test_W_2Layers_input_size_5_node1_75_node2_5_node3_0_node4_0,0.218409281437389
Train_W_2Layers_input_size_5_node1_75_node2_15_node3_0_node4_0,0.2047348510048419
Test_W_2Layers_input_size_5_node1_75_node2_15_node3_0_node4_0,0.20659738639928313
Train_W_2Layers_input_size_5_node1_75_node2_25_node3_0_node4_0,0.19539368849361896
Test_W_2Layers_input_size_5_node1_75_node2_25_node3_0_node4_0,0.19821609362921652
Train_W_2Layers_input_size_5_node1_75_node2_35_node3_0_node4_0,0.19829483460649633
Test_W_2Layers_input_size_5_node1_75_node2_35_node3_0_node4_0,0.19989705081076614
Train_W_2Layers_input_size_5_node1_75_node2_45_node3_0_node4_0,0.190454579218136
Test_W_2Layers_input_size_5_node1_75_node2_45_node3_0_node4_0,0.19402129614277927
Train_W_2Layers_input_size_5_node1_75_node2_55_node3_0_node4_0,0.19164896193050776
Test_W_2Layers_input_size_5_node1_75_node2_55_node3_0_node4_0,0.19820052211737935
Train_W_2Layers_input_size_5_node1_75_node2_65_node3_0_node4_0,0.19849478315337177
Test_W_2Layers_input_size_5_node1_75_node2_65_node3_0_node4_0,0.19844303386210957
Train_W_2Layers_input_size_5_node1_75_node2_75_node3_0_node4_0,0.1909975924883147
Test_W_2Layers_input_size_5_node1_75_node2_75_node3_0_node4_0,0.1962787094042889
Train_W_2Layers_input_size_5_node1_75_node2_85_node3_0_node4_0,0.18901056530034632
Test_W_2Layers_input_size_5_node1_75_node2_85_node3_0_node4_0,0.1954704885458836
Train_W_2Layers_input_size_5_node1_75_node2_95_node3_0_node4_0,0.19374020959359897
Test_W_2Layers_input_size_5_node1_75_node2_95_node3_0_node4_0,0.20130682557620147
Train_W_1Layers_input_size_5_node1_85_node2_0_node3_0_node4_0,0.20012777166097268
Test_W_1Layers_input_size_5_node1_85_node2_0_node3_0_node4_0,0.20880546219939264
Train_W_2Layers_input_size_5_node1_85_node2_5_node3_0_node4_0,0.19162347689643522
Test_W_2Layers_input_size_5_node1_85_node2_5_node3_0_node4_0,0.19492971102572326
Train_W_2Layers_input_size_5_node1_85_node2_15_node3_0_node4_0,0.19475590552703567
Test_W_2Layers_input_size_5_node1_85_node2_15_node3_0_node4_0,0.2012018348087846
Train_W_2Layers_input_size_5_node1_85_node2_25_node3_0_node4_0,0.1897174623163238
Test_W_2Layers_input_size_5_node1_85_node2_25_node3_0_node4_0,0.1943591885100058
Train_W_2Layers_input_size_5_node1_85_node2_35_node3_0_node4_0,0.24346825902382818
Test_W_2Layers_input_size_5_node1_85_node2_35_node3_0_node4_0,0.23746947857845005
Train_W_2Layers_input_size_5_node1_85_node2_45_node3_0_node4_0,0.19088692180947409
Test_W_2Layers_input_size_5_node1_85_node2_45_node3_0_node4_0,0.19683718658795862
Train_W_2Layers_input_size_5_node1_85_node2_55_node3_0_node4_0,0.19145665186357075
Test_W_2Layers_input_size_5_node1_85_node2_55_node3_0_node4_0,0.19736761346032738
Train_W_2Layers_input_size_5_node1_85_node2_65_node3_0_node4_0,0.20053397585582755
Test_W_2Layers_input_size_5_node1_85_node2_65_node3_0_node4_0,0.2090903218606479
Train_W_2Layers_input_size_5_node1_85_node2_75_node3_0_node4_0,0.18993631664998306
Test_W_2Layers_input_size_5_node1_85_node2_75_node3_0_node4_0,0.1928453452390946
Train_W_2Layers_input_size_5_node1_85_node2_85_node3_0_node4_0,0.19174993566054419
Test_W_2Layers_input_size_5_node1_85_node2_85_node3_0_node4_0,0.19847680288359199
Train_W_2Layers_input_size_5_node1_85_node2_95_node3_0_node4_0,0.1881042023977455
Test_W_2Layers_input_size_5_node1_85_node2_95_node3_0_node4_0,0.19249328113881403
Train_W_1Layers_input_size_5_node1_95_node2_0_node3_0_node4_0,0.2031060173261299
Test_W_1Layers_input_size_5_node1_95_node2_0_node3_0_node4_0,0.20462180641341068
Train_W_2Layers_input_size_5_node1_95_node2_5_node3_0_node4_0,0.20202908701376796
Test_W_2Layers_input_size_5_node1_95_node2_5_node3_0_node4_0,0.20917642984427015
Train_W_2Layers_input_size_5_node1_95_node2_15_node3_0_node4_0,0.2005289786199617
Test_W_2Layers_input_size_5_node1_95_node2_15_node3_0_node4_0,0.20275158671265037
Train_W_2Layers_input_size_5_node1_95_node2_25_node3_0_node4_0,0.19260314484843213
Test_W_2Layers_input_size_5_node1_95_node2_25_node3_0_node4_0,0.19728430102481795
Train_W_2Layers_input_size_5_node1_95_node2_35_node3_0_node4_0,0.19166177120556563
Test_W_2Layers_input_size_5_node1_95_node2_35_node3_0_node4_0,0.19437576729233588
Train_W_2Layers_input_size_5_node1_95_node2_45_node3_0_node4_0,0.19007991065563584
Test_W_2Layers_input_size_5_node1_95_node2_45_node3_0_node4_0,0.19227808314033762
Train_W_2Layers_input_size_5_node1_95_node2_55_node3_0_node4_0,0.18814015384485502
Test_W_2Layers_input_size_5_node1_95_node2_55_node3_0_node4_0,0.19219526841195034
Train_W_2Layers_input_size_5_node1_95_node2_65_node3_0_node4_0,0.19153854119166536
Test_W_2Layers_input_size_5_node1_95_node2_65_node3_0_node4_0,0.19756770845997704
Train_W_2Layers_input_size_5_node1_95_node2_75_node3_0_node4_0,0.19087212834199707
Test_W_2Layers_input_size_5_node1_95_node2_75_node3_0_node4_0,0.19763449371982383
Train_W_2Layers_input_size_5_node1_95_node2_85_node3_0_node4_0,0.19506695571413493
Test_W_2Layers_input_size_5_node1_95_node2_85_node3_0_node4_0,0.20345306496618926
Train_W_2Layers_input_size_5_node1_95_node2_95_node3_0_node4_0,0.20673575996659838
Test_W_2Layers_input_size_5_node1_95_node2_95_node3_0_node4_0,0.20414955086068892
Train_W_1Layers_input_size_10_node1_5_node2_0_node3_0_node4_0,0.22018846070445203
Test_W_1Layers_input_size_10_node1_5_node2_0_node3_0_node4_0,0.23207109892602265
Train_W_2Layers_input_size_10_node1_5_node2_5_node3_0_node4_0,0.19772280224740965
Test_W_2Layers_input_size_10_node1_5_node2_5_node3_0_node4_0,0.203544888799524
Train_W_2Layers_input_size_10_node1_5_node2_15_node3_0_node4_0,0.21972139988238434
Test_W_2Layers_input_size_10_node1_5_node2_15_node3_0_node4_0,0.23206846632300973
Train_W_2Layers_input_size_10_node1_5_node2_25_node3_0_node4_0,0.1975659454380756
Test_W_2Layers_input_size_10_node1_5_node2_25_node3_0_node4_0,0.2057086787504552
Train_W_2Layers_input_size_10_node1_5_node2_35_node3_0_node4_0,0.20709116986303533
Test_W_2Layers_input_size_10_node1_5_node2_35_node3_0_node4_0,0.2155130365183484
Train_W_2Layers_input_size_10_node1_5_node2_45_node3_0_node4_0,0.19464203196440652
Test_W_2Layers_input_size_10_node1_5_node2_45_node3_0_node4_0,0.20161356168301023
Train_W_2Layers_input_size_10_node1_5_node2_55_node3_0_node4_0,0.20654211201952286
Test_W_2Layers_input_size_10_node1_5_node2_55_node3_0_node4_0,0.2043245001472325
Train_W_2Layers_input_size_10_node1_5_node2_65_node3_0_node4_0,0.19989911940098257
Test_W_2Layers_input_size_10_node1_5_node2_65_node3_0_node4_0,0.20229309545268406
Train_W_2Layers_input_size_10_node1_5_node2_75_node3_0_node4_0,0.19943650817086514
Test_W_2Layers_input_size_10_node1_5_node2_75_node3_0_node4_0,0.2075232561562525
Train_W_2Layers_input_size_10_node1_5_node2_85_node3_0_node4_0,0.22192810020909126
Test_W_2Layers_input_size_10_node1_5_node2_85_node3_0_node4_0,0.23429917857483618
Train_W_2Layers_input_size_10_node1_5_node2_95_node3_0_node4_0,0.19658179778205057
Test_W_2Layers_input_size_10_node1_5_node2_95_node3_0_node4_0,0.20366092737330913
Train_W_1Layers_input_size_10_node1_15_node2_0_node3_0_node4_0,0.20326357479499826
Test_W_1Layers_input_size_10_node1_15_node2_0_node3_0_node4_0,0.21388474483796607
Train_W_2Layers_input_size_10_node1_15_node2_5_node3_0_node4_0,0.19080920426239825
Test_W_2Layers_input_size_10_node1_15_node2_5_node3_0_node4_0,0.19841638437699904
Train_W_2Layers_input_size_10_node1_15_node2_15_node3_0_node4_0,0.19515490849860787
Test_W_2Layers_input_size_10_node1_15_node2_15_node3_0_node4_0,0.19995557805797007
Train_W_2Layers_input_size_10_node1_15_node2_25_node3_0_node4_0,0.1931913879167447
Test_W_2Layers_input_size_10_node1_15_node2_25_node3_0_node4_0,0.199087969544418
Train_W_2Layers_input_size_10_node1_15_node2_35_node3_0_node4_0,0.20068312039284675
Test_W_2Layers_input_size_10_node1_15_node2_35_node3_0_node4_0,0.20974494114630235
Train_W_2Layers_input_size_10_node1_15_node2_45_node3_0_node4_0,0.1925973905788408
Test_W_2Layers_input_size_10_node1_15_node2_45_node3_0_node4_0,0.1978091127548561
Train_W_2Layers_input_size_10_node1_15_node2_55_node3_0_node4_0,0.19104069231305545
Test_W_2Layers_input_size_10_node1_15_node2_55_node3_0_node4_0,0.194926939919513
Train_W_2Layers_input_size_10_node1_15_node2_65_node3_0_node4_0,0.22336380616923235
Test_W_2Layers_input_size_10_node1_15_node2_65_node3_0_node4_0,0.23467615171239084
Train_W_2Layers_input_size_10_node1_15_node2_75_node3_0_node4_0,0.19084414837903235
Test_W_2Layers_input_size_10_node1_15_node2_75_node3_0_node4_0,0.19698702145621289
Train_W_2Layers_input_size_10_node1_15_node2_85_node3_0_node4_0,0.18851068415136846
Test_W_2Layers_input_size_10_node1_15_node2_85_node3_0_node4_0,0.19033299461030911
Train_W_2Layers_input_size_10_node1_15_node2_95_node3_0_node4_0,0.2067877038724206
Test_W_2Layers_input_size_10_node1_15_node2_95_node3_0_node4_0,0.20558301446291014
Train_W_1Layers_input_size_10_node1_25_node2_0_node3_0_node4_0,0.2009989356219165
Test_W_1Layers_input_size_10_node1_25_node2_0_node3_0_node4_0,0.2088798190096886
Train_W_2Layers_input_size_10_node1_25_node2_5_node3_0_node4_0,0.19926769926800791
Test_W_2Layers_input_size_10_node1_25_node2_5_node3_0_node4_0,0.20195090737222812
Train_W_2Layers_input_size_10_node1_25_node2_15_node3_0_node4_0,0.19079151502419808
Test_W_2Layers_input_size_10_node1_25_node2_15_node3_0_node4_0,0.19507238887592498
Train_W_2Layers_input_size_10_node1_25_node2_25_node3_0_node4_0,0.19994517260297529
Test_W_2Layers_input_size_10_node1_25_node2_25_node3_0_node4_0,0.204452295429207
Train_W_2Layers_input_size_10_node1_25_node2_35_node3_0_node4_0,0.19396252435717362
Test_W_2Layers_input_size_10_node1_25_node2_35_node3_0_node4_0,0.2001862314537175
Train_W_2Layers_input_size_10_node1_25_node2_45_node3_0_node4_0,0.19044088673060572
Test_W_2Layers_input_size_10_node1_25_node2_45_node3_0_node4_0,0.19324083258757438
Train_W_2Layers_input_size_10_node1_25_node2_55_node3_0_node4_0,0.191003882548431
Test_W_2Layers_input_size_10_node1_25_node2_55_node3_0_node4_0,0.19773191164879503
Train_W_2Layers_input_size_10_node1_25_node2_65_node3_0_node4_0,0.18892435630750773
Test_W_2Layers_input_size_10_node1_25_node2_65_node3_0_node4_0,0.19540159100887286
Train_W_2Layers_input_size_10_node1_25_node2_75_node3_0_node4_0,0.19639294281082775
Test_W_2Layers_input_size_10_node1_25_node2_75_node3_0_node4_0,0.19778881000445878
Train_W_2Layers_input_size_10_node1_25_node2_85_node3_0_node4_0,0.19399878234456566
Test_W_2Layers_input_size_10_node1_25_node2_85_node3_0_node4_0,0.19736883088642368
Train_W_2Layers_input_size_10_node1_25_node2_95_node3_0_node4_0,0.18868176254679983
Test_W_2Layers_input_size_10_node1_25_node2_95_node3_0_node4_0,0.19375713935126945
Train_W_1Layers_input_size_10_node1_35_node2_0_node3_0_node4_0,0.18868575074723457
Test_W_1Layers_input_size_10_node1_35_node2_0_node3_0_node4_0,0.19364562184050532
Train_W_2Layers_input_size_10_node1_35_node2_5_node3_0_node4_0,0.22090446942877665
Test_W_2Layers_input_size_10_node1_35_node2_5_node3_0_node4_0,0.22772558695880518
Train_W_2Layers_input_size_10_node1_35_node2_15_node3_0_node4_0,0.1929559255500685
Test_W_2Layers_input_size_10_node1_35_node2_15_node3_0_node4_0,0.19861612615574467
Train_W_2Layers_input_size_10_node1_35_node2_25_node3_0_node4_0,0.19277546117275018
Test_W_2Layers_input_size_10_node1_35_node2_25_node3_0_node4_0,0.19546900201075323
Train_W_2Layers_input_size_10_node1_35_node2_35_node3_0_node4_0,0.20677931769778146
Test_W_2Layers_input_size_10_node1_35_node2_35_node3_0_node4_0,0.2063826712251792
Train_W_2Layers_input_size_10_node1_35_node2_45_node3_0_node4_0,0.19273786168216975
Test_W_2Layers_input_size_10_node1_35_node2_45_node3_0_node4_0,0.19995621149701065
Train_W_2Layers_input_size_10_node1_35_node2_55_node3_0_node4_0,0.20148054534183496
Test_W_2Layers_input_size_10_node1_35_node2_55_node3_0_node4_0,0.2027704464054861
Train_W_2Layers_input_size_10_node1_35_node2_65_node3_0_node4_0,0.18914865824150146
Test_W_2Layers_input_size_10_node1_35_node2_65_node3_0_node4_0,0.1950202471968757
Train_W_2Layers_input_size_10_node1_35_node2_75_node3_0_node4_0,0.2092116893291978
Test_W_2Layers_input_size_10_node1_35_node2_75_node3_0_node4_0,0.20952355715620466
Train_W_2Layers_input_size_10_node1_35_node2_85_node3_0_node4_0,0.1931905394672624
Test_W_2Layers_input_size_10_node1_35_node2_85_node3_0_node4_0,0.19571719204719437
Train_W_2Layers_input_size_10_node1_35_node2_95_node3_0_node4_0,0.20487641905490409
Test_W_2Layers_input_size_10_node1_35_node2_95_node3_0_node4_0,0.21460853184887457
Train_W_1Layers_input_size_10_node1_45_node2_0_node3_0_node4_0,0.19744313628630927
Test_W_1Layers_input_size_10_node1_45_node2_0_node3_0_node4_0,0.1985022431734497
Train_W_2Layers_input_size_10_node1_45_node2_5_node3_0_node4_0,0.21107564040914487
Test_W_2Layers_input_size_10_node1_45_node2_5_node3_0_node4_0,0.21610507044512323
Train_W_2Layers_input_size_10_node1_45_node2_15_node3_0_node4_0,0.19865278183023607
Test_W_2Layers_input_size_10_node1_45_node2_15_node3_0_node4_0,0.20356725268544557
Train_W_2Layers_input_size_10_node1_45_node2_25_node3_0_node4_0,0.1990425227993744
Test_W_2Layers_input_size_10_node1_45_node2_25_node3_0_node4_0,0.20805467606006192
Train_W_2Layers_input_size_10_node1_45_node2_35_node3_0_node4_0,0.1908692397739234
Test_W_2Layers_input_size_10_node1_45_node2_35_node3_0_node4_0,0.19517179189021652
Train_W_2Layers_input_size_10_node1_45_node2_45_node3_0_node4_0,0.19212956873500409
Test_W_2Layers_input_size_10_node1_45_node2_45_node3_0_node4_0,0.1992764389434795
Train_W_2Layers_input_size_10_node1_45_node2_55_node3_0_node4_0,0.1976462176947041
Test_W_2Layers_input_size_10_node1_45_node2_55_node3_0_node4_0,0.2065205482957604
Train_W_2Layers_input_size_10_node1_45_node2_65_node3_0_node4_0,0.19533147719695343
Test_W_2Layers_input_size_10_node1_45_node2_65_node3_0_node4_0,0.19679891501198846
Train_W_2Layers_input_size_10_node1_45_node2_75_node3_0_node4_0,0.1963030776908496
Test_W_2Layers_input_size_10_node1_45_node2_75_node3_0_node4_0,0.19758074679130366
Train_W_2Layers_input_size_10_node1_45_node2_85_node3_0_node4_0,0.19309859559806833
Test_W_2Layers_input_size_10_node1_45_node2_85_node3_0_node4_0,0.2000076996543062
Train_W_2Layers_input_size_10_node1_45_node2_95_node3_0_node4_0,0.18891259390225965
Test_W_2Layers_input_size_10_node1_45_node2_95_node3_0_node4_0,0.19470381302555484
Train_W_1Layers_input_size_10_node1_55_node2_0_node3_0_node4_0,0.19719242399630177
Test_W_1Layers_input_size_10_node1_55_node2_0_node3_0_node4_0,0.20383159907908852
Train_W_2Layers_input_size_10_node1_55_node2_5_node3_0_node4_0,0.21992914821326512
Test_W_2Layers_input_size_10_node1_55_node2_5_node3_0_node4_0,0.23064835872053785
Train_W_2Layers_input_size_10_node1_55_node2_15_node3_0_node4_0,0.21267772668415874
Test_W_2Layers_input_size_10_node1_55_node2_15_node3_0_node4_0,0.2145127521022153
Train_W_2Layers_input_size_10_node1_55_node2_25_node3_0_node4_0,0.1883996994542602
Test_W_2Layers_input_size_10_node1_55_node2_25_node3_0_node4_0,0.19275483116015354
Train_W_2Layers_input_size_10_node1_55_node2_35_node3_0_node4_0,0.20029140120273703
Test_W_2Layers_input_size_10_node1_55_node2_35_node3_0_node4_0,0.19975034994744023
Train_W_2Layers_input_size_10_node1_55_node2_45_node3_0_node4_0,0.2062065866325317
Test_W_2Layers_input_size_10_node1_55_node2_45_node3_0_node4_0,0.2158496802186265
Train_W_2Layers_input_size_10_node1_55_node2_55_node3_0_node4_0,0.20300014032866415
Test_W_2Layers_input_size_10_node1_55_node2_55_node3_0_node4_0,0.21248426940138884
Train_W_2Layers_input_size_10_node1_55_node2_65_node3_0_node4_0,0.19687558317854958
Test_W_2Layers_input_size_10_node1_55_node2_65_node3_0_node4_0,0.19758089762741243
Train_W_2Layers_input_size_10_node1_55_node2_75_node3_0_node4_0,0.19807399699474632
Test_W_2Layers_input_size_10_node1_55_node2_75_node3_0_node4_0,0.1998859434197569
Train_W_2Layers_input_size_10_node1_55_node2_85_node3_0_node4_0,0.19201087821875037
Test_W_2Layers_input_size_10_node1_55_node2_85_node3_0_node4_0,0.1992269869578804
Train_W_2Layers_input_size_10_node1_55_node2_95_node3_0_node4_0,0.19139624588960902
Test_W_2Layers_input_size_10_node1_55_node2_95_node3_0_node4_0,0.19762920639428183
Train_W_1Layers_input_size_10_node1_65_node2_0_node3_0_node4_0,0.20339637747978367
Test_W_1Layers_input_size_10_node1_65_node2_0_node3_0_node4_0,0.20919089051352013
Train_W_2Layers_input_size_10_node1_65_node2_5_node3_0_node4_0,0.2220659294132022
Test_W_2Layers_input_size_10_node1_65_node2_5_node3_0_node4_0,0.23231516720623838
Train_W_2Layers_input_size_10_node1_65_node2_15_node3_0_node4_0,0.18903799883448671
Test_W_2Layers_input_size_10_node1_65_node2_15_node3_0_node4_0,0.19571726818336893
Train_W_2Layers_input_size_10_node1_65_node2_25_node3_0_node4_0,0.19969481265270136
Test_W_2Layers_input_size_10_node1_65_node2_25_node3_0_node4_0,0.20826593242562186
Train_W_2Layers_input_size_10_node1_65_node2_35_node3_0_node4_0,0.21671670857728362
Test_W_2Layers_input_size_10_node1_65_node2_35_node3_0_node4_0,0.22917704757384527
Train_W_2Layers_input_size_10_node1_65_node2_45_node3_0_node4_0,0.1947021101709406
Test_W_2Layers_input_size_10_node1_65_node2_45_node3_0_node4_0,0.1964345554115332
Train_W_2Layers_input_size_10_node1_65_node2_55_node3_0_node4_0,0.19415629532815185
Test_W_2Layers_input_size_10_node1_65_node2_55_node3_0_node4_0,0.19631359079939023
Train_W_2Layers_input_size_10_node1_65_node2_65_node3_0_node4_0,0.19272701821514368
Test_W_2Layers_input_size_10_node1_65_node2_65_node3_0_node4_0,0.1993788001466647
Train_W_2Layers_input_size_10_node1_65_node2_75_node3_0_node4_0,0.19019661358231404
Test_W_2Layers_input_size_10_node1_65_node2_75_node3_0_node4_0,0.1944511589573148
Train_W_2Layers_input_size_10_node1_65_node2_85_node3_0_node4_0,0.19544127034050748
Test_W_2Layers_input_size_10_node1_65_node2_85_node3_0_node4_0,0.20394730099897937
Train_W_2Layers_input_size_10_node1_65_node2_95_node3_0_node4_0,0.19129050901028463
Test_W_2Layers_input_size_10_node1_65_node2_95_node3_0_node4_0,0.19921171886527675
Train_W_1Layers_input_size_10_node1_75_node2_0_node3_0_node4_0,0.1975511712618859
Test_W_1Layers_input_size_10_node1_75_node2_0_node3_0_node4_0,0.20448722177504405
Train_W_2Layers_input_size_10_node1_75_node2_5_node3_0_node4_0,0.20711723377480082
Test_W_2Layers_input_size_10_node1_75_node2_5_node3_0_node4_0,0.2131886539741135
Train_W_2Layers_input_size_10_node1_75_node2_15_node3_0_node4_0,0.20117940240498847
Test_W_2Layers_input_size_10_node1_75_node2_15_node3_0_node4_0,0.21163674416826442
Train_W_2Layers_input_size_10_node1_75_node2_25_node3_0_node4_0,0.1930154187993366
Test_W_2Layers_input_size_10_node1_75_node2_25_node3_0_node4_0,0.19870823541314733
Train_W_2Layers_input_size_10_node1_75_node2_35_node3_0_node4_0,0.19044870134943914
Test_W_2Layers_input_size_10_node1_75_node2_35_node3_0_node4_0,0.19483111185294058
Train_W_2Layers_input_size_10_node1_75_node2_45_node3_0_node4_0,0.20649401217547067
Test_W_2Layers_input_size_10_node1_75_node2_45_node3_0_node4_0,0.20581477331706768
Train_W_2Layers_input_size_10_node1_75_node2_55_node3_0_node4_0,0.20143753399199157
Test_W_2Layers_input_size_10_node1_75_node2_55_node3_0_node4_0,0.20109797481435238
Train_W_2Layers_input_size_10_node1_75_node2_65_node3_0_node4_0,0.1913665613560148
Test_W_2Layers_input_size_10_node1_75_node2_65_node3_0_node4_0,0.19777325194122392
Train_W_2Layers_input_size_10_node1_75_node2_75_node3_0_node4_0,0.20107477122263812
Test_W_2Layers_input_size_10_node1_75_node2_75_node3_0_node4_0,0.20184445214994717
Train_W_2Layers_input_size_10_node1_75_node2_85_node3_0_node4_0,0.19238311264092128
Test_W_2Layers_input_size_10_node1_75_node2_85_node3_0_node4_0,0.1947146611991215
Train_W_2Layers_input_size_10_node1_75_node2_95_node3_0_node4_0,0.18987606464285905
Test_W_2Layers_input_size_10_node1_75_node2_95_node3_0_node4_0,0.19417394662956639
Train_W_1Layers_input_size_10_node1_85_node2_0_node3_0_node4_0,0.2187001903909649
Test_W_1Layers_input_size_10_node1_85_node2_0_node3_0_node4_0,0.21910939325548695
Train_W_2Layers_input_size_10_node1_85_node2_5_node3_0_node4_0,0.19504505920665077
Test_W_2Layers_input_size_10_node1_85_node2_5_node3_0_node4_0,0.1983591683541807
Train_W_2Layers_input_size_10_node1_85_node2_15_node3_0_node4_0,0.19389013214196246
Test_W_2Layers_input_size_10_node1_85_node2_15_node3_0_node4_0,0.195127972217921
Train_W_2Layers_input_size_10_node1_85_node2_25_node3_0_node4_0,0.2283001723596705
Test_W_2Layers_input_size_10_node1_85_node2_25_node3_0_node4_0,0.23991354010813692
Train_W_2Layers_input_size_10_node1_85_node2_35_node3_0_node4_0,0.19566026244887658
Test_W_2Layers_input_size_10_node1_85_node2_35_node3_0_node4_0,0.20080730588293952
Train_W_2Layers_input_size_10_node1_85_node2_45_node3_0_node4_0,0.20651664295567626
Test_W_2Layers_input_size_10_node1_85_node2_45_node3_0_node4_0,0.2156494983632767
Train_W_2Layers_input_size_10_node1_85_node2_55_node3_0_node4_0,0.1951725649217947
Test_W_2Layers_input_size_10_node1_85_node2_55_node3_0_node4_0,0.20256368400983335
Train_W_2Layers_input_size_10_node1_85_node2_65_node3_0_node4_0,0.19056118068820146
Test_W_2Layers_input_size_10_node1_85_node2_65_node3_0_node4_0,0.1937859002047369
Train_W_2Layers_input_size_10_node1_85_node2_75_node3_0_node4_0,0.1892971202708634
Test_W_2Layers_input_size_10_node1_85_node2_75_node3_0_node4_0,0.19398276667517744
Train_W_2Layers_input_size_10_node1_85_node2_85_node3_0_node4_0,0.19360702723124115
Test_W_2Layers_input_size_10_node1_85_node2_85_node3_0_node4_0,0.19594526786555777
Train_W_2Layers_input_size_10_node1_85_node2_95_node3_0_node4_0,0.1965545074099382
Test_W_2Layers_input_size_10_node1_85_node2_95_node3_0_node4_0,0.1958967910499642
Train_W_1Layers_input_size_10_node1_95_node2_0_node3_0_node4_0,0.21789826036098442
Test_W_1Layers_input_size_10_node1_95_node2_0_node3_0_node4_0,0.21632423947069557
Train_W_2Layers_input_size_10_node1_95_node2_5_node3_0_node4_0,0.21996124450467064
Test_W_2Layers_input_size_10_node1_95_node2_5_node3_0_node4_0,0.22925677298126385
Train_W_2Layers_input_size_10_node1_95_node2_15_node3_0_node4_0,0.19406741966854757
Test_W_2Layers_input_size_10_node1_95_node2_15_node3_0_node4_0,0.20115614338816137
Train_W_2Layers_input_size_10_node1_95_node2_25_node3_0_node4_0,0.19051053213994507
Test_W_2Layers_input_size_10_node1_95_node2_25_node3_0_node4_0,0.19551011578616007
Train_W_2Layers_input_size_10_node1_95_node2_35_node3_0_node4_0,0.19130896996173408
Test_W_2Layers_input_size_10_node1_95_node2_35_node3_0_node4_0,0.19646972199665705
Train_W_2Layers_input_size_10_node1_95_node2_45_node3_0_node4_0,0.20355399386958137
Test_W_2Layers_input_size_10_node1_95_node2_45_node3_0_node4_0,0.20300019538216985
Train_W_2Layers_input_size_10_node1_95_node2_55_node3_0_node4_0,0.22338426929575597
Test_W_2Layers_input_size_10_node1_95_node2_55_node3_0_node4_0,0.2201351012934639
Train_W_2Layers_input_size_10_node1_95_node2_65_node3_0_node4_0,0.20145768168112904
Test_W_2Layers_input_size_10_node1_95_node2_65_node3_0_node4_0,0.21035144774027378
Train_W_2Layers_input_size_10_node1_95_node2_75_node3_0_node4_0,0.19557867033241572
Test_W_2Layers_input_size_10_node1_95_node2_75_node3_0_node4_0,0.2040249804051879
Train_W_2Layers_input_size_10_node1_95_node2_85_node3_0_node4_0,0.19700611153794967
Test_W_2Layers_input_size_10_node1_95_node2_85_node3_0_node4_0,0.20459166459978056
Train_W_2Layers_input_size_10_node1_95_node2_95_node3_0_node4_0,0.18788906302962713
Test_W_2Layers_input_size_10_node1_95_node2_95_node3_0_node4_0,0.19327216638176137
Train_W_1Layers_input_size_15_node1_5_node2_0_node3_0_node4_0,0.21999460613346739
Test_W_1Layers_input_size_15_node1_5_node2_0_node3_0_node4_0,0.23104663102847872
Train_W_2Layers_input_size_15_node1_5_node2_5_node3_0_node4_0,0.20496943181944186
Test_W_2Layers_input_size_15_node1_5_node2_5_node3_0_node4_0,0.2105106874695403
Train_W_2Layers_input_size_15_node1_5_node2_15_node3_0_node4_0,0.2031705970204701
Test_W_2Layers_input_size_15_node1_5_node2_15_node3_0_node4_0,0.2050873073157073
Train_W_2Layers_input_size_15_node1_5_node2_25_node3_0_node4_0,0.20193300423654612
Test_W_2Layers_input_size_15_node1_5_node2_25_node3_0_node4_0,0.20762583085708605
Train_W_2Layers_input_size_15_node1_5_node2_35_node3_0_node4_0,0.19851256475150297
Test_W_2Layers_input_size_15_node1_5_node2_35_node3_0_node4_0,0.20118168927298527
Train_W_2Layers_input_size_15_node1_5_node2_45_node3_0_node4_0,0.19580132348801263
Test_W_2Layers_input_size_15_node1_5_node2_45_node3_0_node4_0,0.20353495969104857
Train_W_2Layers_input_size_15_node1_5_node2_55_node3_0_node4_0,0.19595101887853442
Test_W_2Layers_input_size_15_node1_5_node2_55_node3_0_node4_0,0.20352409660001564
Train_W_2Layers_input_size_15_node1_5_node2_65_node3_0_node4_0,0.22131882927760588
Test_W_2Layers_input_size_15_node1_5_node2_65_node3_0_node4_0,0.23421737615781713
Train_W_2Layers_input_size_15_node1_5_node2_75_node3_0_node4_0,0.2724437639846968
Test_W_2Layers_input_size_15_node1_5_node2_75_node3_0_node4_0,0.2660426754858914
Train_W_2Layers_input_size_15_node1_5_node2_85_node3_0_node4_0,0.22005334078788755
Test_W_2Layers_input_size_15_node1_5_node2_85_node3_0_node4_0,0.22892218882561546
Train_W_2Layers_input_size_15_node1_5_node2_95_node3_0_node4_0,0.20353584738221353
Test_W_2Layers_input_size_15_node1_5_node2_95_node3_0_node4_0,0.20422457223369467
Train_W_1Layers_input_size_15_node1_15_node2_0_node3_0_node4_0,0.19252741650933633
Test_W_1Layers_input_size_15_node1_15_node2_0_node3_0_node4_0,0.19942396477484026
Train_W_2Layers_input_size_15_node1_15_node2_5_node3_0_node4_0,0.19391368634998277
Test_W_2Layers_input_size_15_node1_15_node2_5_node3_0_node4_0,0.1999970920172521
Train_W_2Layers_input_size_15_node1_15_node2_15_node3_0_node4_0,0.20101436448545235
Test_W_2Layers_input_size_15_node1_15_node2_15_node3_0_node4_0,0.2114185305578894
Train_W_2Layers_input_size_15_node1_15_node2_25_node3_0_node4_0,0.19683799093045581
Test_W_2Layers_input_size_15_node1_15_node2_25_node3_0_node4_0,0.20308119961861204
Train_W_2Layers_input_size_15_node1_15_node2_35_node3_0_node4_0,0.198440565250782
Test_W_2Layers_input_size_15_node1_15_node2_35_node3_0_node4_0,0.20344905496704993
Train_W_2Layers_input_size_15_node1_15_node2_45_node3_0_node4_0,0.1899432498479576
Test_W_2Layers_input_size_15_node1_15_node2_45_node3_0_node4_0,0.1952943888850195
Train_W_2Layers_input_size_15_node1_15_node2_55_node3_0_node4_0,0.19186881672032222
Test_W_2Layers_input_size_15_node1_15_node2_55_node3_0_node4_0,0.198376248510791
Train_W_2Layers_input_size_15_node1_15_node2_65_node3_0_node4_0,0.22059089203828786
Test_W_2Layers_input_size_15_node1_15_node2_65_node3_0_node4_0,0.21877746750180385
Train_W_2Layers_input_size_15_node1_15_node2_75_node3_0_node4_0,0.19825122605939233
Test_W_2Layers_input_size_15_node1_15_node2_75_node3_0_node4_0,0.20773607512284428
Train_W_2Layers_input_size_15_node1_15_node2_85_node3_0_node4_0,0.2686360322693581
Test_W_2Layers_input_size_15_node1_15_node2_85_node3_0_node4_0,0.26374310131903983
Train_W_2Layers_input_size_15_node1_15_node2_95_node3_0_node4_0,0.20632484768536352
Test_W_2Layers_input_size_15_node1_15_node2_95_node3_0_node4_0,0.206455762412818
Train_W_1Layers_input_size_15_node1_25_node2_0_node3_0_node4_0,0.20711343861280357
Test_W_1Layers_input_size_15_node1_25_node2_0_node3_0_node4_0,0.21722295492298133
Train_W_2Layers_input_size_15_node1_25_node2_5_node3_0_node4_0,0.19111497280832238
Test_W_2Layers_input_size_15_node1_25_node2_5_node3_0_node4_0,0.19661896534430215
Train_W_2Layers_input_size_15_node1_25_node2_15_node3_0_node4_0,0.20771374758210115
Test_W_2Layers_input_size_15_node1_25_node2_15_node3_0_node4_0,0.21618045774681535
Train_W_2Layers_input_size_15_node1_25_node2_25_node3_0_node4_0,0.19548302835386808
Test_W_2Layers_input_size_15_node1_25_node2_25_node3_0_node4_0,0.20157530987864894
Train_W_2Layers_input_size_15_node1_25_node2_35_node3_0_node4_0,0.19642754789030012
Test_W_2Layers_input_size_15_node1_25_node2_35_node3_0_node4_0,0.20361845892674008
Train_W_2Layers_input_size_15_node1_25_node2_45_node3_0_node4_0,0.19558449878929157
Test_W_2Layers_input_size_15_node1_25_node2_45_node3_0_node4_0,0.199350724730503
Train_W_2Layers_input_size_15_node1_25_node2_55_node3_0_node4_0,0.20335994484433598
Test_W_2Layers_input_size_15_node1_25_node2_55_node3_0_node4_0,0.21254693733073643
Train_W_2Layers_input_size_15_node1_25_node2_65_node3_0_node4_0,0.19281317891599556
Test_W_2Layers_input_size_15_node1_25_node2_65_node3_0_node4_0,0.19800855465251516
Train_W_2Layers_input_size_15_node1_25_node2_75_node3_0_node4_0,0.19323621545943706
Test_W_2Layers_input_size_15_node1_25_node2_75_node3_0_node4_0,0.1999324841086287
Train_W_2Layers_input_size_15_node1_25_node2_85_node3_0_node4_0,0.2093424358950215
Test_W_2Layers_input_size_15_node1_25_node2_85_node3_0_node4_0,0.20892162807074272
Train_W_2Layers_input_size_15_node1_25_node2_95_node3_0_node4_0,0.19970361757975053
Test_W_2Layers_input_size_15_node1_25_node2_95_node3_0_node4_0,0.2024359386274349
Train_W_1Layers_input_size_15_node1_35_node2_0_node3_0_node4_0,0.1989164021546446
Test_W_1Layers_input_size_15_node1_35_node2_0_node3_0_node4_0,0.2013355811222021
Train_W_2Layers_input_size_15_node1_35_node2_5_node3_0_node4_0,0.20141983490993012
Test_W_2Layers_input_size_15_node1_35_node2_5_node3_0_node4_0,0.21194465697625609
Train_W_2Layers_input_size_15_node1_35_node2_15_node3_0_node4_0,0.1948857795763199
Test_W_2Layers_input_size_15_node1_35_node2_15_node3_0_node4_0,0.20267210502043856
Train_W_2Layers_input_size_15_node1_35_node2_25_node3_0_node4_0,0.19579018352490982
Test_W_2Layers_input_size_15_node1_35_node2_25_node3_0_node4_0,0.2011572360295641
Train_W_2Layers_input_size_15_node1_35_node2_35_node3_0_node4_0,0.20377267686464762
Test_W_2Layers_input_size_15_node1_35_node2_35_node3_0_node4_0,0.2037774300248663
Train_W_2Layers_input_size_15_node1_35_node2_45_node3_0_node4_0,0.19364463109803806
Test_W_2Layers_input_size_15_node1_35_node2_45_node3_0_node4_0,0.19927037262119676
Train_W_2Layers_input_size_15_node1_35_node2_55_node3_0_node4_0,0.19342314506660455
Test_W_2Layers_input_size_15_node1_35_node2_55_node3_0_node4_0,0.20028264071630025
Train_W_2Layers_input_size_15_node1_35_node2_65_node3_0_node4_0,0.22597236068894325
Test_W_2Layers_input_size_15_node1_35_node2_65_node3_0_node4_0,0.22555211461808866
Train_W_2Layers_input_size_15_node1_35_node2_75_node3_0_node4_0,0.21483621584079612
Test_W_2Layers_input_size_15_node1_35_node2_75_node3_0_node4_0,0.21433408278574761
Train_W_2Layers_input_size_15_node1_35_node2_85_node3_0_node4_0,0.2083355913437229
Test_W_2Layers_input_size_15_node1_35_node2_85_node3_0_node4_0,0.21878621959558983
Train_W_2Layers_input_size_15_node1_35_node2_95_node3_0_node4_0,0.1901825499390296
Test_W_2Layers_input_size_15_node1_35_node2_95_node3_0_node4_0,0.19341809893425266
Train_W_1Layers_input_size_15_node1_45_node2_0_node3_0_node4_0,0.19804653604090952
Test_W_1Layers_input_size_15_node1_45_node2_0_node3_0_node4_0,0.20593694966116785
Train_W_2Layers_input_size_15_node1_45_node2_5_node3_0_node4_0,0.22040877504469517
Test_W_2Layers_input_size_15_node1_45_node2_5_node3_0_node4_0,0.23278454926419184
Train_W_2Layers_input_size_15_node1_45_node2_15_node3_0_node4_0,0.20199161472656155
Test_W_2Layers_input_size_15_node1_45_node2_15_node3_0_node4_0,0.20414794504360922
Train_W_2Layers_input_size_15_node1_45_node2_25_node3_0_node4_0,0.2310933039714437
Test_W_2Layers_input_size_15_node1_45_node2_25_node3_0_node4_0,0.24195146595204725
Train_W_2Layers_input_size_15_node1_45_node2_35_node3_0_node4_0,0.19636813037373527
Test_W_2Layers_input_size_15_node1_45_node2_35_node3_0_node4_0,0.1997792362921369
Train_W_2Layers_input_size_15_node1_45_node2_45_node3_0_node4_0,0.18896972295095227
Test_W_2Layers_input_size_15_node1_45_node2_45_node3_0_node4_0,0.19494531448493282
Train_W_2Layers_input_size_15_node1_45_node2_55_node3_0_node4_0,0.19645918879991875
Test_W_2Layers_input_size_15_node1_45_node2_55_node3_0_node4_0,0.20494791165795778
Train_W_2Layers_input_size_15_node1_45_node2_65_node3_0_node4_0,0.19379317625477988
Test_W_2Layers_input_size_15_node1_45_node2_65_node3_0_node4_0,0.20185700200517748
Train_W_2Layers_input_size_15_node1_45_node2_75_node3_0_node4_0,0.19705384282987226
Test_W_2Layers_input_size_15_node1_45_node2_75_node3_0_node4_0,0.20630259312912852
Train_W_2Layers_input_size_15_node1_45_node2_85_node3_0_node4_0,0.19615424921298583
Test_W_2Layers_input_size_15_node1_45_node2_85_node3_0_node4_0,0.20504797759308682
Train_W_2Layers_input_size_15_node1_45_node2_95_node3_0_node4_0,0.19131660308351092
Test_W_2Layers_input_size_15_node1_45_node2_95_node3_0_node4_0,0.19765192863957395
Train_W_1Layers_input_size_15_node1_55_node2_0_node3_0_node4_0,0.2170100238243933
Test_W_1Layers_input_size_15_node1_55_node2_0_node3_0_node4_0,0.22767929536506684
Train_W_2Layers_input_size_15_node1_55_node2_5_node3_0_node4_0,0.2040947178327199
Test_W_2Layers_input_size_15_node1_55_node2_5_node3_0_node4_0,0.21252839305467974
Train_W_2Layers_input_size_15_node1_55_node2_15_node3_0_node4_0,0.1903636817980361
Test_W_2Layers_input_size_15_node1_55_node2_15_node3_0_node4_0,0.19404303939963957
Train_W_2Layers_input_size_15_node1_55_node2_25_node3_0_node4_0,0.24630164644430197
Test_W_2Layers_input_size_15_node1_55_node2_25_node3_0_node4_0,0.2425209871899555
Train_W_2Layers_input_size_15_node1_55_node2_35_node3_0_node4_0,0.19535174929116572
Test_W_2Layers_input_size_15_node1_55_node2_35_node3_0_node4_0,0.20375004298847424
Train_W_2Layers_input_size_15_node1_55_node2_45_node3_0_node4_0,0.20376143337127609
Test_W_2Layers_input_size_15_node1_55_node2_45_node3_0_node4_0,0.20835678842753447
Train_W_2Layers_input_size_15_node1_55_node2_55_node3_0_node4_0,0.22102533299580993
Test_W_2Layers_input_size_15_node1_55_node2_55_node3_0_node4_0,0.21929472980326586
Train_W_2Layers_input_size_15_node1_55_node2_65_node3_0_node4_0,0.2216771919681387
Test_W_2Layers_input_size_15_node1_55_node2_65_node3_0_node4_0,0.22055327974722622
Train_W_2Layers_input_size_15_node1_55_node2_75_node3_0_node4_0,0.19273970752354638
Test_W_2Layers_input_size_15_node1_55_node2_75_node3_0_node4_0,0.1979382068222719
Train_W_2Layers_input_size_15_node1_55_node2_85_node3_0_node4_0,0.2079272405181923
Test_W_2Layers_input_size_15_node1_55_node2_85_node3_0_node4_0,0.21826809355367782
Train_W_2Layers_input_size_15_node1_55_node2_95_node3_0_node4_0,0.19496106000440505
Test_W_2Layers_input_size_15_node1_55_node2_95_node3_0_node4_0,0.19688399385163166
Train_W_1Layers_input_size_15_node1_65_node2_0_node3_0_node4_0,0.1963722090859718
Test_W_1Layers_input_size_15_node1_65_node2_0_node3_0_node4_0,0.2047295196005205
Train_W_2Layers_input_size_15_node1_65_node2_5_node3_0_node4_0,0.22712251904024333
Test_W_2Layers_input_size_15_node1_65_node2_5_node3_0_node4_0,0.23980308989523802
Train_W_2Layers_input_size_15_node1_65_node2_15_node3_0_node4_0,0.19576911955667847
Test_W_2Layers_input_size_15_node1_65_node2_15_node3_0_node4_0,0.20459157355767643
Train_W_2Layers_input_size_15_node1_65_node2_25_node3_0_node4_0,0.2090355641071992
Test_W_2Layers_input_size_15_node1_65_node2_25_node3_0_node4_0,0.21870722522777072
Train_W_2Layers_input_size_15_node1_65_node2_35_node3_0_node4_0,0.20348356766926146
Test_W_2Layers_input_size_15_node1_65_node2_35_node3_0_node4_0,0.20484478709455195
Train_W_2Layers_input_size_15_node1_65_node2_45_node3_0_node4_0,0.24340791233546605
Test_W_2Layers_input_size_15_node1_65_node2_45_node3_0_node4_0,0.24036066101003958
Train_W_2Layers_input_size_15_node1_65_node2_55_node3_0_node4_0,0.21368455273887743
Test_W_2Layers_input_size_15_node1_65_node2_55_node3_0_node4_0,0.22467033554113217
Train_W_2Layers_input_size_15_node1_65_node2_65_node3_0_node4_0,0.2120372045266975
Test_W_2Layers_input_size_15_node1_65_node2_65_node3_0_node4_0,0.2110949652641774
Train_W_2Layers_input_size_15_node1_65_node2_75_node3_0_node4_0,0.19762041272142203
Test_W_2Layers_input_size_15_node1_65_node2_75_node3_0_node4_0,0.2067645262149433
Train_W_2Layers_input_size_15_node1_65_node2_85_node3_0_node4_0,0.2132492020391939
Test_W_2Layers_input_size_15_node1_65_node2_85_node3_0_node4_0,0.22411166900564958
Train_W_2Layers_input_size_15_node1_65_node2_95_node3_0_node4_0,0.20144282307102798
Test_W_2Layers_input_size_15_node1_65_node2_95_node3_0_node4_0,0.21120786118211599
Train_W_1Layers_input_size_15_node1_75_node2_0_node3_0_node4_0,0.21105000356743328
Test_W_1Layers_input_size_15_node1_75_node2_0_node3_0_node4_0,0.21085408998800884
Train_W_2Layers_input_size_15_node1_75_node2_5_node3_0_node4_0,0.2209042670630021
Test_W_2Layers_input_size_15_node1_75_node2_5_node3_0_node4_0,0.22770876961346637
Train_W_2Layers_input_size_15_node1_75_node2_15_node3_0_node4_0,0.19927113910046051
Test_W_2Layers_input_size_15_node1_75_node2_15_node3_0_node4_0,0.20698291286258189
Train_W_2Layers_input_size_15_node1_75_node2_25_node3_0_node4_0,0.19215388159068555
Test_W_2Layers_input_size_15_node1_75_node2_25_node3_0_node4_0,0.19979149634109042
Train_W_2Layers_input_size_15_node1_75_node2_35_node3_0_node4_0,0.1947975714106468
Test_W_2Layers_input_size_15_node1_75_node2_35_node3_0_node4_0,0.203298934413596
Train_W_2Layers_input_size_15_node1_75_node2_45_node3_0_node4_0,0.21088999637188716
Test_W_2Layers_input_size_15_node1_75_node2_45_node3_0_node4_0,0.22161668562797812
Train_W_2Layers_input_size_15_node1_75_node2_55_node3_0_node4_0,0.1947614812582294
Test_W_2Layers_input_size_15_node1_75_node2_55_node3_0_node4_0,0.20297172155106485
Train_W_2Layers_input_size_15_node1_75_node2_65_node3_0_node4_0,0.19480325112770402
Test_W_2Layers_input_size_15_node1_75_node2_65_node3_0_node4_0,0.19951738152517573
Train_W_2Layers_input_size_15_node1_75_node2_75_node3_0_node4_0,0.19112601493630835
Test_W_2Layers_input_size_15_node1_75_node2_75_node3_0_node4_0,0.1984010726804778
Train_W_2Layers_input_size_15_node1_75_node2_85_node3_0_node4_0,0.2606800448198311
Test_W_2Layers_input_size_15_node1_75_node2_85_node3_0_node4_0,0.25678445568407254
Train_W_2Layers_input_size_15_node1_75_node2_95_node3_0_node4_0,0.19663814799249477
Test_W_2Layers_input_size_15_node1_75_node2_95_node3_0_node4_0,0.19818407531782029
Train_W_1Layers_input_size_15_node1_85_node2_0_node3_0_node4_0,0.20291800222081358
Test_W_1Layers_input_size_15_node1_85_node2_0_node3_0_node4_0,0.20528428750441105
Train_W_2Layers_input_size_15_node1_85_node2_5_node3_0_node4_0,0.20435749781032464
Test_W_2Layers_input_size_15_node1_85_node2_5_node3_0_node4_0,0.2157332646121779
Train_W_2Layers_input_size_15_node1_85_node2_15_node3_0_node4_0,0.18969246405338788
Test_W_2Layers_input_size_15_node1_85_node2_15_node3_0_node4_0,0.1956249122649901
Train_W_2Layers_input_size_15_node1_85_node2_25_node3_0_node4_0,0.2048522249995749
Test_W_2Layers_input_size_15_node1_85_node2_25_node3_0_node4_0,0.2072327550885005
Train_W_2Layers_input_size_15_node1_85_node2_35_node3_0_node4_0,0.19222025127007578
Test_W_2Layers_input_size_15_node1_85_node2_35_node3_0_node4_0,0.19869349930145574
Train_W_2Layers_input_size_15_node1_85_node2_45_node3_0_node4_0,0.20071102799432147
Test_W_2Layers_input_size_15_node1_85_node2_45_node3_0_node4_0,0.20992729449756442
Train_W_2Layers_input_size_15_node1_85_node2_55_node3_0_node4_0,0.1952377557786179
Test_W_2Layers_input_size_15_node1_85_node2_55_node3_0_node4_0,0.19730320185447703
Train_W_2Layers_input_size_15_node1_85_node2_65_node3_0_node4_0,0.19658002591803983
Test_W_2Layers_input_size_15_node1_85_node2_65_node3_0_node4_0,0.1984395139697143
Train_W_2Layers_input_size_15_node1_85_node2_75_node3_0_node4_0,0.19083682821403805
Test_W_2Layers_input_size_15_node1_85_node2_75_node3_0_node4_0,0.1956906472680694
Train_W_2Layers_input_size_15_node1_85_node2_85_node3_0_node4_0,0.19498858294626148
Test_W_2Layers_input_size_15_node1_85_node2_85_node3_0_node4_0,0.19686625438520364
Train_W_2Layers_input_size_15_node1_85_node2_95_node3_0_node4_0,0.19014229239752217
Test_W_2Layers_input_size_15_node1_85_node2_95_node3_0_node4_0,0.19376971313726415
Train_W_1Layers_input_size_15_node1_95_node2_0_node3_0_node4_0,0.19453222818396798
Test_W_1Layers_input_size_15_node1_95_node2_0_node3_0_node4_0,0.20304367381409236
Train_W_2Layers_input_size_15_node1_95_node2_5_node3_0_node4_0,0.21030089778554326
Test_W_2Layers_input_size_15_node1_95_node2_5_node3_0_node4_0,0.22152406212468576
Train_W_2Layers_input_size_15_node1_95_node2_15_node3_0_node4_0,0.19418376926758663
Test_W_2Layers_input_size_15_node1_95_node2_15_node3_0_node4_0,0.1961740849749111
Train_W_2Layers_input_size_15_node1_95_node2_25_node3_0_node4_0,0.19641061122486
Test_W_2Layers_input_size_15_node1_95_node2_25_node3_0_node4_0,0.19922459350692384
Train_W_2Layers_input_size_15_node1_95_node2_35_node3_0_node4_0,0.19345072312832418
Test_W_2Layers_input_size_15_node1_95_node2_35_node3_0_node4_0,0.20149789706379923
Train_W_2Layers_input_size_15_node1_95_node2_45_node3_0_node4_0,0.19791851963045828
Test_W_2Layers_input_size_15_node1_95_node2_45_node3_0_node4_0,0.20004785270723133
Train_W_2Layers_input_size_15_node1_95_node2_55_node3_0_node4_0,0.19005213748376698
Test_W_2Layers_input_size_15_node1_95_node2_55_node3_0_node4_0,0.19678554091879855
Train_W_2Layers_input_size_15_node1_95_node2_65_node3_0_node4_0,0.18930913428119664
Test_W_2Layers_input_size_15_node1_95_node2_65_node3_0_node4_0,0.19458573547333188
Train_W_2Layers_input_size_15_node1_95_node2_75_node3_0_node4_0,0.1968442646891346
Test_W_2Layers_input_size_15_node1_95_node2_75_node3_0_node4_0,0.2059158291217542
Train_W_2Layers_input_size_15_node1_95_node2_85_node3_0_node4_0,0.22218238029268664
Test_W_2Layers_input_size_15_node1_95_node2_85_node3_0_node4_0,0.23360222734104275
Train_W_2Layers_input_size_15_node1_95_node2_95_node3_0_node4_0,0.1893618255539767
Test_W_2Layers_input_size_15_node1_95_node2_95_node3_0_node4_0,0.19504222288957657
Train_W_1Layers_input_size_20_node1_5_node2_0_node3_0_node4_0,0.2199367026959315
Test_W_1Layers_input_size_20_node1_5_node2_0_node3_0_node4_0,0.2298868073640567
Train_W_2Layers_input_size_20_node1_5_node2_5_node3_0_node4_0,0.20034874409645392
Test_W_2Layers_input_size_20_node1_5_node2_5_node3_0_node4_0,0.20874781009244942
Train_W_2Layers_input_size_20_node1_5_node2_15_node3_0_node4_0,0.21676101044251442
Test_W_2Layers_input_size_20_node1_5_node2_15_node3_0_node4_0,0.23102096092194682
Train_W_2Layers_input_size_20_node1_5_node2_25_node3_0_node4_0,0.19609626867188992
Test_W_2Layers_input_size_20_node1_5_node2_25_node3_0_node4_0,0.20557804935491913
Train_W_2Layers_input_size_20_node1_5_node2_35_node3_0_node4_0,0.253183406990734
Test_W_2Layers_input_size_20_node1_5_node2_35_node3_0_node4_0,0.2638934864234859
Train_W_2Layers_input_size_20_node1_5_node2_45_node3_0_node4_0,0.2354282792288025
Test_W_2Layers_input_size_20_node1_5_node2_45_node3_0_node4_0,0.23234885535310182
Train_W_2Layers_input_size_20_node1_5_node2_55_node3_0_node4_0,0.20204035315837612
Test_W_2Layers_input_size_20_node1_5_node2_55_node3_0_node4_0,0.21134813393797167
Train_W_2Layers_input_size_20_node1_5_node2_65_node3_0_node4_0,0.19725585195674605
Test_W_2Layers_input_size_20_node1_5_node2_65_node3_0_node4_0,0.20161376493408265
Train_W_2Layers_input_size_20_node1_5_node2_75_node3_0_node4_0,0.22591410955069835
Test_W_2Layers_input_size_20_node1_5_node2_75_node3_0_node4_0,0.23596635825150303
Train_W_2Layers_input_size_20_node1_5_node2_85_node3_0_node4_0,0.19629220343207138
Test_W_2Layers_input_size_20_node1_5_node2_85_node3_0_node4_0,0.20576609610023422
Train_W_2Layers_input_size_20_node1_5_node2_95_node3_0_node4_0,0.19607146619043975
Test_W_2Layers_input_size_20_node1_5_node2_95_node3_0_node4_0,0.20565522148641438
Train_W_1Layers_input_size_20_node1_15_node2_0_node3_0_node4_0,0.19777168853305896
Test_W_1Layers_input_size_20_node1_15_node2_0_node3_0_node4_0,0.20585870688400573
Train_W_2Layers_input_size_20_node1_15_node2_5_node3_0_node4_0,0.2000345282253967
Test_W_2Layers_input_size_20_node1_15_node2_5_node3_0_node4_0,0.2067721833265869
Train_W_2Layers_input_size_20_node1_15_node2_15_node3_0_node4_0,0.20048667360786315
Test_W_2Layers_input_size_20_node1_15_node2_15_node3_0_node4_0,0.20566283838789925
Train_W_2Layers_input_size_20_node1_15_node2_25_node3_0_node4_0,0.20618308166598734
Test_W_2Layers_input_size_20_node1_15_node2_25_node3_0_node4_0,0.21561630238392435
Train_W_2Layers_input_size_20_node1_15_node2_35_node3_0_node4_0,0.20671808200881073
Test_W_2Layers_input_size_20_node1_15_node2_35_node3_0_node4_0,0.20862320859824487
Train_W_2Layers_input_size_20_node1_15_node2_45_node3_0_node4_0,0.25669228775522995
Test_W_2Layers_input_size_20_node1_15_node2_45_node3_0_node4_0,0.25660371616601996
Train_W_2Layers_input_size_20_node1_15_node2_55_node3_0_node4_0,0.254799825670783
Test_W_2Layers_input_size_20_node1_15_node2_55_node3_0_node4_0,0.2519328087001085
Train_W_2Layers_input_size_20_node1_15_node2_65_node3_0_node4_0,0.1917881367357394
Test_W_2Layers_input_size_20_node1_15_node2_65_node3_0_node4_0,0.19820933704016502
Train_W_2Layers_input_size_20_node1_15_node2_75_node3_0_node4_0,0.28062432949606264
Test_W_2Layers_input_size_20_node1_15_node2_75_node3_0_node4_0,0.27380628240213717
Train_W_2Layers_input_size_20_node1_15_node2_85_node3_0_node4_0,0.19518150705218418
Test_W_2Layers_input_size_20_node1_15_node2_85_node3_0_node4_0,0.20467154753743474
Train_W_2Layers_input_size_20_node1_15_node2_95_node3_0_node4_0,0.19355423096757896
Test_W_2Layers_input_size_20_node1_15_node2_95_node3_0_node4_0,0.1998012572261607
Train_W_1Layers_input_size_20_node1_25_node2_0_node3_0_node4_0,0.20083872977963096
Test_W_1Layers_input_size_20_node1_25_node2_0_node3_0_node4_0,0.2106410521890669
Train_W_2Layers_input_size_20_node1_25_node2_5_node3_0_node4_0,0.19650255047135465
Test_W_2Layers_input_size_20_node1_25_node2_5_node3_0_node4_0,0.205199705142605
Train_W_2Layers_input_size_20_node1_25_node2_15_node3_0_node4_0,0.22341819526400097
Test_W_2Layers_input_size_20_node1_25_node2_15_node3_0_node4_0,0.23341446187064058
Train_W_2Layers_input_size_20_node1_25_node2_25_node3_0_node4_0,0.2607219845377852
Test_W_2Layers_input_size_20_node1_25_node2_25_node3_0_node4_0,0.25707433971293153
Train_W_2Layers_input_size_20_node1_25_node2_35_node3_0_node4_0,0.2022541341099755
Test_W_2Layers_input_size_20_node1_25_node2_35_node3_0_node4_0,0.20496270701169997
Train_W_2Layers_input_size_20_node1_25_node2_45_node3_0_node4_0,0.199330793923995
Test_W_2Layers_input_size_20_node1_25_node2_45_node3_0_node4_0,0.2036027882751591
Train_W_2Layers_input_size_20_node1_25_node2_55_node3_0_node4_0,0.2391315282632447
Test_W_2Layers_input_size_20_node1_25_node2_55_node3_0_node4_0,0.2506421455026602
Train_W_2Layers_input_size_20_node1_25_node2_65_node3_0_node4_0,0.22366733367871866
Test_W_2Layers_input_size_20_node1_25_node2_65_node3_0_node4_0,0.23501618418358497
Train_W_2Layers_input_size_20_node1_25_node2_75_node3_0_node4_0,0.19380364290707028
Test_W_2Layers_input_size_20_node1_25_node2_75_node3_0_node4_0,0.2021182770274488
Train_W_2Layers_input_size_20_node1_25_node2_85_node3_0_node4_0,0.2372975603454061
Test_W_2Layers_input_size_20_node1_25_node2_85_node3_0_node4_0,0.2345020347280213
Train_W_2Layers_input_size_20_node1_25_node2_95_node3_0_node4_0,0.2271257830382198
Test_W_2Layers_input_size_20_node1_25_node2_95_node3_0_node4_0,0.23880136507786706
Train_W_1Layers_input_size_20_node1_35_node2_0_node3_0_node4_0,0.19864755911461668
Test_W_1Layers_input_size_20_node1_35_node2_0_node3_0_node4_0,0.20764494752514767
Train_W_2Layers_input_size_20_node1_35_node2_5_node3_0_node4_0,0.27008962152678634
Test_W_2Layers_input_size_20_node1_35_node2_5_node3_0_node4_0,0.2848070305547524
Train_W_2Layers_input_size_20_node1_35_node2_15_node3_0_node4_0,0.20345132547855205
Test_W_2Layers_input_size_20_node1_35_node2_15_node3_0_node4_0,0.20630581635145262
Train_W_2Layers_input_size_20_node1_35_node2_25_node3_0_node4_0,0.19355738740918363
Test_W_2Layers_input_size_20_node1_35_node2_25_node3_0_node4_0,0.19864272071334788
Train_W_2Layers_input_size_20_node1_35_node2_35_node3_0_node4_0,0.20065742749039636
Test_W_2Layers_input_size_20_node1_35_node2_35_node3_0_node4_0,0.20715755532498398
Train_W_2Layers_input_size_20_node1_35_node2_45_node3_0_node4_0,0.2000303472651413
Test_W_2Layers_input_size_20_node1_35_node2_45_node3_0_node4_0,0.2095877413510498
Train_W_2Layers_input_size_20_node1_35_node2_55_node3_0_node4_0,0.1897728964369284
Test_W_2Layers_input_size_20_node1_35_node2_55_node3_0_node4_0,0.19587179213832365
Train_W_2Layers_input_size_20_node1_35_node2_65_node3_0_node4_0,0.19050279827766037
Test_W_2Layers_input_size_20_node1_35_node2_65_node3_0_node4_0,0.19596590418780288
Train_W_2Layers_input_size_20_node1_35_node2_75_node3_0_node4_0,0.20718972420685272
Test_W_2Layers_input_size_20_node1_35_node2_75_node3_0_node4_0,0.20772820247275514
Train_W_2Layers_input_size_20_node1_35_node2_85_node3_0_node4_0,0.2056620595024797
Test_W_2Layers_input_size_20_node1_35_node2_85_node3_0_node4_0,0.2073100839433256
Train_W_2Layers_input_size_20_node1_35_node2_95_node3_0_node4_0,0.2372142242559739
Test_W_2Layers_input_size_20_node1_35_node2_95_node3_0_node4_0,0.24988993069407922
Train_W_1Layers_input_size_20_node1_45_node2_0_node3_0_node4_0,0.19294716988487515
Test_W_1Layers_input_size_20_node1_45_node2_0_node3_0_node4_0,0.1996239953556232
Train_W_2Layers_input_size_20_node1_45_node2_5_node3_0_node4_0,0.22276195727310524
Test_W_2Layers_input_size_20_node1_45_node2_5_node3_0_node4_0,0.2316241237558959
Train_W_2Layers_input_size_20_node1_45_node2_15_node3_0_node4_0,0.20532517765624572
Test_W_2Layers_input_size_20_node1_45_node2_15_node3_0_node4_0,0.20677787643051249
Train_W_2Layers_input_size_20_node1_45_node2_25_node3_0_node4_0,0.24209377567226617
Test_W_2Layers_input_size_20_node1_45_node2_25_node3_0_node4_0,0.23778327123149134
Train_W_2Layers_input_size_20_node1_45_node2_35_node3_0_node4_0,0.25583571404696537
Test_W_2Layers_input_size_20_node1_45_node2_35_node3_0_node4_0,0.2674523078659491
Train_W_2Layers_input_size_20_node1_45_node2_45_node3_0_node4_0,0.1886768758991658
Test_W_2Layers_input_size_20_node1_45_node2_45_node3_0_node4_0,0.19517923577079296
Train_W_2Layers_input_size_20_node1_45_node2_55_node3_0_node4_0,0.19560822986286178
Test_W_2Layers_input_size_20_node1_45_node2_55_node3_0_node4_0,0.20382806258165917
Train_W_2Layers_input_size_20_node1_45_node2_65_node3_0_node4_0,0.1943770034570263
Test_W_2Layers_input_size_20_node1_45_node2_65_node3_0_node4_0,0.19813483013772673
Train_W_2Layers_input_size_20_node1_45_node2_75_node3_0_node4_0,0.20072074416332703
Test_W_2Layers_input_size_20_node1_45_node2_75_node3_0_node4_0,0.21043891615995827
Train_W_2Layers_input_size_20_node1_45_node2_85_node3_0_node4_0,0.346697116467423
Test_W_2Layers_input_size_20_node1_45_node2_85_node3_0_node4_0,0.3600295781196983
Train_W_2Layers_input_size_20_node1_45_node2_95_node3_0_node4_0,0.1935737750575916
Test_W_2Layers_input_size_20_node1_45_node2_95_node3_0_node4_0,0.2013858009563861
Train_W_1Layers_input_size_20_node1_55_node2_0_node3_0_node4_0,0.21707678243767914
Test_W_1Layers_input_size_20_node1_55_node2_0_node3_0_node4_0,0.2274231431244929
Train_W_2Layers_input_size_20_node1_55_node2_5_node3_0_node4_0,0.23829363962700634
Test_W_2Layers_input_size_20_node1_55_node2_5_node3_0_node4_0,0.24338786232457843
Train_W_2Layers_input_size_20_node1_55_node2_15_node3_0_node4_0,0.19059385412638344
Test_W_2Layers_input_size_20_node1_55_node2_15_node3_0_node4_0,0.1969684590926542
Train_W_2Layers_input_size_20_node1_55_node2_25_node3_0_node4_0,0.19680155564905763
Test_W_2Layers_input_size_20_node1_55_node2_25_node3_0_node4_0,0.20210970631953076
Train_W_2Layers_input_size_20_node1_55_node2_35_node3_0_node4_0,0.20104029898763004
Test_W_2Layers_input_size_20_node1_55_node2_35_node3_0_node4_0,0.2055371732607929
Train_W_2Layers_input_size_20_node1_55_node2_45_node3_0_node4_0,0.2067887757649661
Test_W_2Layers_input_size_20_node1_55_node2_45_node3_0_node4_0,0.2173356158354492
Train_W_2Layers_input_size_20_node1_55_node2_55_node3_0_node4_0,0.19668135656502844
Test_W_2Layers_input_size_20_node1_55_node2_55_node3_0_node4_0,0.2060829974790192
Train_W_2Layers_input_size_20_node1_55_node2_65_node3_0_node4_0,0.19726229183289254
Test_W_2Layers_input_size_20_node1_55_node2_65_node3_0_node4_0,0.20036847138968675
Train_W_2Layers_input_size_20_node1_55_node2_75_node3_0_node4_0,0.19627501783845844
Test_W_2Layers_input_size_20_node1_55_node2_75_node3_0_node4_0,0.1999150803705652
Train_W_2Layers_input_size_20_node1_55_node2_85_node3_0_node4_0,0.19202932811548204
Test_W_2Layers_input_size_20_node1_55_node2_85_node3_0_node4_0,0.19749536449992106
Train_W_2Layers_input_size_20_node1_55_node2_95_node3_0_node4_0,0.3194555356108965
Test_W_2Layers_input_size_20_node1_55_node2_95_node3_0_node4_0,0.31298011614404453
Train_W_1Layers_input_size_20_node1_65_node2_0_node3_0_node4_0,0.1899730783450423
Test_W_1Layers_input_size_20_node1_65_node2_0_node3_0_node4_0,0.1957108060201278
Train_W_2Layers_input_size_20_node1_65_node2_5_node3_0_node4_0,0.1984257717120926
Test_W_2Layers_input_size_20_node1_65_node2_5_node3_0_node4_0,0.19897048103402729
Train_W_2Layers_input_size_20_node1_65_node2_15_node3_0_node4_0,0.1933983079651345
Test_W_2Layers_input_size_20_node1_65_node2_15_node3_0_node4_0,0.19875191237771175
