Index,Index_2,Date_Time,Wind_Speed,Wind_Speed_2D,H_direction,V_direction,U_axis,V_axis,W_axis
10,2023-09-25 17:23:00.250000,2023-09-25 17:23:11.235295,6.43,6.333,223.8,9.4,4.297,4.613,0.99
11,2023-09-25 17:23:00.275000,2023-09-25 17:23:11.260340,6.675,6.591,222.3,8.6,4.357,4.905,0.947
12,2023-09-25 17:23:00.300000,2023-09-25 17:23:11.285299,6.869,6.792,220.5,8.0,4.36,5.183,0.913
13,2023-09-25 17:23:00.325000,2023-09-25 17:23:11.310284,6.903,6.854,220.0,6.4,4.374,5.263,0.77
14,2023-09-25 17:23:00.350000,2023-09-25 17:23:11.335295,6.856,6.82,220.0,5.5,4.351,5.237,0.661
15,2023-09-25 17:23:00.375000,2023-09-25 17:23:11.360287,6.604,6.571,220.7,5.3,4.251,4.996,0.623
16,2023-09-25 17:23:00.400000,2023-09-25 17:23:11.385287,6.558,6.53,220.9,4.8,4.241,4.95,0.561
17,2023-09-25 17:23:00.425000,2023-09-25 17:23:11.410282,6.373,6.349,221.0,4.6,4.134,4.802,0.519
18,2023-09-25 17:23:00.450000,2023-09-25 17:23:11.435266,6.149,6.127,221.5,4.5,4.039,4.593,0.486
19,2023-09-25 17:23:00.475000,2023-09-25 17:23:11.460276,6.004,5.982,221.8,4.6,3.961,4.467,0.484
20,2023-09-25 17:23:00.500000,2023-09-25 17:23:11.485275,5.94,5.913,222.1,4.9,3.936,4.397,0.505
21,2023-09-25 17:23:00.525000,2023-09-25 17:23:11.512240,5.665,5.627,223.9,5.7,3.868,4.069,0.537
22,2023-09-25 17:23:00.550000,2023-09-25 17:23:11.535584,5.413,5.367,225.7,6.4,3.817,3.757,0.567
23,2023-09-25 17:23:00.575000,2023-09-25 17:23:11.561474,5.369,5.32,225.9,6.9,3.795,3.71,0.606
24,2023-09-25 17:23:00.600000,2023-09-25 17:23:11.585308,5.323,5.269,225.4,7.5,3.721,3.708,0.662
25,2023-09-25 17:23:00.625000,2023-09-25 17:23:11.610284,5.212,5.159,225.5,7.4,3.651,3.622,0.644
26,2023-09-25 17:23:00.650000,2023-09-25 17:23:11.635274,5.045,4.993,225.0,7.2,3.509,3.525,0.623
27,2023-09-25 17:23:00.675000,2023-09-25 17:23:11.660265,4.941,4.89,224.8,6.8,3.426,3.461,0.583
28,2023-09-25 17:23:00.700000,2023-09-25 17:23:11.685276,4.809,4.76,224.3,6.4,3.31,3.388,0.542
29,2023-09-25 17:23:00.725000,2023-09-25 17:23:11.710275,4.877,4.828,223.0,6.4,3.258,3.518,0.553
30,2023-09-25 17:23:00.750000,2023-09-25 17:23:11.735260,4.806,4.767,221.5,5.3,3.114,3.549,0.452
31,2023-09-25 17:23:00.775000,2023-09-25 17:23:11.760288,4.804,4.781,218.7,3.8,2.951,3.697,0.333
32,2023-09-25 17:23:00.800000,2023-09-25 17:23:11.788434,4.801,4.79,215.5,2.5,2.747,3.866,0.228
33,2023-09-25 17:23:00.825000,2023-09-25 17:23:11.810248,4.784,4.777,212.5,1.7,2.523,4.003,0.156
34,2023-09-25 17:23:00.850000,2023-09-25 17:23:11.835253,4.818,4.811,210.7,1.7,2.387,4.119,0.159
35,2023-09-25 17:23:00.875000,2023-09-25 17:23:11.860236,4.872,4.865,207.6,1.4,2.201,4.283,0.138
36,2023-09-25 17:23:00.900000,2023-09-25 17:23:11.885250,4.945,4.938,205.2,1.3,2.065,4.429,0.131
37,2023-09-25 17:23:00.925000,2023-09-25 17:23:11.910237,5.034,5.027,202.5,1.3,1.888,4.604,0.131
38,2023-09-25 17:23:00.950000,2023-09-25 17:23:11.935230,5.11,5.103,199.6,1.3,1.705,4.76,0.131
39,2023-09-25 17:23:00.975000,2023-09-25 17:23:11.960220,4.982,4.977,198.2,0.8,1.54,4.703,0.078
40,2023-09-25 17:23:01,2023-09-25 17:23:11.985256,4.988,4.983,196.8,0.8,1.435,4.752,0.078
41,2023-09-25 17:23:01.025000,2023-09-25 17:23:12.010226,4.946,4.941,195.0,0.8,1.29,4.751,0.078
42,2023-09-25 17:23:01.050000,2023-09-25 17:23:12.035245,4.988,4.978,194.9,1.6,1.301,4.785,0.155
43,2023-09-25 17:23:01.075000,2023-09-25 17:23:12.060234,4.883,4.873,193.5,1.6,1.167,4.707,0.155
44,2023-09-25 17:23:01.100000,2023-09-25 17:23:12.085233,4.644,4.639,192.3,0.8,1.011,4.508,0.077
45,2023-09-25 17:23:01.125000,2023-09-25 17:23:12.110243,4.405,4.4,192.3,0.8,0.954,4.277,0.077
46,2023-09-25 17:23:01.150000,2023-09-25 17:23:12.135229,4.299,4.294,191.1,0.8,0.841,4.187,0.077
47,2023-09-25 17:23:01.175000,2023-09-25 17:23:12.160304,4.235,4.23,190.3,0.8,0.76,4.132,0.077
48,2023-09-25 17:23:01.200000,2023-09-25 17:23:12.185230,4.158,4.153,190.0,0.8,0.725,4.059,0.077
49,2023-09-25 17:23:01.225000,2023-09-25 17:23:12.210285,4.094,4.089,188.4,0.8,0.599,4.019,0.077
50,2023-09-25 17:23:01.250000,2023-09-25 17:23:12.235218,4.013,4.008,187.7,0.8,0.531,3.95,0.077
51,2023-09-25 17:23:01.275000,2023-09-25 17:23:12.260212,4.036,4.031,188.1,0.8,0.565,3.967,0.077
52,2023-09-25 17:23:01.300000,2023-09-25 17:23:12.285236,4.059,4.052,186.2,0.9,0.398,4.024,0.085
53,2023-09-25 17:23:01.325000,2023-09-25 17:23:12.310213,4.058,4.051,185.4,0.9,0.342,4.025,0.085
54,2023-09-25 17:23:01.350000,2023-09-25 17:23:12.335215,4.193,4.186,184.6,0.9,0.301,4.164,0.085
55,2023-09-25 17:23:01.375000,2023-09-25 17:23:12.360220,4.446,4.439,183.4,0.9,0.261,4.423,0.085
56,2023-09-25 17:23:01.400000,2023-09-25 17:23:12.385219,4.529,4.522,183.2,0.9,0.25,4.506,0.085
57,2023-09-25 17:23:01.425000,2023-09-25 17:23:12.410237,4.495,4.488,183.0,0.9,0.232,4.473,0.085
58,2023-09-25 17:23:01.450000,2023-09-25 17:23:12.435204,4.534,4.527,182.5,0.9,0.199,4.513,0.085
59,2023-09-25 17:23:01.475000,2023-09-25 17:23:12.460211,4.579,4.572,182.1,0.9,0.169,4.559,0.085
60,2023-09-25 17:23:01.500000,2023-09-25 17:23:12.485229,4.745,4.738,181.1,0.9,0.092,4.728,0.085
61,2023-09-25 17:23:01.525000,2023-09-25 17:23:12.510206,4.754,4.747,179.9,0.9,-0.003,4.745,0.085
62,2023-09-25 17:23:01.550000,2023-09-25 17:23:12.535231,4.713,4.713,179.3,0.0,-0.054,4.711,0.0
63,2023-09-25 17:23:01.575000,2023-09-25 17:23:12.560209,4.848,4.838,179.4,1.1,-0.058,4.835,0.102
64,2023-09-25 17:23:01.600000,2023-09-25 17:23:12.585230,4.874,4.864,178.2,1.1,-0.163,4.853,0.102
65,2023-09-25 17:23:01.625000,2023-09-25 17:23:12.610198,4.891,4.881,176.1,1.1,-0.346,4.844,0.102
66,2023-09-25 17:23:01.650000,2023-09-25 17:23:12.635188,4.803,4.793,176.0,1.1,-0.355,4.756,0.102
67,2023-09-25 17:23:01.675000,2023-09-25 17:23:12.660301,4.735,4.725,176.1,1.1,-0.348,4.688,0.102
68,2023-09-25 17:23:01.700000,2023-09-25 17:23:12.685221,4.744,4.734,176.4,1.1,-0.327,4.696,0.102
69,2023-09-25 17:23:01.725000,2023-09-25 17:23:12.710179,4.714,4.704,176.6,1.1,-0.316,4.666,0.102
70,2023-09-25 17:23:01.750000,2023-09-25 17:23:12.735198,4.52,4.51,176.9,1.1,-0.287,4.473,0.102
71,2023-09-25 17:23:01.775000,2023-09-25 17:23:12.760195,4.635,4.625,175.4,1.3,-0.433,4.566,0.121
72,2023-09-25 17:23:01.800000,2023-09-25 17:23:12.785210,4.593,4.583,175.1,1.3,-0.455,4.521,0.121
73,2023-09-25 17:23:01.825000,2023-09-25 17:23:12.810197,4.422,4.422,175.0,0.2,-0.453,4.36,0.019
74,2023-09-25 17:23:01.850000,2023-09-25 17:23:12.835191,4.22,4.22,176.1,0.2,-0.358,4.166,0.019
75,2023-09-25 17:23:01.875000,2023-09-25 17:23:12.860226,4.078,4.071,177.8,1.4,-0.207,4.044,0.093
76,2023-09-25 17:23:01.900000,2023-09-25 17:23:12.885233,4.127,4.12,175.5,1.4,-0.38,4.055,0.093
77,2023-09-25 17:23:01.925000,2023-09-25 17:23:12.910177,4.05,4.043,172.9,1.4,-0.517,3.952,0.093
78,2023-09-25 17:23:01.950000,2023-09-25 17:23:12.935187,3.798,3.791,172.3,1.4,-0.548,3.701,0.093
79,2023-09-25 17:23:01.975000,2023-09-25 17:23:12.960194,3.646,3.639,172.0,1.4,-0.562,3.548,0.093
80,2023-09-25 17:23:02,2023-09-25 17:23:12.985175,3.599,3.592,172.1,1.4,-0.558,3.5,0.093
81,2023-09-25 17:23:02.025000,2023-09-25 17:23:13.010177,3.401,3.394,173.8,1.2,-0.396,3.324,0.074
82,2023-09-25 17:23:02.050000,2023-09-25 17:23:13.035170,3.26,3.253,174.5,1.2,-0.34,3.186,0.074
83,2023-09-25 17:23:02.075000,2023-09-25 17:23:13.060316,3.236,3.229,175.2,1.2,-0.295,3.162,0.074
84,2023-09-25 17:23:02.100000,2023-09-25 17:23:13.085219,3.376,3.361,175.5,2.3,-0.272,3.293,0.159
85,2023-09-25 17:23:02.125000,2023-09-25 17:23:13.110175,3.511,3.491,176.2,2.4,-0.218,3.421,0.197
86,2023-09-25 17:23:02.150000,2023-09-25 17:23:13.135188,3.509,3.489,180.8,2.4,0.124,3.426,0.197
87,2023-09-25 17:23:02.175000,2023-09-25 17:23:13.160322,3.658,3.638,185.4,2.4,0.417,3.568,0.197
88,2023-09-25 17:23:02.200000,2023-09-25 17:23:13.185218,3.915,3.895,188.2,2.4,0.627,3.78,0.197
89,2023-09-25 17:23:02.225000,2023-09-25 17:23:13.210163,4.067,4.047,190.3,2.4,0.766,3.912,0.197
90,2023-09-25 17:23:02.250000,2023-09-25 17:23:13.235182,4.217,4.197,192.4,2.4,0.941,4.025,0.197
91,2023-09-25 17:23:02.275000,2023-09-25 17:23:13.260271,4.311,4.291,194.0,2.4,1.076,4.098,0.197
92,2023-09-25 17:23:02.300000,2023-09-25 17:23:13.285218,4.395,4.375,196.5,2.6,1.243,4.145,0.208
93,2023-09-25 17:23:02.325000,2023-09-25 17:23:13.310162,4.489,4.469,198.4,2.7,1.395,4.203,0.215
94,2023-09-25 17:23:02.350000,2023-09-25 17:23:13.335164,4.466,4.454,199.4,1.6,1.464,4.178,0.13
95,2023-09-25 17:23:02.375000,2023-09-25 17:23:13.360368,4.32,4.32,199.2,0.3,1.442,4.045,0.018
96,2023-09-25 17:23:02.400000,2023-09-25 17:23:13.385195,4.273,4.272,199.4,0.6,1.437,3.995,0.038
97,2023-09-25 17:23:02.425000,2023-09-25 17:23:13.410178,4.236,4.235,199.5,0.6,1.431,3.957,0.038
98,2023-09-25 17:23:02.450000,2023-09-25 17:23:13.435285,4.242,4.241,199.3,0.8,1.416,3.97,0.05
99,2023-09-25 17:23:02.475000,2023-09-25 17:23:13.460258,4.303,4.301,199.9,1.1,1.485,4.006,0.071
100,2023-09-25 17:23:02.500000,2023-09-25 17:23:13.489398,4.258,4.256,198.2,1.1,1.343,3.997,0.071
101,2023-09-25 17:23:02.525000,2023-09-25 17:23:13.510159,4.218,4.216,197.1,1.1,1.246,3.976,0.071
102,2023-09-25 17:23:02.550000,2023-09-25 17:23:13.535144,4.216,4.214,194.9,0.9,1.1,4.01,0.06
103,2023-09-25 17:23:02.575000,2023-09-25 17:23:13.560249,4.142,4.14,193.4,0.8,0.972,3.97,0.053
104,2023-09-25 17:23:02.600000,2023-09-25 17:23:13.585185,4.078,4.076,192.9,0.8,0.927,3.913,0.053
105,2023-09-25 17:23:02.625000,2023-09-25 17:23:13.610159,4.104,4.102,194.2,0.8,1.012,3.926,0.053
106,2023-09-25 17:23:02.650000,2023-09-25 17:23:13.635160,4.13,4.129,193.1,0.5,0.947,3.976,0.033
107,2023-09-25 17:23:02.675000,2023-09-25 17:23:13.660238,4.081,4.079,193.2,0.7,0.935,3.928,0.049
108,2023-09-25 17:23:02.700000,2023-09-25 17:23:13.685168,3.972,3.969,193.3,0.8,0.9,3.824,0.057
109,2023-09-25 17:23:02.725000,2023-09-25 17:23:13.710112,3.839,3.837,192.9,0.6,0.821,3.715,0.044
110,2023-09-25 17:23:02.750000,2023-09-25 17:23:13.735138,3.76,3.758,193.2,0.6,0.829,3.634,0.044
111,2023-09-25 17:23:02.775000,2023-09-25 17:23:13.760229,3.697,3.694,194.8,0.8,0.922,3.546,0.058
112,2023-09-25 17:23:02.800000,2023-09-25 17:23:13.785220,3.587,3.583,196.0,1.1,0.971,3.427,0.074
113,2023-09-25 17:23:02.825000,2023-09-25 17:23:13.810154,3.616,3.612,197.9,1.0,1.105,3.414,0.069
114,2023-09-25 17:23:02.850000,2023-09-25 17:23:13.835165,3.628,3.624,199.9,1.2,1.231,3.387,0.081
115,2023-09-25 17:23:02.875000,2023-09-25 17:23:13.860255,3.618,3.614,201.2,1.2,1.311,3.344,0.081
116,2023-09-25 17:23:02.900000,2023-09-25 17:23:13.888474,3.624,3.62,203.2,1.2,1.452,3.29,0.081
117,2023-09-25 17:23:02.925000,2023-09-25 17:23:13.910150,3.742,3.739,204.2,1.0,1.577,3.356,0.065
118,2023-09-25 17:23:02.950000,2023-09-25 17:23:13.935153,3.841,3.839,205.5,0.8,1.703,3.397,0.054
119,2023-09-25 17:23:02.975000,2023-09-25 17:23:13.960314,3.935,3.933,207.0,0.8,1.832,3.432,0.054
120,2023-09-25 17:23:03,2023-09-25 17:23:13.985171,4.013,4.011,209.6,0.8,2.023,3.438,0.054
121,2023-09-25 17:23:03.025000,2023-09-25 17:23:14.010141,4.092,4.091,210.6,0.6,2.12,3.478,0.037
122,2023-09-25 17:23:03.050000,2023-09-25 17:23:14.035126,4.267,4.267,212.2,0.5,2.287,3.596,0.039
123,2023-09-25 17:23:03.075000,2023-09-25 17:23:14.060249,4.43,4.427,212.5,1.2,2.385,3.726,0.101
124,2023-09-25 17:23:03.100000,2023-09-25 17:23:14.085181,4.503,4.5,213.6,1.0,2.491,3.743,0.089
125,2023-09-25 17:23:03.125000,2023-09-25 17:23:14.110131,4.478,4.475,214.6,1.0,2.525,3.689,0.089
126,2023-09-25 17:23:03.150000,2023-09-25 17:23:14.135141,4.415,4.412,215.0,1.0,2.508,3.625,0.089
127,2023-09-25 17:23:03.175000,2023-09-25 17:23:14.160314,4.242,4.239,214.4,1.0,2.377,3.501,0.089
128,2023-09-25 17:23:03.200000,2023-09-25 17:23:14.185200,4.039,4.036,213.5,0.9,2.225,3.358,0.08
129,2023-09-25 17:23:03.225000,2023-09-25 17:23:14.210138,4.006,4.003,213.7,0.8,2.217,3.322,0.072
130,2023-09-25 17:23:03.250000,2023-09-25 17:23:14.235141,3.928,3.925,213.7,0.8,2.172,3.258,0.072
131,2023-09-25 17:23:03.275000,2023-09-25 17:23:14.260326,3.762,3.759,213.6,0.8,2.08,3.119,0.075
132,2023-09-25 17:23:03.300000,2023-09-25 17:23:14.285177,3.603,3.6,214.3,0.6,2.029,2.961,0.057
133,2023-09-25 17:23:03.325000,2023-09-25 17:23:14.310138,3.328,3.302,216.0,2.5,1.937,2.657,0.118
134,2023-09-25 17:23:03.350000,2023-09-25 17:23:14.335138,3.262,3.221,216.4,4.2,1.905,2.577,0.226
135,2023-09-25 17:23:03.375000,2023-09-25 17:23:14.360485,3.226,3.169,217.2,6.0,1.906,2.505,0.325
136,2023-09-25 17:23:03.400000,2023-09-25 17:23:14.385150,3.107,3.05,215.2,6.0,1.76,2.446,0.325
137,2023-09-25 17:23:03.425000,2023-09-25 17:23:14.410126,3.217,3.16,214.5,6.0,1.764,2.565,0.325
138,2023-09-25 17:23:03.450000,2023-09-25 17:23:14.435124,3.458,3.396,213.9,6.8,1.823,2.797,0.391
139,2023-09-25 17:23:03.475000,2023-09-25 17:23:14.460200,3.569,3.504,212.7,7.4,1.801,2.939,0.445
140,2023-09-25 17:23:03.500000,2023-09-25 17:23:14.485154,3.573,3.508,211.5,7.4,1.739,2.978,0.445
141,2023-09-25 17:23:03.525000,2023-09-25 17:23:14.510144,3.754,3.685,210.8,8.2,1.785,3.154,0.507
142,2023-09-25 17:23:03.550000,2023-09-25 17:23:14.535118,3.862,3.789,209.3,9.0,1.754,3.292,0.568
143,2023-09-25 17:23:03.575000,2023-09-25 17:23:14.560186,4.001,3.949,206.4,7.3,1.694,3.513,0.513
144,2023-09-25 17:23:03.600000,2023-09-25 17:23:14.585162,4.037,3.995,204.4,6.4,1.608,3.624,0.465
145,2023-09-25 17:23:03.625000,2023-09-25 17:23:14.610106,4.138,4.107,201.8,5.5,1.537,3.804,0.431
146,2023-09-25 17:23:03.650000,2023-09-25 17:23:14.635117,4.176,4.145,202.5,5.5,1.581,3.829,0.431
147,2023-09-25 17:23:03.675000,2023-09-25 17:23:14.660130,4.003,3.972,202.3,5.5,1.514,3.669,0.431
148,2023-09-25 17:23:03.700000,2023-09-25 17:23:14.685146,3.747,3.721,202.4,4.7,1.428,3.433,0.365
149,2023-09-25 17:23:03.725000,2023-09-25 17:23:14.710113,3.502,3.46,203.9,6.3,1.364,3.165,0.407
150,2023-09-25 17:23:03.750000,2023-09-25 17:23:14.735114,3.449,3.407,205.1,6.3,1.398,3.086,0.407
151,2023-09-25 17:23:03.775000,2023-09-25 17:23:14.760211,3.256,3.218,205.9,5.5,1.352,2.897,0.345
152,2023-09-25 17:23:03.800000,2023-09-25 17:23:14.785153,3.137,3.103,207.1,4.7,1.365,2.759,0.284
153,2023-09-25 17:23:03.825000,2023-09-25 17:23:14.810122,2.99,2.961,208.3,3.9,1.377,2.599,0.221
154,2023-09-25 17:23:03.850000,2023-09-25 17:23:14.835103,2.958,2.931,208.7,3.8,1.386,2.562,0.21
155,2023-09-25 17:23:03.875000,2023-09-25 17:23:14.860201,2.93,2.906,209.2,3.5,1.405,2.527,0.188
156,2023-09-25 17:23:03.900000,2023-09-25 17:23:14.885125,2.957,2.933,209.3,3.5,1.422,2.548,0.188
157,2023-09-25 17:23:03.925000,2023-09-25 17:23:14.910109,3.096,3.07,210.0,4.1,1.512,2.659,0.231
158,2023-09-25 17:23:03.950000,2023-09-25 17:23:14.935101,3.135,3.109,210.8,4.1,1.559,2.679,0.231
159,2023-09-25 17:23:03.975000,2023-09-25 17:23:14.960282,3.268,3.259,209.4,2.5,1.581,2.843,0.178
160,2023-09-25 17:23:04,2023-09-25 17:23:14.985127,3.207,3.198,209.8,2.5,1.561,2.782,0.178
161,2023-09-25 17:23:04.025000,2023-09-25 17:23:15.010072,3.182,3.156,210.7,4.7,1.566,2.725,0.266
162,2023-09-25 17:23:04.050000,2023-09-25 17:23:15.035096,3.129,3.103,211.2,4.7,1.552,2.67,0.266
163,2023-09-25 17:23:04.075000,2023-09-25 17:23:15.060194,3.03,2.974,213.1,8.1,1.523,2.529,0.366
164,2023-09-25 17:23:04.100000,2023-09-25 17:23:15.085110,2.86,2.807,213.1,7.4,1.449,2.378,0.317
165,2023-09-25 17:23:04.125000,2023-09-25 17:23:15.110081,2.801,2.746,213.0,7.6,1.418,2.326,0.32
166,2023-09-25 17:23:04.150000,2023-09-25 17:23:15.135091,2.781,2.724,213.3,8.2,1.42,2.301,0.352
167,2023-09-25 17:23:04.175000,2023-09-25 17:23:15.160280,2.709,2.652,213.5,8.3,1.399,2.231,0.348
168,2023-09-25 17:23:04.200000,2023-09-25 17:23:15.185153,2.745,2.686,213.3,9.0,1.411,2.263,0.386
169,2023-09-25 17:23:04.225000,2023-09-25 17:23:15.210061,2.623,2.566,214.2,8.4,1.39,2.136,0.343
170,2023-09-25 17:23:04.250000,2023-09-25 17:23:15.235096,2.727,2.667,213.4,9.2,1.415,2.241,0.388
171,2023-09-25 17:23:04.275000,2023-09-25 17:23:15.260152,2.72,2.677,212.6,7.0,1.396,2.267,0.3
172,2023-09-25 17:23:04.300000,2023-09-25 17:23:15.285131,2.699,2.656,212.3,7.0,1.373,2.258,0.3
173,2023-09-25 17:23:04.325000,2023-09-25 17:23:15.310084,2.724,2.711,211.0,3.6,1.382,2.324,0.2
174,2023-09-25 17:23:04.350000,2023-09-25 17:23:15.335095,2.657,2.644,211.8,3.6,1.368,2.256,0.2
175,2023-09-25 17:23:04.375000,2023-09-25 17:23:15.360408,2.479,2.47,211.8,2.8,1.295,2.098,0.154
176,2023-09-25 17:23:04.400000,2023-09-25 17:23:15.385133,2.318,2.311,212.9,2.2,1.241,1.944,0.122
177,2023-09-25 17:23:04.425000,2023-09-25 17:23:15.410075,2.229,2.215,214.1,3.1,1.232,1.834,0.147
178,2023-09-25 17:23:04.450000,2023-09-25 17:23:15.435077,2.102,2.09,214.9,2.4,1.192,1.712,0.109
179,2023-09-25 17:23:04.475000,2023-09-25 17:23:15.460397,2.069,2.047,216.4,4.1,1.21,1.636,0.178
180,2023-09-25 17:23:04.500000,2023-09-25 17:23:15.485131,1.996,1.96,218.3,5.4,1.226,1.51,0.227
181,2023-09-25 17:23:04.525000,2023-09-25 17:23:15.510075,2.046,2.01,218.9,5.4,1.275,1.537,0.227
182,2023-09-25 17:23:04.550000,2023-09-25 17:23:15.535074,2.122,2.075,219.4,7.0,1.331,1.575,0.309
183,2023-09-25 17:23:04.575000,2023-09-25 17:23:15.560191,2.213,2.157,220.4,8.4,1.417,1.608,0.38
184,2023-09-25 17:23:04.600000,2023-09-25 17:23:15.585111,2.351,2.262,222.3,11.2,1.538,1.634,0.512
185,2023-09-25 17:23:04.625000,2023-09-25 17:23:15.610080,2.679,2.586,223.2,11.9,1.743,1.889,0.572
186,2023-09-25 17:23:04.650000,2023-09-25 17:23:15.635064,2.982,2.885,222.6,12.6,1.893,2.149,0.627
187,2023-09-25 17:23:04.675000,2023-09-25 17:23:15.660069,3.237,3.146,221.7,11.7,2.002,2.391,0.623
188,2023-09-25 17:23:04.700000,2023-09-25 17:23:15.685083,3.512,3.417,221.1,12.4,2.125,2.634,0.681
189,2023-09-25 17:23:04.725000,2023-09-25 17:23:15.710071,3.608,3.523,219.4,10.7,2.134,2.768,0.612
190,2023-09-25 17:23:04.750000,2023-09-25 17:23:15.735063,3.671,3.598,218.6,9.6,2.159,2.849,0.575
191,2023-09-25 17:23:04.775000,2023-09-25 17:23:15.760135,3.894,3.818,218.1,10.2,2.265,3.044,0.628
192,2023-09-25 17:23:04.800000,2023-09-25 17:23:15.785097,4.062,3.993,217.3,9.3,2.331,3.214,0.603
193,2023-09-25 17:23:04.825000,2023-09-25 17:23:15.810061,4.102,4.042,215.8,7.9,2.295,3.305,0.532
194,2023-09-25 17:23:04.850000,2023-09-25 17:23:15.835046,4.208,4.181,213.9,5.1,2.314,3.479,0.4
195,2023-09-25 17:23:04.875000,2023-09-25 17:23:15.860147,4.147,4.124,213.8,4.4,2.27,3.439,0.34
196,2023-09-25 17:23:04.900000,2023-09-25 17:23:15.885092,4.107,4.088,213.4,3.7,2.227,3.422,0.285
197,2023-09-25 17:23:04.925000,2023-09-25 17:23:15.910058,3.962,3.946,213.4,3.0,2.152,3.302,0.225
198,2023-09-25 17:23:04.950000,2023-09-25 17:23:15.935062,3.913,3.898,213.4,3.0,2.124,3.262,0.216
199,2023-09-25 17:23:04.975000,2023-09-25 17:23:15.960142,3.952,3.923,214.3,4.6,2.185,3.246,0.316
200,2023-09-25 17:23:05,2023-09-25 17:23:15.985110,3.986,3.958,214.5,4.5,2.218,3.263,0.316
201,2023-09-25 17:23:05.025000,2023-09-25 17:23:16.010056,3.84,3.808,215.5,5.1,2.182,3.1,0.337
202,2023-09-25 17:23:05.050000,2023-09-25 17:23:16.035051,3.768,3.74,215.3,4.4,2.136,3.049,0.28
203,2023-09-25 17:23:05.075000,2023-09-25 17:23:16.060155,3.89,3.862,215.3,4.4,2.198,3.154,0.28
204,2023-09-25 17:23:05.100000,2023-09-25 17:23:16.085083,4.0,3.972,215.7,4.4,2.288,3.223,0.28
205,2023-09-25 17:23:05.125000,2023-09-25 17:23:16.110083,4.114,4.083,216.3,5.1,2.396,3.282,0.341
206,2023-09-25 17:23:05.150000,2023-09-25 17:23:16.135032,4.096,4.048,217.5,6.9,2.442,3.208,0.452
207,2023-09-25 17:23:05.175000,2023-09-25 17:23:16.160168,4.073,4.0,220.4,9.2,2.517,3.065,0.575
208,2023-09-25 17:23:05.200000,2023-09-25 17:23:16.185096,3.911,3.841,220.2,8.5,2.429,2.933,0.526
209,2023-09-25 17:23:05.225000,2023-09-25 17:23:16.210055,3.882,3.805,220.2,8.9,2.404,2.906,0.544
210,2023-09-25 17:23:05.250000,2023-09-25 17:23:16.235054,3.8,3.727,218.3,8.0,2.275,2.902,0.487
211,2023-09-25 17:23:05.275000,2023-09-25 17:23:16.260057,3.681,3.615,215.2,6.8,2.085,2.883,0.413
212,2023-09-25 17:23:05.300000,2023-09-25 17:23:16.285063,3.622,3.556,214.3,6.8,2.005,2.858,0.413
213,2023-09-25 17:23:05.325000,2023-09-25 17:23:16.310048,3.51,3.444,214.0,6.8,1.932,2.77,0.413
214,2023-09-25 17:23:05.350000,2023-09-25 17:23:16.335045,3.334,3.268,212.4,6.8,1.743,2.679,0.413
215,2023-09-25 17:23:05.375000,2023-09-25 17:23:16.360116,3.066,3.003,210.1,6.1,1.486,2.521,0.352
216,2023-09-25 17:23:05.400000,2023-09-25 17:23:16.385056,2.993,2.947,207.4,4.3,1.324,2.544,0.241
217,2023-09-25 17:23:05.425000,2023-09-25 17:23:16.409999,3.071,3.045,203.2,2.9,1.192,2.767,0.18
218,2023-09-25 17:23:05.450000,2023-09-25 17:23:16.435027,3.146,3.12,202.1,2.9,1.17,2.858,0.18
219,2023-09-25 17:23:05.475000,2023-09-25 17:23:16.460119,3.105,3.1,200.3,0.9,1.078,2.897,0.062
220,2023-09-25 17:23:05.500000,2023-09-25 17:23:16.485066,3.065,3.06,200.5,0.9,1.069,2.856,0.062
221,2023-09-25 17:23:05.525000,2023-09-25 17:23:16.510519,3.088,3.083,202.7,0.9,1.162,2.84,0.062
222,2023-09-25 17:23:05.550000,2023-09-25 17:23:16.535041,3.023,3.018,202.7,0.9,1.139,2.779,0.062
223,2023-09-25 17:23:05.575000,2023-09-25 17:23:16.560051,2.887,2.882,203.0,0.9,1.087,2.652,0.062
224,2023-09-25 17:23:05.600000,2023-09-25 17:23:16.585175,2.855,2.85,204.2,0.9,1.129,2.593,0.062
225,2023-09-25 17:23:05.625000,2023-09-25 17:23:16.610024,2.908,2.903,205.8,0.9,1.222,2.608,0.062
226,2023-09-25 17:23:05.650000,2023-09-25 17:23:16.635025,3.179,3.171,207.0,1.5,1.397,2.828,0.124
227,2023-09-25 17:23:05.675000,2023-09-25 17:23:16.660092,3.203,3.2,207.7,0.6,1.453,2.838,0.062
228,2023-09-25 17:23:05.700000,2023-09-25 17:23:16.685081,3.384,3.377,208.6,1.3,1.587,2.973,0.12
229,2023-09-25 17:23:05.725000,2023-09-25 17:23:16.710030,3.489,3.482,209.0,1.3,1.654,3.057,0.12
230,2023-09-25 17:23:05.750000,2023-09-25 17:23:16.735012,3.739,3.728,209.2,2.1,1.78,3.269,0.185
231,2023-09-25 17:23:05.775000,2023-09-25 17:23:16.760029,3.985,3.971,208.4,2.7,1.859,3.504,0.242
232,2023-09-25 17:23:05.800000,2023-09-25 17:23:16.785060,4.105,4.091,209.4,2.7,1.962,3.584,0.242
233,2023-09-25 17:23:05.825000,2023-09-25 17:23:16.810018,4.268,4.254,209.9,2.7,2.071,3.708,0.242
234,2023-09-25 17:23:05.850000,2023-09-25 17:23:16.835013,4.46,4.442,209.4,3.4,2.144,3.885,0.304
235,2023-09-25 17:23:05.875000,2023-09-25 17:23:16.860013,4.632,4.61,209.2,4.1,2.218,4.037,0.366
236,2023-09-25 17:23:05.900000,2023-09-25 17:23:16.885059,4.446,4.427,209.6,3.5,2.161,3.86,0.304
237,2023-09-25 17:23:05.925000,2023-09-25 17:23:16.910019,4.472,4.453,209.4,3.5,2.16,3.888,0.304
238,2023-09-25 17:23:05.950000,2023-09-25 17:23:16.935003,4.362,4.347,208.9,2.8,2.073,3.811,0.246
239,2023-09-25 17:23:05.975000,2023-09-25 17:23:16.960017,4.388,4.373,208.0,2.8,2.028,3.859,0.246
240,2023-09-25 17:23:06,2023-09-25 17:23:16.985038,4.317,4.306,207.9,2.1,1.989,3.804,0.19
241,2023-09-25 17:23:06.025000,2023-09-25 17:23:17.009999,4.225,4.217,208.0,1.5,1.955,3.721,0.133
242,2023-09-25 17:23:06.050000,2023-09-25 17:23:17.035011,4.17,4.162,208.5,1.5,1.951,3.657,0.133
243,2023-09-25 17:23:06.075000,2023-09-25 17:23:17.060094,4.249,4.238,207.8,2.1,1.954,3.744,0.183
244,2023-09-25 17:23:06.100000,2023-09-25 17:23:17.085055,4.076,4.069,207.7,1.4,1.866,3.599,0.121
245,2023-09-25 17:23:06.125000,2023-09-25 17:23:17.109979,3.865,3.862,208.6,0.7,1.797,3.396,0.059
246,2023-09-25 17:23:06.150000,2023-09-25 17:23:17.135008,3.787,3.776,209.8,2.0,1.807,3.284,0.127
247,2023-09-25 17:23:06.175000,2023-09-25 17:23:17.160015,3.629,3.618,211.4,2.0,1.813,3.099,0.127
248,2023-09-25 17:23:06.200000,2023-09-25 17:23:17.185022,3.515,3.504,213.0,2.0,1.842,2.952,0.127
249,2023-09-25 17:23:06.225000,2023-09-25 17:23:17.210001,3.399,3.388,214.6,2.0,1.878,2.803,0.127
250,2023-09-25 17:23:06.250000,2023-09-25 17:23:17.234990,3.232,3.221,215.6,1.9,1.838,2.63,0.118
251,2023-09-25 17:23:06.275000,2023-09-25 17:23:17.260006,3.072,3.061,216.6,1.9,1.804,2.463,0.118
252,2023-09-25 17:23:06.300000,2023-09-25 17:23:17.285049,2.941,2.93,216.8,1.9,1.729,2.356,0.118
253,2023-09-25 17:23:06.325000,2023-09-25 17:23:17.310002,2.715,2.669,219.0,4.7,1.654,2.085,0.192
254,2023-09-25 17:23:06.350000,2023-09-25 17:23:17.335005,2.622,2.549,221.7,7.6,1.661,1.92,0.297
255,2023-09-25 17:23:06.375000,2023-09-25 17:23:17.360004,2.632,2.547,223.1,9.2,1.707,1.87,0.377
256,2023-09-25 17:23:06.400000,2023-09-25 17:23:17.385050,2.763,2.684,221.7,8.5,1.714,2.031,0.354
257,2023-09-25 17:23:06.425000,2023-09-25 17:23:17.409966,2.816,2.737,219.9,8.5,1.655,2.124,0.354
258,2023-09-25 17:23:06.450000,2023-09-25 17:23:17.434978,2.861,2.782,217.4,8.5,1.552,2.222,0.354
259,2023-09-25 17:23:06.475000,2023-09-25 17:23:17.459969,3.0,2.921,214.6,8.5,1.434,2.416,0.354
260,2023-09-25 17:23:06.500000,2023-09-25 17:23:17.485001,3.112,3.033,211.3,8.5,1.312,2.582,0.354
261,2023-09-25 17:23:06.525000,2023-09-25 17:23:17.509965,3.212,3.133,208.5,8.5,1.215,2.732,0.354
262,2023-09-25 17:23:06.550000,2023-09-25 17:23:17.534969,3.361,3.282,206.2,8.5,1.186,2.913,0.354
263,2023-09-25 17:23:06.575000,2023-09-25 17:23:17.559992,3.521,3.48,203.3,5.1,1.185,3.151,0.23
264,2023-09-25 17:23:06.600000,2023-09-25 17:23:17.596671,3.732,3.714,200.0,2.9,1.192,3.436,0.181
265,2023-09-25 17:23:06.625000,2023-09-25 17:23:17.609991,3.804,3.798,196.8,1.3,1.101,3.605,0.101
266,2023-09-25 17:23:06.650000,2023-09-25 17:23:17.636062,3.696,3.692,196.7,0.7,1.044,3.515,0.056
267,2023-09-25 17:23:06.675000,2023-09-25 17:23:17.660000,3.794,3.788,197.5,1.3,1.136,3.578,0.104
268,2023-09-25 17:23:06.700000,2023-09-25 17:23:17.685005,3.758,3.752,199.6,1.3,1.228,3.499,0.104
269,2023-09-25 17:23:06.725000,2023-09-25 17:23:17.709978,3.626,3.62,202.2,1.3,1.34,3.318,0.104
270,2023-09-25 17:23:06.750000,2023-09-25 17:23:17.735055,3.673,3.663,204.9,2.0,1.523,3.299,0.156
271,2023-09-25 17:23:06.775000,2023-09-25 17:23:17.759995,3.832,3.818,206.7,2.7,1.7,3.399,0.221
272,2023-09-25 17:23:06.800000,2023-09-25 17:23:17.784973,3.932,3.918,208.4,2.7,1.854,3.435,0.221
273,2023-09-25 17:23:06.825000,2023-09-25 17:23:17.809969,4.12,4.103,209.2,3.3,1.996,3.571,0.28
274,2023-09-25 17:23:06.850000,2023-09-25 17:23:17.835074,4.127,4.114,210.6,2.6,2.096,3.525,0.224
275,2023-09-25 17:23:06.875000,2023-09-25 17:23:17.860008,4.207,4.194,212.1,2.6,2.226,3.545,0.224
276,2023-09-25 17:23:06.900000,2023-09-25 17:23:17.884964,4.435,4.419,213.2,3.2,2.415,3.691,0.28
277,2023-09-25 17:23:06.925000,2023-09-25 17:23:17.909956,4.415,4.391,214.8,3.9,2.489,3.601,0.323
278,2023-09-25 17:23:06.950000,2023-09-25 17:23:17.935777,4.475,4.451,215.2,3.9,2.542,3.638,0.323
279,2023-09-25 17:23:06.975000,2023-09-25 17:23:17.960003,4.61,4.577,216.5,5.1,2.687,3.678,0.414
280,2023-09-25 17:23:07,2023-09-25 17:23:17.984955,4.599,4.57,216.7,4.4,2.693,3.666,0.362
281,2023-09-25 17:23:07.025000,2023-09-25 17:23:18.009956,4.549,4.524,217.2,3.7,2.707,3.604,0.297
282,2023-09-25 17:23:07.050000,2023-09-25 17:23:18.035028,4.565,4.54,217.0,3.7,2.698,3.629,0.297
283,2023-09-25 17:23:07.075000,2023-09-25 17:23:18.059989,4.475,4.453,216.9,3.1,2.644,3.56,0.238
284,2023-09-25 17:23:07.100000,2023-09-25 17:23:18.084962,4.512,4.49,215.9,3.1,2.595,3.634,0.238
285,2023-09-25 17:23:07.125000,2023-09-25 17:23:18.109958,4.553,4.531,215.2,3.1,2.567,3.7,0.238
286,2023-09-25 17:23:07.150000,2023-09-25 17:23:18.135015,4.531,4.512,214.3,2.5,2.485,3.732,0.181
287,2023-09-25 17:23:07.175000,2023-09-25 17:23:18.159975,4.622,4.613,211.9,1.2,2.379,3.918,0.09
288,2023-09-25 17:23:07.200000,2023-09-25 17:23:18.185005,4.827,4.818,210.4,1.2,2.381,4.151,0.09
289,2023-09-25 17:23:07.225000,2023-09-25 17:23:18.209945,4.91,4.91,208.5,0.1,2.309,4.321,0.008
290,2023-09-25 17:23:07.250000,2023-09-25 17:23:18.235024,5.072,5.072,207.0,0.1,2.271,4.519,0.008
291,2023-09-25 17:23:07.275000,2023-09-25 17:23:18.259970,5.18,5.18,206.0,0.1,2.24,4.658,0.008
292,2023-09-25 17:23:07.300000,2023-09-25 17:23:18.284932,5.33,5.33,205.2,0.1,2.248,4.823,0.008
293,2023-09-25 17:23:07.325000,2023-09-25 17:23:18.309951,5.417,5.417,204.7,0.1,2.25,4.919,0.008
294,2023-09-25 17:23:07.350000,2023-09-25 17:23:18.335046,5.476,5.476,204.1,0.1,2.228,4.995,0.008
295,2023-09-25 17:23:07.375000,2023-09-25 17:23:18.359961,5.509,5.509,203.7,0.1,2.214,5.038,0.008
296,2023-09-25 17:23:07.400000,2023-09-25 17:23:18.384938,5.46,5.46,203.1,0.1,2.149,5.015,0.009
297,2023-09-25 17:23:07.425000,2023-09-25 17:23:18.409991,5.445,5.445,202.9,0.1,2.126,5.007,0.009
298,2023-09-25 17:23:07.450000,2023-09-25 17:23:18.435025,5.312,5.312,203.2,0.2,2.093,4.877,0.017
299,2023-09-25 17:23:07.475000,2023-09-25 17:23:18.459950,5.24,5.239,202.7,0.4,2.026,4.828,0.033
300,2023-09-25 17:23:07.500000,2023-09-25 17:23:18.484919,5.148,5.139,201.1,1.4,1.864,4.76,0.117
301,2023-09-25 17:23:07.525000,2023-09-25 17:23:18.509907,4.969,4.96,199.9,1.4,1.717,4.618,0.117
302,2023-09-25 17:23:07.550000,2023-09-25 17:23:18.535025,4.766,4.757,199.0,1.4,1.572,4.455,0.117
303,2023-09-25 17:23:07.575000,2023-09-25 17:23:18.559936,4.616,4.607,198.2,1.4,1.452,4.339,0.117
304,2023-09-25 17:23:07.600000,2023-09-25 17:23:18.584908,4.475,4.466,197.6,1.4,1.361,4.22,0.117
305,2023-09-25 17:23:07.625000,2023-09-25 17:23:18.609921,4.369,4.36,196.7,1.4,1.256,4.147,0.117
306,2023-09-25 17:23:07.650000,2023-09-25 17:23:18.635018,4.383,4.374,196.4,1.4,1.233,4.17,0.117
307,2023-09-25 17:23:07.675000,2023-09-25 17:23:18.659940,4.232,4.223,195.8,1.4,1.155,4.035,0.117
308,2023-09-25 17:23:07.700000,2023-09-25 17:23:18.684909,4.229,4.22,194.4,1.3,1.054,4.066,0.109
309,2023-09-25 17:23:07.725000,2023-09-25 17:23:18.709900,4.172,4.164,193.9,1.0,0.993,4.029,0.084
310,2023-09-25 17:23:07.750000,2023-09-25 17:23:18.734971,4.066,4.066,195.0,0.0,1.055,3.92,0.0
311,2023-09-25 17:23:07.775000,2023-09-25 17:23:18.759910,4.03,4.03,195.6,0.0,1.083,3.877,0.0
312,2023-09-25 17:23:07.800000,2023-09-25 17:23:18.784924,3.889,3.889,196.6,0.0,1.091,3.725,0.0
313,2023-09-25 17:23:07.825000,2023-09-25 17:23:18.809907,3.817,3.817,197.0,0.0,1.094,3.649,0.0
314,2023-09-25 17:23:07.850000,2023-09-25 17:23:18.835037,3.76,3.754,195.9,1.1,1.012,3.599,0.065
315,2023-09-25 17:23:07.875000,2023-09-25 17:23:18.859927,3.691,3.68,195.3,2.1,0.958,3.535,0.125
316,2023-09-25 17:23:07.900000,2023-09-25 17:23:18.884904,3.479,3.468,193.8,2.1,0.817,3.351,0.125
317,2023-09-25 17:23:07.925000,2023-09-25 17:23:18.909881,3.313,3.302,192.6,2.1,0.74,3.195,0.125
318,2023-09-25 17:23:07.950000,2023-09-25 17:23:18.935002,3.122,3.111,192.0,2.1,0.676,3.012,0.125
319,2023-09-25 17:23:07.975000,2023-09-25 17:23:18.959915,2.884,2.87,190.2,3.1,0.552,2.79,0.153
320,2023-09-25 17:23:08,2023-09-25 17:23:18.984913,2.673,2.659,189.7,3.1,0.49,2.588,0.153
321,2023-09-25 17:23:08.025000,2023-09-25 17:23:19.009912,2.435,2.421,190.4,3.1,0.435,2.355,0.153
322,2023-09-25 17:23:08.050000,2023-09-25 17:23:19.034996,2.284,2.27,191.4,3.1,0.388,2.208,0.153
323,2023-09-25 17:23:08.075000,2023-09-25 17:23:19.059991,2.077,2.063,193.2,3.1,0.357,1.992,0.153
324,2023-09-25 17:23:08.100000,2023-09-25 17:23:19.084918,1.885,1.877,196.6,2.0,0.424,1.776,0.088
325,2023-09-25 17:23:08.125000,2023-09-25 17:23:19.109905,1.739,1.736,199.2,1.0,0.48,1.604,0.028
326,2023-09-25 17:23:08.150000,2023-09-25 17:23:19.135005,1.727,1.724,202.2,1.0,0.611,1.544,0.028
327,2023-09-25 17:23:08.175000,2023-09-25 17:23:19.159905,1.895,1.889,206.2,1.8,0.831,1.626,0.075
328,2023-09-25 17:23:08.200000,2023-09-25 17:23:19.184910,1.979,1.973,209.3,1.8,1.002,1.646,0.075
329,2023-09-25 17:23:08.225000,2023-09-25 17:23:19.213637,2.144,2.141,212.9,0.8,1.202,1.748,0.047
330,2023-09-25 17:23:08.250000,2023-09-25 17:23:19.234910,2.403,2.4,215.2,0.8,1.395,1.948,0.047
331,2023-09-25 17:23:08.275000,2023-09-25 17:23:19.259898,2.814,2.807,215.6,1.5,1.596,2.302,0.116
332,2023-09-25 17:23:08.300000,2023-09-25 17:23:19.284913,3.212,3.202,214.9,2.2,1.767,2.659,0.179
333,2023-09-25 17:23:08.325000,2023-09-25 17:23:19.309924,3.562,3.548,214.1,3.0,1.927,2.967,0.244
334,2023-09-25 17:23:08.350000,2023-09-25 17:23:19.334927,3.779,3.765,213.7,3.0,2.04,3.153,0.244
335,2023-09-25 17:23:08.375000,2023-09-25 17:23:19.359928,3.988,3.974,213.5,3.0,2.153,3.329,0.244
336,2023-09-25 17:23:08.400000,2023-09-25 17:23:19.384879,4.134,4.12,213.1,3.0,2.214,3.463,0.244
337,2023-09-25 17:23:08.425000,2023-09-25 17:23:19.409889,4.27,4.257,212.2,2.8,2.241,3.612,0.247
338,2023-09-25 17:23:08.450000,2023-09-25 17:23:19.435000,4.373,4.36,211.8,2.8,2.278,3.712,0.247
339,2023-09-25 17:23:08.475000,2023-09-25 17:23:19.459939,4.488,4.475,211.2,2.8,2.301,3.834,0.247
340,2023-09-25 17:23:08.500000,2023-09-25 17:23:19.484878,4.496,4.483,211.8,2.8,2.344,3.813,0.247
341,2023-09-25 17:23:08.525000,2023-09-25 17:23:19.509888,4.478,4.467,212.4,2.6,2.379,3.774,0.226
342,2023-09-25 17:23:08.550000,2023-09-25 17:23:19.535178,4.379,4.371,213.5,1.9,2.4,3.646,0.163
343,2023-09-25 17:23:08.575000,2023-09-25 17:23:19.559934,4.405,4.399,213.8,1.7,2.438,3.656,0.149
344,2023-09-25 17:23:08.600000,2023-09-25 17:23:19.584884,4.554,4.545,213.7,2.3,2.516,3.781,0.2
345,2023-09-25 17:23:08.625000,2023-09-25 17:23:19.609875,4.689,4.676,213.3,3.0,2.56,3.908,0.263
346,2023-09-25 17:23:08.650000,2023-09-25 17:23:19.634992,4.703,4.69,213.7,3.0,2.592,3.904,0.263
347,2023-09-25 17:23:08.675000,2023-09-25 17:23:19.659918,4.661,4.65,213.7,2.4,2.577,3.866,0.213
348,2023-09-25 17:23:08.700000,2023-09-25 17:23:19.684880,4.668,4.657,213.3,2.4,2.555,3.887,0.213
349,2023-09-25 17:23:08.725000,2023-09-25 17:23:19.709875,4.637,4.626,213.0,2.4,2.523,3.87,0.213
350,2023-09-25 17:23:08.750000,2023-09-25 17:23:19.734957,4.65,4.639,212.3,2.4,2.486,3.912,0.213
351,2023-09-25 17:23:08.775000,2023-09-25 17:23:19.759903,4.558,4.549,212.3,1.9,2.436,3.837,0.165
352,2023-09-25 17:23:08.800000,2023-09-25 17:23:19.785408,4.587,4.578,211.9,1.9,2.434,3.875,0.165
353,2023-09-25 17:23:08.825000,2023-09-25 17:23:19.809865,4.488,4.481,212.1,1.3,2.392,3.786,0.114
354,2023-09-25 17:23:08.850000,2023-09-25 17:23:19.834973,4.444,4.44,212.2,0.7,2.371,3.749,0.063
355,2023-09-25 17:23:08.875000,2023-09-25 17:23:19.859926,4.286,4.286,212.4,0.0,2.299,3.613,0.0
356,2023-09-25 17:23:08.900000,2023-09-25 17:23:19.884861,4.267,4.267,212.8,0.0,2.311,3.579,0.0
357,2023-09-25 17:23:08.925000,2023-09-25 17:23:19.909871,4.222,4.218,213.7,0.8,2.333,3.502,0.057
358,2023-09-25 17:23:08.950000,2023-09-25 17:23:19.934962,4.122,4.118,214.0,0.8,2.297,3.407,0.057
359,2023-09-25 17:23:08.975000,2023-09-25 17:23:19.965780,4.097,4.093,214.5,0.8,2.316,3.367,0.057
360,2023-09-25 17:23:09,2023-09-25 17:23:19.984868,4.018,4.014,214.5,0.8,2.277,3.297,0.057
361,2023-09-25 17:23:09.025000,2023-09-25 17:23:20.009851,4.116,4.107,213.3,1.6,2.237,3.422,0.13
362,2023-09-25 17:23:09.050000,2023-09-25 17:23:20.034942,4.1,4.091,212.6,1.6,2.183,3.436,0.13
363,2023-09-25 17:23:09.075000,2023-09-25 17:23:20.059912,4.209,4.196,211.9,2.4,2.185,3.557,0.201
364,2023-09-25 17:23:09.100000,2023-09-25 17:23:20.084866,4.234,4.221,211.3,2.4,2.16,3.602,0.201
365,2023-09-25 17:23:09.125000,2023-09-25 17:23:20.109852,4.294,4.281,210.8,2.4,2.163,3.669,0.201
366,2023-09-25 17:23:09.150000,2023-09-25 17:23:20.134950,4.309,4.296,209.3,2.4,2.078,3.74,0.201
367,2023-09-25 17:23:09.175000,2023-09-25 17:23:20.159887,4.425,4.413,207.8,2.3,2.042,3.903,0.205
368,2023-09-25 17:23:09.200000,2023-09-25 17:23:20.184848,4.637,4.621,207.0,3.0,2.092,4.112,0.275
369,2023-09-25 17:23:09.225000,2023-09-25 17:23:20.209846,4.66,4.644,206.1,3.0,2.043,4.163,0.275
370,2023-09-25 17:23:09.250000,2023-09-25 17:23:20.234852,4.835,4.814,205.2,3.8,2.058,4.346,0.348
371,2023-09-25 17:23:09.275000,2023-09-25 17:23:20.259901,4.868,4.846,205.4,3.9,2.082,4.371,0.359
372,2023-09-25 17:23:09.300000,2023-09-25 17:23:20.284840,4.879,4.857,205.1,3.9,2.064,4.394,0.359
373,2023-09-25 17:23:09.325000,2023-09-25 17:23:20.309841,4.757,4.739,204.9,3.1,1.998,4.296,0.288
374,2023-09-25 17:23:09.350000,2023-09-25 17:23:20.334867,4.665,4.647,204.7,3.1,1.94,4.222,0.288
375,2023-09-25 17:23:09.375000,2023-09-25 17:23:20.359865,4.746,4.725,204.4,3.8,1.952,4.302,0.348
376,2023-09-25 17:23:09.400000,2023-09-25 17:23:20.384844,4.753,4.732,204.5,3.8,1.959,4.306,0.348
377,2023-09-25 17:23:09.425000,2023-09-25 17:23:20.409803,4.679,4.661,204.2,3.1,1.905,4.252,0.287
378,2023-09-25 17:23:09.450000,2023-09-25 17:23:20.434837,4.615,4.595,203.9,3.3,1.853,4.202,0.292
379,2023-09-25 17:23:09.475000,2023-09-25 17:23:20.459868,4.706,4.679,203.6,4.3,1.865,4.287,0.378
380,2023-09-25 17:23:09.500000,2023-09-25 17:23:20.484842,4.708,4.682,203.9,4.2,1.893,4.277,0.37
381,2023-09-25 17:23:09.525000,2023-09-25 17:23:20.509837,4.719,4.695,204.1,4.0,1.918,4.28,0.356
382,2023-09-25 17:23:09.550000,2023-09-25 17:23:20.534926,4.541,4.517,202.8,4.0,1.786,4.136,0.356
383,2023-09-25 17:23:09.575000,2023-09-25 17:23:20.559863,4.391,4.367,203.8,4.0,1.76,3.977,0.356
384,2023-09-25 17:23:09.600000,2023-09-25 17:23:20.584843,4.25,4.223,205.4,4.9,1.753,3.81,0.397
385,2023-09-25 17:23:09.625000,2023-09-25 17:23:20.609825,3.997,3.973,206.6,4.2,1.695,3.557,0.337
386,2023-09-25 17:23:09.650000,2023-09-25 17:23:20.634834,3.819,3.79,208.4,5.3,1.684,3.347,0.387
387,2023-09-25 17:23:09.675000,2023-09-25 17:23:20.659870,3.637,3.59,211.6,7.4,1.71,3.08,0.479
388,2023-09-25 17:23:09.700000,2023-09-25 17:23:20.684829,3.423,3.372,215.8,8.1,1.765,2.757,0.476
389,2023-09-25 17:23:09.725000,2023-09-25 17:23:20.709831,3.145,3.101,217.7,7.1,1.738,2.465,0.39
390,2023-09-25 17:23:09.750000,2023-09-25 17:23:20.734838,2.869,2.829,217.8,6.4,1.622,2.22,0.325
391,2023-09-25 17:23:09.775000,2023-09-25 17:23:20.759872,2.449,2.413,218.4,5.7,1.455,1.838,0.255
392,2023-09-25 17:23:09.800000,2023-09-25 17:23:20.784829,2.323,2.254,223.1,9.7,1.493,1.632,0.346
393,2023-09-25 17:23:09.825000,2023-09-25 17:23:20.809830,2.237,2.168,222.8,9.7,1.434,1.569,0.346
394,2023-09-25 17:23:09.850000,2023-09-25 17:23:20.834830,2.21,2.124,222.9,11.2,1.41,1.532,0.399
395,2023-09-25 17:23:09.875000,2023-09-25 17:23:20.859880,2.135,2.025,224.6,14.1,1.388,1.416,0.491
396,2023-09-25 17:23:09.900000,2023-09-25 17:23:20.884826,2.044,1.939,223.0,13.0,1.293,1.379,0.441
397,2023-09-25 17:23:09.925000,2023-09-25 17:23:20.909829,1.972,1.885,221.1,10.9,1.205,1.392,0.349
398,2023-09-25 17:23:09.950000,2023-09-25 17:23:20.934888,1.929,1.823,219.7,12.3,1.123,1.401,0.387
399,2023-09-25 17:23:09.975000,2023-09-25 17:23:20.959862,1.875,1.713,222.0,17.0,1.083,1.28,0.517
400,2023-09-25 17:23:10,2023-09-25 17:23:20.984825,1.801,1.608,225.8,20.4,1.107,1.116,0.619
401,2023-09-25 17:23:10.025000,2023-09-25 17:23:21.009818,1.784,1.591,226.4,20.4,1.108,1.094,0.619
402,2023-09-25 17:23:10.050000,2023-09-25 17:23:21.034818,1.878,1.718,223.0,16.4,1.113,1.253,0.528
403,2023-09-25 17:23:10.075000,2023-09-25 17:23:21.059858,1.922,1.762,222.6,16.4,1.124,1.297,0.528
404,2023-09-25 17:23:10.100000,2023-09-25 17:23:21.084816,1.847,1.621,222.4,20.4,1.024,1.197,0.572
405,2023-09-25 17:23:10.125000,2023-09-25 17:23:21.109817,1.802,1.557,223.2,22.1,0.98,1.146,0.583
406,2023-09-25 17:23:10.150000,2023-09-25 17:23:21.134818,1.887,1.625,224.6,24.2,1.058,1.174,0.675
407,2023-09-25 17:23:10.175000,2023-09-25 17:23:21.159829,1.966,1.689,225.1,26.2,1.115,1.211,0.762
408,2023-09-25 17:23:10.200000,2023-09-25 17:23:21.184794,2.015,1.751,224.4,25.1,1.142,1.274,0.741
409,2023-09-25 17:23:10.225000,2023-09-25 17:23:21.209798,2.147,1.933,222.8,21.6,1.253,1.427,0.674
410,2023-09-25 17:23:10.250000,2023-09-25 17:23:21.234807,2.251,2.055,221.2,19.9,1.321,1.542,0.656
411,2023-09-25 17:23:10.275000,2023-09-25 17:23:21.259849,2.398,2.176,221.6,22.4,1.408,1.628,0.771
412,2023-09-25 17:23:10.300000,2023-09-25 17:23:21.284793,2.451,2.217,223.5,24.1,1.502,1.612,0.855
413,2023-09-25 17:23:10.325000,2023-09-25 17:23:21.309806,2.43,2.196,224.0,24.1,1.506,1.585,0.855
414,2023-09-25 17:23:10.350000,2023-09-25 17:23:21.334803,2.522,2.365,225.8,19.2,1.665,1.656,0.781
415,2023-09-25 17:23:10.375000,2023-09-25 17:23:21.359873,2.622,2.483,225.0,17.2,1.753,1.739,0.785
416,2023-09-25 17:23:10.400000,2023-09-25 17:23:21.384792,2.632,2.494,227.2,17.1,1.818,1.673,0.783
417,2023-09-25 17:23:10.425000,2023-09-25 17:23:21.409797,2.652,2.521,227.4,16.5,1.842,1.687,0.765
418,2023-09-25 17:23:10.450000,2023-09-25 17:23:21.434799,2.667,2.549,228.5,15.5,1.897,1.666,0.719
419,2023-09-25 17:23:10.475000,2023-09-25 17:23:21.459821,2.637,2.525,227.9,14.3,1.86,1.669,0.656
420,2023-09-25 17:23:10.500000,2023-09-25 17:23:21.484800,2.724,2.625,228.6,12.7,1.963,1.699,0.576
421,2023-09-25 17:23:10.525000,2023-09-25 17:23:21.509794,2.842,2.769,229.6,10.5,2.108,1.752,0.482
422,2023-09-25 17:23:10.550000,2023-09-25 17:23:21.534804,2.944,2.878,229.7,9.7,2.189,1.825,0.462
423,2023-09-25 17:23:10.575000,2023-09-25 17:23:21.559823,3.096,3.026,231.3,10.6,2.341,1.885,0.514
424,2023-09-25 17:23:10.600000,2023-09-25 17:23:21.584810,3.19,3.118,229.9,10.6,2.369,1.996,0.535
425,2023-09-25 17:23:10.625000,2023-09-25 17:23:21.609786,3.258,3.202,230.3,9.4,2.447,2.029,0.503
426,2023-09-25 17:23:10.650000,2023-09-25 17:23:21.634796,3.347,3.307,228.0,7.4,2.454,2.186,0.413
427,2023-09-25 17:23:10.675000,2023-09-25 17:23:21.659826,3.406,3.365,228.6,7.3,2.515,2.206,0.422
428,2023-09-25 17:23:10.700000,2023-09-25 17:23:21.684779,3.375,3.323,228.2,8.3,2.471,2.194,0.461
429,2023-09-25 17:23:10.725000,2023-09-25 17:23:21.709782,3.359,3.279,228.7,11.0,2.457,2.147,0.578
430,2023-09-25 17:23:10.750000,2023-09-25 17:23:21.734765,3.263,3.164,228.8,13.0,2.364,2.08,0.675
431,2023-09-25 17:23:10.775000,2023-09-25 17:23:21.759810,3.189,3.074,229.8,14.5,2.322,1.981,0.752
432,2023-09-25 17:23:10.800000,2023-09-25 17:23:21.784776,3.107,2.977,231.2,15.7,2.295,1.86,0.799
433,2023-09-25 17:23:10.825000,2023-09-25 17:23:21.809782,3.068,2.932,231.8,16.3,2.278,1.808,0.826
434,2023-09-25 17:23:10.850000,2023-09-25 17:23:21.834767,3.004,2.859,233.5,17.0,2.273,1.694,0.844
435,2023-09-25 17:23:10.875000,2023-09-25 17:23:21.859808,2.986,2.843,233.6,16.8,2.263,1.682,0.83
436,2023-09-25 17:23:10.900000,2023-09-25 17:23:21.884767,2.956,2.803,235.7,18.2,2.308,1.565,0.91
437,2023-09-25 17:23:10.925000,2023-09-25 17:23:21.909789,2.874,2.699,236.6,19.7,2.253,1.466,0.954
438,2023-09-25 17:23:10.950000,2023-09-25 17:23:21.934791,2.868,2.683,237.5,20.3,2.261,1.428,0.978
439,2023-09-25 17:23:10.975000,2023-09-25 17:23:21.959841,2.832,2.629,238.6,21.3,2.246,1.362,0.997
440,2023-09-25 17:23:11,2023-09-25 17:23:21.984774,2.82,2.616,238.7,21.4,2.239,1.349,0.997
441,2023-09-25 17:23:11.025000,2023-09-25 17:23:22.009778,2.698,2.51,236.0,19.6,2.082,1.371,0.899
442,2023-09-25 17:23:11.050000,2023-09-25 17:23:22.034766,2.577,2.375,234.9,21.0,1.949,1.323,0.897
443,2023-09-25 17:23:11.075000,2023-09-25 17:23:22.059849,2.427,2.235,232.8,19.5,1.795,1.284,0.818
444,2023-09-25 17:23:11.100000,2023-09-25 17:23:22.084755,2.355,2.183,229.1,17.3,1.656,1.348,0.715
445,2023-09-25 17:23:11.125000,2023-09-25 17:23:22.109766,2.306,2.141,225.7,16.1,1.513,1.419,0.654
446,2023-09-25 17:23:11.150000,2023-09-25 17:23:22.134767,2.357,2.199,222.1,15.4,1.395,1.604,0.621
447,2023-09-25 17:23:11.175000,2023-09-25 17:23:22.159844,2.394,2.267,216.9,12.6,1.232,1.778,0.499
448,2023-09-25 17:23:11.200000,2023-09-25 17:23:22.184744,2.429,2.326,213.2,10.1,1.141,1.925,0.393
449,2023-09-25 17:23:11.225000,2023-09-25 17:23:22.209764,2.613,2.556,210.4,6.4,1.185,2.187,0.257
450,2023-09-25 17:23:11.250000,2023-09-25 17:23:22.234757,2.894,2.852,207.6,4.9,1.242,2.528,0.227
451,2023-09-25 17:23:11.275000,2023-09-25 17:23:22.259818,3.257,3.212,206.8,5.6,1.379,2.863,0.293
452,2023-09-25 17:23:11.300000,2023-09-25 17:23:22.284752,3.538,3.524,204.8,2.8,1.486,3.171,0.241
453,2023-09-25 17:23:11.325000,2023-09-25 17:23:22.309755,3.803,3.789,204.6,2.8,1.624,3.397,0.241
454,2023-09-25 17:23:11.350000,2023-09-25 17:23:22.334754,3.998,3.984,204.6,2.8,1.706,3.574,0.241
455,2023-09-25 17:23:11.375000,2023-09-25 17:23:22.359798,4.241,4.221,204.3,3.7,1.776,3.802,0.314
456,2023-09-25 17:23:11.400000,2023-09-25 17:23:22.384748,4.228,4.211,204.6,3.0,1.792,3.783,0.267
457,2023-09-25 17:23:11.425000,2023-09-25 17:23:22.409812,4.252,4.235,206.8,3.0,1.911,3.772,0.267
458,2023-09-25 17:23:11.450000,2023-09-25 17:23:22.434755,4.224,4.207,207.8,3.0,1.945,3.724,0.267
459,2023-09-25 17:23:11.475000,2023-09-25 17:23:22.459777,4.075,4.058,208.4,3.0,1.897,3.578,0.267
460,2023-09-25 17:23:11.500000,2023-09-25 17:23:22.484737,3.768,3.756,209.2,2.3,1.777,3.297,0.196
461,2023-09-25 17:23:11.525000,2023-09-25 17:23:22.509743,3.525,3.516,209.5,1.6,1.685,3.075,0.13
462,2023-09-25 17:23:11.550000,2023-09-25 17:23:22.534758,3.4,3.394,209.4,0.9,1.621,2.97,0.073
463,2023-09-25 17:23:11.575000,2023-09-25 17:23:22.559760,3.348,3.342,209.1,0.9,1.58,2.934,0.073
464,2023-09-25 17:23:11.600000,2023-09-25 17:23:22.584737,3.187,3.181,210.0,0.9,1.544,2.771,0.073
465,2023-09-25 17:23:11.625000,2023-09-25 17:23:22.609775,2.944,2.908,212.6,3.1,1.527,2.462,0.127
466,2023-09-25 17:23:11.650000,2023-09-25 17:23:22.634741,2.896,2.841,214.4,5.1,1.568,2.348,0.235
467,2023-09-25 17:23:11.675000,2023-09-25 17:23:22.659726,2.886,2.831,213.6,5.1,1.527,2.355,0.235
468,2023-09-25 17:23:11.700000,2023-09-25 17:23:22.684717,3.172,3.109,211.8,6.1,1.516,2.656,0.331
469,2023-09-25 17:23:11.725000,2023-09-25 17:23:22.709713,3.369,3.306,209.7,6.1,1.475,2.886,0.331
470,2023-09-25 17:23:11.750000,2023-09-25 17:23:22.734740,3.552,3.489,207.1,6.1,1.413,3.108,0.331
471,2023-09-25 17:23:11.775000,2023-09-25 17:23:22.759705,3.754,3.691,205.0,6.1,1.335,3.345,0.331
472,2023-09-25 17:23:11.800000,2023-09-25 17:23:22.784716,3.913,3.85,202.6,6.1,1.202,3.542,0.331
473,2023-09-25 17:23:11.825000,2023-09-25 17:23:22.809712,4.056,3.993,200.0,6.1,1.053,3.734,0.331
474,2023-09-25 17:23:11.850000,2023-09-25 17:23:22.834714,4.32,4.257,197.5,6.1,0.998,4.031,0.331
475,2023-09-25 17:23:11.875000,2023-09-25 17:23:22.859712,4.563,4.536,193.3,3.0,0.889,4.375,0.204
476,2023-09-25 17:23:11.900000,2023-09-25 17:23:22.884707,4.722,4.714,188.4,1.0,0.65,4.643,0.096
477,2023-09-25 17:23:11.925000,2023-09-25 17:23:22.909701,4.821,4.813,186.2,1.0,0.526,4.761,0.096
478,2023-09-25 17:23:11.950000,2023-09-25 17:23:22.934713,4.554,4.554,185.2,0.0,0.419,4.517,0.0
479,2023-09-25 17:23:11.975000,2023-09-25 17:23:22.959752,4.481,4.477,186.1,0.8,0.458,4.424,0.054
480,2023-09-25 17:23:12,2023-09-25 17:23:22.984694,4.359,4.35,186.4,1.9,0.45,4.295,0.113
481,2023-09-25 17:23:12.025000,2023-09-25 17:23:23.009708,4.008,3.999,185.8,1.9,0.38,3.95,0.113
482,2023-09-25 17:23:12.050000,2023-09-25 17:23:23.034735,3.604,3.595,185.9,1.9,0.362,3.547,0.113
483,2023-09-25 17:23:12.075000,2023-09-25 17:23:23.059729,3.162,3.153,189.1,1.9,0.367,3.093,0.113
484,2023-09-25 17:23:12.100000,2023-09-25 17:23:23.084720,2.817,2.779,194.5,5.4,0.403,2.657,0.203
485,2023-09-25 17:23:12.125000,2023-09-25 17:23:23.109714,2.47,2.376,198.4,10.7,0.417,2.232,0.316
486,2023-09-25 17:23:12.150000,2023-09-25 17:23:23.134770,2.13,2.036,201.7,10.7,0.51,1.875,0.316
487,2023-09-25 17:23:12.175000,2023-09-25 17:23:23.159692,1.883,1.789,202.9,10.7,0.555,1.626,0.316
488,2023-09-25 17:23:12.200000,2023-09-25 17:23:23.184711,1.994,1.9,204.8,10.7,0.681,1.71,0.316
489,2023-09-25 17:23:12.225000,2023-09-25 17:23:23.209713,2.139,2.046,205.2,10.5,0.767,1.831,0.32
490,2023-09-25 17:23:12.250000,2023-09-25 17:23:23.234705,2.251,2.163,207.2,9.4,0.922,1.889,0.261
491,2023-09-25 17:23:12.275000,2023-09-25 17:23:23.259696,2.603,2.512,209.8,10.0,1.165,2.173,0.318
492,2023-09-25 17:23:12.300000,2023-09-25 17:23:23.284702,3.024,2.929,212.3,10.7,1.405,2.527,0.381
493,2023-09-25 17:23:12.325000,2023-09-25 17:23:23.309704,3.482,3.384,211.5,11.3,1.607,2.935,0.435
494,2023-09-25 17:23:12.350000,2023-09-25 17:23:23.334714,3.874,3.802,207.9,8.4,1.741,3.363,0.404
495,2023-09-25 17:23:12.375000,2023-09-25 17:23:23.359723,4.171,4.155,206.2,3.1,1.884,3.691,0.291
496,2023-09-25 17:23:12.400000,2023-09-25 17:23:23.384689,4.472,4.456,206.0,3.1,2.021,3.958,0.291
497,2023-09-25 17:23:12.425000,2023-09-25 17:23:23.409702,4.691,4.675,208.1,3.1,2.19,4.124,0.291
498,2023-09-25 17:23:12.450000,2023-09-25 17:23:23.435088,4.688,4.672,209.0,3.1,2.247,4.093,0.291
499,2023-09-25 17:23:12.475000,2023-09-25 17:23:23.459675,4.495,4.482,209.7,2.5,2.199,3.903,0.233
500,2023-09-25 17:23:12.500000,2023-09-25 17:23:23.484686,4.413,4.4,209.4,2.5,2.14,3.843,0.233
501,2023-09-25 17:23:12.525000,2023-09-25 17:23:23.509689,4.231,4.221,209.7,1.9,2.069,3.677,0.176
502,2023-09-25 17:23:12.550000,2023-09-25 17:23:23.534703,4.065,4.059,210.1,1.2,2.013,3.523,0.113
503,2023-09-25 17:23:12.575000,2023-09-25 17:23:23.559673,3.886,3.883,211.3,0.6,1.993,3.326,0.059
504,2023-09-25 17:23:12.600000,2023-09-25 17:23:23.584694,3.72,3.715,212.9,1.0,2.002,3.116,0.064
505,2023-09-25 17:23:12.625000,2023-09-25 17:23:23.610282,3.663,3.658,213.3,1.0,1.995,3.054,0.064
506,2023-09-25 17:23:12.650000,2023-09-25 17:23:23.634705,3.524,3.519,214.4,1.0,1.975,2.902,0.064
507,2023-09-25 17:23:12.675000,2023-09-25 17:23:23.659673,3.465,3.46,215.1,1.0,1.977,2.829,0.064
508,2023-09-25 17:23:12.700000,2023-09-25 17:23:23.684670,3.44,3.435,215.2,1.0,1.97,2.804,0.064
509,2023-09-25 17:23:12.725000,2023-09-25 17:23:23.709686,3.436,3.431,215.5,1.0,1.985,2.789,0.064
510,2023-09-25 17:23:12.750000,2023-09-25 17:23:23.734713,3.491,3.486,216.0,1.0,2.042,2.817,0.064
511,2023-09-25 17:23:12.775000,2023-09-25 17:23:23.759643,3.514,3.509,216.3,1.0,2.07,2.827,0.064
512,2023-09-25 17:23:12.800000,2023-09-25 17:23:23.784674,3.602,3.597,216.5,1.0,2.133,2.89,0.064
513,2023-09-25 17:23:12.825000,2023-09-25 17:23:23.809685,3.665,3.66,216.2,1.0,2.159,2.949,0.064
514,2023-09-25 17:23:12.850000,2023-09-25 17:23:23.834690,3.794,3.79,214.9,0.6,2.16,3.11,0.057
515,2023-09-25 17:23:12.875000,2023-09-25 17:23:23.859669,3.859,3.855,214.6,0.6,2.171,3.178,0.057
516,2023-09-25 17:23:12.900000,2023-09-25 17:23:23.884672,4.016,4.012,213.5,0.6,2.202,3.345,0.057
517,2023-09-25 17:23:12.925000,2023-09-25 17:23:23.909726,4.11,4.106,212.6,0.6,2.206,3.454,0.057
518,2023-09-25 17:23:12.950000,2023-09-25 17:23:23.934684,4.289,4.28,212.0,1.4,2.25,3.628,0.128
519,2023-09-25 17:23:12.975000,2023-09-25 17:23:23.959668,4.522,4.509,210.9,2.0,2.293,3.868,0.19
520,2023-09-25 17:23:13,2023-09-25 17:23:23.984660,4.652,4.634,209.4,2.8,2.251,4.033,0.259
521,2023-09-25 17:23:13.025000,2023-09-25 17:23:24.009750,4.876,4.852,208.4,3.6,2.291,4.26,0.34
522,2023-09-25 17:23:13.050000,2023-09-25 17:23:24.034676,4.839,4.815,208.9,3.6,2.299,4.208,0.34
523,2023-09-25 17:23:13.075000,2023-09-25 17:23:24.059647,4.911,4.887,209.1,3.6,2.351,4.259,0.34
524,2023-09-25 17:23:13.100000,2023-09-25 17:23:24.084659,4.898,4.878,209.8,3.0,2.39,4.222,0.283
525,2023-09-25 17:23:13.125000,2023-09-25 17:23:24.109847,4.961,4.941,211.3,3.3,2.528,4.202,0.311
526,2023-09-25 17:23:13.150000,2023-09-25 17:23:24.136854,5.049,5.029,212.5,3.3,2.657,4.22,0.311
527,2023-09-25 17:23:13.175000,2023-09-25 17:23:24.159638,5.156,5.136,213.2,3.3,2.763,4.279,0.311
528,2023-09-25 17:23:13.200000,2023-09-25 17:23:24.184658,5.106,5.091,214.4,2.5,2.825,4.188,0.24
529,2023-09-25 17:23:13.225000,2023-09-25 17:23:24.209634,5.163,5.149,215.6,2.4,2.959,4.174,0.23
530,2023-09-25 17:23:13.250000,2023-09-25 17:23:24.236929,5.167,5.158,217.8,1.9,3.129,4.077,0.187
531,2023-09-25 17:23:13.275000,2023-09-25 17:23:24.259652,5.064,5.06,219.7,1.4,3.216,3.9,0.134
532,2023-09-25 17:23:13.300000,2023-09-25 17:23:24.284648,5.137,5.133,220.1,1.6,3.286,3.935,0.147
533,2023-09-25 17:23:13.325000,2023-09-25 17:23:24.309738,5.136,5.132,220.2,1.6,3.294,3.927,0.147
534,2023-09-25 17:23:13.350000,2023-09-25 17:23:24.334713,5.088,5.083,220.8,2.0,3.307,3.853,0.177
535,2023-09-25 17:23:13.375000,2023-09-25 17:23:24.359642,5.021,5.016,221.1,2.0,3.28,3.786,0.172
536,2023-09-25 17:23:13.400000,2023-09-25 17:23:24.384663,4.957,4.952,221.5,2.2,3.267,3.711,0.188
537,2023-09-25 17:23:13.425000,2023-09-25 17:23:24.409777,4.905,4.894,222.2,3.1,3.272,3.632,0.262
538,2023-09-25 17:23:13.450000,2023-09-25 17:23:24.434670,4.946,4.929,222.7,3.9,3.328,3.631,0.338
539,2023-09-25 17:23:13.475000,2023-09-25 17:23:24.459642,4.902,4.884,222.5,4.1,3.285,3.606,0.355
540,2023-09-25 17:23:13.500000,2023-09-25 17:23:24.484635,4.807,4.785,222.4,4.6,3.213,3.537,0.391
541,2023-09-25 17:23:13.525000,2023-09-25 17:23:24.509752,4.746,4.717,222.8,5.4,3.183,3.469,0.445
542,2023-09-25 17:23:13.550000,2023-09-25 17:23:24.534659,4.717,4.688,221.9,5.2,3.107,3.493,0.432
543,2023-09-25 17:23:13.575000,2023-09-25 17:23:24.559639,4.865,4.831,221.4,5.9,3.154,3.638,0.509
544,2023-09-25 17:23:13.600000,2023-09-25 17:23:24.584631,4.87,4.828,221.9,6.6,3.175,3.612,0.568
545,2023-09-25 17:23:13.625000,2023-09-25 17:23:24.609810,4.856,4.8,221.6,7.8,3.139,3.608,0.653
546,2023-09-25 17:23:13.650000,2023-09-25 17:23:24.634667,4.911,4.847,221.2,8.6,3.144,3.668,0.725
547,2023-09-25 17:23:13.675000,2023-09-25 17:23:24.659638,4.93,4.868,221.1,8.5,3.151,3.69,0.716
548,2023-09-25 17:23:13.700000,2023-09-25 17:23:24.684650,4.921,4.863,221.1,8.1,3.147,3.687,0.677
549,2023-09-25 17:23:13.725000,2023-09-25 17:23:24.709702,4.85,4.795,222.2,7.8,3.18,3.571,0.64
550,2023-09-25 17:23:13.750000,2023-09-25 17:23:24.734660,5.056,5.003,221.9,7.5,3.291,3.75,0.635
551,2023-09-25 17:23:13.775000,2023-09-25 17:23:24.759637,5.086,5.037,221.4,7.2,3.29,3.799,0.618
552,2023-09-25 17:23:13.800000,2023-09-25 17:23:24.784621,5.083,5.027,222.3,8.2,3.341,3.745,0.694
553,2023-09-25 17:23:13.825000,2023-09-25 17:23:24.809713,4.886,4.824,223.7,8.8,3.3,3.511,0.716
554,2023-09-25 17:23:13.850000,2023-09-25 17:23:24.834609,4.957,4.902,223.3,8.1,3.331,3.59,0.666
555,2023-09-25 17:23:13.875000,2023-09-25 17:23:24.859617,5.013,4.966,223.5,7.5,3.386,3.627,0.634
556,2023-09-25 17:23:13.900000,2023-09-25 17:23:24.884620,4.938,4.892,223.9,7.5,3.363,3.548,0.623
557,2023-09-25 17:23:13.925000,2023-09-25 17:23:24.909693,4.875,4.826,223.8,7.7,3.316,3.502,0.634
558,2023-09-25 17:23:13.950000,2023-09-25 17:23:24.934632,4.918,4.871,223.5,7.3,3.326,3.553,0.597
559,2023-09-25 17:23:13.975000,2023-09-25 17:23:24.959623,4.939,4.893,222.8,6.9,3.293,3.612,0.565
560,2023-09-25 17:23:14,2023-09-25 17:23:24.984618,4.833,4.789,222.9,6.4,3.236,3.525,0.508
561,2023-09-25 17:23:14.025000,2023-09-25 17:23:25.009791,4.951,4.911,222.4,5.6,3.28,3.647,0.443
562,2023-09-25 17:23:14.050000,2023-09-25 17:23:25.034628,5.083,5.05,222.1,4.8,3.355,3.766,0.384
563,2023-09-25 17:23:14.075000,2023-09-25 17:23:25.059614,5.223,5.201,221.2,3.5,3.41,3.923,0.285
564,2023-09-25 17:23:14.100000,2023-09-25 17:23:25.084615,5.288,5.266,220.9,3.5,3.435,3.988,0.289
565,2023-09-25 17:23:14.125000,2023-09-25 17:23:25.109723,5.353,5.337,220.4,2.6,3.449,4.07,0.213
566,2023-09-25 17:23:14.150000,2023-09-25 17:23:25.134640,5.389,5.38,220.0,1.6,3.449,4.128,0.136
567,2023-09-25 17:23:14.175000,2023-09-25 17:23:25.159611,5.556,5.549,219.3,1.3,3.506,4.297,0.132
568,2023-09-25 17:23:14.200000,2023-09-25 17:23:25.184597,5.564,5.554,219.2,1.9,3.504,4.304,0.194
569,2023-09-25 17:23:14.225000,2023-09-25 17:23:25.209703,5.634,5.62,218.9,2.5,3.519,4.375,0.262
570,2023-09-25 17:23:14.250000,2023-09-25 17:23:25.234631,5.617,5.602,219.0,3.0,3.513,4.356,0.303
571,2023-09-25 17:23:14.275000,2023-09-25 17:23:25.259586,5.647,5.629,219.1,3.6,3.539,4.372,0.363
572,2023-09-25 17:23:14.300000,2023-09-25 17:23:25.284603,5.567,5.542,219.1,4.4,3.482,4.307,0.429
573,2023-09-25 17:23:14.325000,2023-09-25 17:23:25.309697,5.441,5.407,219.6,5.5,3.423,4.177,0.517
574,2023-09-25 17:23:14.350000,2023-09-25 17:23:25.334614,5.295,5.254,220.0,6.2,3.346,4.04,0.562
575,2023-09-25 17:23:14.375000,2023-09-25 17:23:25.359600,5.151,5.102,220.7,7.4,3.284,3.89,0.647
576,2023-09-25 17:23:14.400000,2023-09-25 17:23:25.384601,5.081,5.023,221.0,8.6,3.254,3.811,0.734
577,2023-09-25 17:23:14.425000,2023-09-25 17:23:25.409690,4.94,4.887,221.6,7.9,3.211,3.673,0.662
578,2023-09-25 17:23:14.450000,2023-09-25 17:23:25.434625,4.673,4.58,222.3,10.4,3.04,3.415,0.755
579,2023-09-25 17:23:14.475000,2023-09-25 17:23:25.459591,4.454,4.365,221.9,9.8,2.895,3.254,0.687
580,2023-09-25 17:23:14.500000,2023-09-25 17:23:25.484612,4.565,4.472,220.5,10.0,2.841,3.419,0.724
581,2023-09-25 17:23:14.525000,2023-09-25 17:23:25.509662,4.411,4.321,219.3,9.4,2.667,3.351,0.664
582,2023-09-25 17:23:14.550000,2023-09-25 17:23:25.534614,4.352,4.269,218.7,8.4,2.592,3.344,0.581
583,2023-09-25 17:23:14.575000,2023-09-25 17:23:25.559578,4.304,4.23,218.2,7.3,2.536,3.343,0.493
584,2023-09-25 17:23:14.600000,2023-09-25 17:23:25.584625,4.153,4.088,217.7,6.2,2.414,3.263,0.405
585,2023-09-25 17:23:14.625000,2023-09-25 17:23:25.609679,4.163,4.106,217.0,5.0,2.39,3.309,0.32
586,2023-09-25 17:23:14.650000,2023-09-25 17:23:25.638228,4.4,4.346,215.4,4.6,2.401,3.591,0.32
587,2023-09-25 17:23:14.675000,2023-09-25 17:23:25.659586,4.484,4.43,213.8,4.6,2.328,3.734,0.32
588,2023-09-25 17:23:14.700000,2023-09-25 17:23:25.684562,4.634,4.623,210.8,1.5,2.265,3.988,0.165
589,2023-09-25 17:23:14.725000,2023-09-25 17:23:25.709785,4.774,4.752,208.0,2.7,2.098,4.173,0.269
590,2023-09-25 17:23:14.750000,2023-09-25 17:23:25.734584,4.596,4.571,206.2,3.1,1.888,4.052,0.272
591,2023-09-25 17:23:14.775000,2023-09-25 17:23:25.759560,4.579,4.543,204.0,4.4,1.721,4.071,0.367
592,2023-09-25 17:23:14.800000,2023-09-25 17:23:25.784561,4.55,4.514,200.8,4.4,1.492,4.118,0.367
593,2023-09-25 17:23:14.825000,2023-09-25 17:23:25.809623,4.639,4.598,198.4,5.3,1.369,4.276,0.442
594,2023-09-25 17:23:14.850000,2023-09-25 17:23:25.834617,4.676,4.635,197.1,5.3,1.333,4.343,0.442
595,2023-09-25 17:23:14.875000,2023-09-25 17:23:25.859564,4.556,4.515,196.2,5.3,1.223,4.276,0.442
596,2023-09-25 17:23:14.900000,2023-09-25 17:23:25.884576,4.271,4.236,196.9,4.5,1.139,4.003,0.355
597,2023-09-25 17:23:14.925000,2023-09-25 17:23:25.909683,4.104,4.069,197.6,4.5,1.114,3.827,0.355
598,2023-09-25 17:23:14.950000,2023-09-25 17:23:25.934587,4.032,3.997,199.3,4.5,1.199,3.71,0.355
599,2023-09-25 17:23:14.975000,2023-09-25 17:23:25.959564,4.031,4.003,201.4,4.0,1.386,3.667,0.315
600,2023-09-25 17:23:15,2023-09-25 17:23:25.984565,3.896,3.876,203.7,2.9,1.483,3.497,0.234
601,2023-09-25 17:23:15.025000,2023-09-25 17:23:26.009715,3.809,3.8,206.1,1.6,1.614,3.38,0.139
602,2023-09-25 17:23:15.050000,2023-09-25 17:23:26.034591,3.727,3.718,208.6,1.6,1.748,3.26,0.139
603,2023-09-25 17:23:15.075000,2023-09-25 17:23:26.059560,3.556,3.552,209.9,0.7,1.768,3.074,0.064
604,2023-09-25 17:23:15.100000,2023-09-25 17:23:26.084554,3.541,3.537,210.0,0.7,1.764,3.06,0.064
605,2023-09-25 17:23:15.125000,2023-09-25 17:23:26.109657,3.586,3.582,210.0,0.7,1.787,3.098,0.064
606,2023-09-25 17:23:15.150000,2023-09-25 17:23:26.134582,3.526,3.522,209.3,0.7,1.72,3.068,0.064
607,2023-09-25 17:23:15.175000,2023-09-25 17:23:26.159540,3.497,3.493,209.6,0.7,1.721,3.034,0.064
608,2023-09-25 17:23:15.200000,2023-09-25 17:23:26.184563,3.439,3.435,208.7,0.7,1.646,3.01,0.064
609,2023-09-25 17:23:15.225000,2023-09-25 17:23:26.209653,3.285,3.285,208.7,0.0,1.58,2.875,0.0
610,2023-09-25 17:23:15.250000,2023-09-25 17:23:26.234590,3.48,3.475,207.9,0.8,1.621,3.069,0.068
611,2023-09-25 17:23:15.275000,2023-09-25 17:23:26.259516,3.602,3.59,206.9,1.8,1.604,3.201,0.15
612,2023-09-25 17:23:15.300000,2023-09-25 17:23:26.284544,3.605,3.593,205.2,1.8,1.512,3.238,0.15
613,2023-09-25 17:23:15.325000,2023-09-25 17:23:26.309810,3.711,3.692,203.3,2.8,1.432,3.37,0.224
614,2023-09-25 17:23:15.350000,2023-09-25 17:23:26.334570,3.722,3.703,201.2,2.8,1.327,3.414,0.224
615,2023-09-25 17:23:15.375000,2023-09-25 17:23:26.359530,3.791,3.764,199.2,4.0,1.227,3.517,0.307
616,2023-09-25 17:23:15.400000,2023-09-25 17:23:26.384534,3.797,3.77,196.8,4.0,1.101,3.556,0.307
617,2023-09-25 17:23:15.425000,2023-09-25 17:23:26.409619,3.846,3.812,193.7,5.1,0.929,3.656,0.384
618,2023-09-25 17:23:15.450000,2023-09-25 17:23:26.434575,3.823,3.789,192.4,5.1,0.852,3.656,0.384
619,2023-09-25 17:23:15.475000,2023-09-25 17:23:26.459545,3.734,3.7,192.5,5.1,0.818,3.574,0.384
620,2023-09-25 17:23:15.500000,2023-09-25 17:23:26.484521,3.491,3.462,191.6,4.3,0.68,3.371,0.316
621,2023-09-25 17:23:15.525000,2023-09-25 17:23:26.509547,3.277,3.255,192.4,3.3,0.645,3.163,0.234
622,2023-09-25 17:23:15.550000,2023-09-25 17:23:26.534580,3.183,3.161,194.1,3.3,0.694,3.046,0.234
623,2023-09-25 17:23:15.575000,2023-09-25 17:23:26.559544,2.96,2.945,195.7,2.3,0.709,2.816,0.16
624,2023-09-25 17:23:15.600000,2023-09-25 17:23:26.584536,2.876,2.861,197.2,2.3,0.758,2.717,0.16
625,2023-09-25 17:23:15.625000,2023-09-25 17:23:26.609596,2.836,2.822,197.6,2.3,0.775,2.674,0.151
626,2023-09-25 17:23:15.650000,2023-09-25 17:23:26.634576,2.919,2.899,199.4,3.3,0.899,2.726,0.223
627,2023-09-25 17:23:15.675000,2023-09-25 17:23:26.659527,2.811,2.798,200.0,2.2,0.924,2.622,0.146
628,2023-09-25 17:23:15.700000,2023-09-25 17:23:26.684519,2.731,2.718,199.5,2.2,0.889,2.546,0.146
629,2023-09-25 17:23:15.725000,2023-09-25 17:23:26.709619,2.68,2.667,197.1,2.2,0.777,2.523,0.146
630,2023-09-25 17:23:15.750000,2023-09-25 17:23:26.734573,2.575,2.562,195.8,2.2,0.716,2.427,0.146
631,2023-09-25 17:23:15.775000,2023-09-25 17:23:26.759533,2.439,2.426,195.8,2.2,0.655,2.304,0.146
632,2023-09-25 17:23:15.800000,2023-09-25 17:23:26.784526,2.366,2.353,196.2,2.2,0.63,2.234,0.146
633,2023-09-25 17:23:15.825000,2023-09-25 17:23:26.809625,2.359,2.346,196.9,2.2,0.647,2.217,0.146
634,2023-09-25 17:23:15.850000,2023-09-25 17:23:26.834553,2.317,2.304,198.5,2.2,0.68,2.15,0.146
635,2023-09-25 17:23:15.875000,2023-09-25 17:23:26.859569,2.096,2.09,198.5,1.0,0.624,1.943,0.072
636,2023-09-25 17:23:15.900000,2023-09-25 17:23:26.884506,1.832,1.832,196.7,0.0,0.49,1.711,0.0
637,2023-09-25 17:23:15.925000,2023-09-25 17:23:26.909603,1.715,1.715,195.7,0.0,0.442,1.598,0.0
638,2023-09-25 17:23:15.950000,2023-09-25 17:23:26.934536,1.704,1.704,195.7,0.0,0.441,1.587,0.0
639,2023-09-25 17:23:15.975000,2023-09-25 17:23:26.959492,1.728,1.728,195.7,0.0,0.439,1.611,0.0
640,2023-09-25 17:23:16,2023-09-25 17:23:26.984498,1.807,1.807,195.6,0.0,0.436,1.69,0.0
641,2023-09-25 17:23:16.025000,2023-09-25 17:23:27.009702,1.894,1.894,193.3,0.0,0.4,1.789,0.0
642,2023-09-25 17:23:16.050000,2023-09-25 17:23:27.034622,1.885,1.885,189.9,0.0,0.309,1.805,0.0
643,2023-09-25 17:23:16.075000,2023-09-25 17:23:27.059501,1.915,1.915,186.4,0.0,0.199,1.865,0.0
644,2023-09-25 17:23:16.100000,2023-09-25 17:23:27.084502,2.082,2.077,180.9,1.0,-0.03,2.055,0.061
645,2023-09-25 17:23:16.125000,2023-09-25 17:23:27.109770,2.163,2.158,179.1,1.0,-0.079,2.141,0.061
646,2023-09-25 17:23:16.150000,2023-09-25 17:23:27.134523,2.246,2.241,178.7,1.0,-0.09,2.224,0.061
647,2023-09-25 17:23:16.175000,2023-09-25 17:23:27.159508,2.271,2.266,178.8,1.0,-0.086,2.249,0.061
648,2023-09-25 17:23:16.200000,2023-09-25 17:23:27.184520,2.296,2.291,175.6,1.0,-0.208,2.251,0.061
649,2023-09-25 17:23:16.225000,2023-09-25 17:23:27.209602,2.261,2.256,173.6,1.0,-0.281,2.206,0.061
650,2023-09-25 17:23:16.250000,2023-09-25 17:23:27.234527,2.197,2.192,173.0,1.0,-0.297,2.141,0.061
651,2023-09-25 17:23:16.275000,2023-09-25 17:23:27.259490,2.231,2.226,171.7,1.0,-0.348,2.173,0.061
652,2023-09-25 17:23:16.300000,2023-09-25 17:23:27.284512,2.269,2.264,172.0,1.0,-0.342,2.211,0.061
653,2023-09-25 17:23:16.325000,2023-09-25 17:23:27.309595,2.251,2.246,171.7,1.0,-0.353,2.192,0.061
654,2023-09-25 17:23:16.350000,2023-09-25 17:23:27.334512,2.034,2.034,173.2,0.0,-0.253,1.995,0.0
655,2023-09-25 17:23:16.375000,2023-09-25 17:23:27.359468,1.974,1.974,173.1,0.0,-0.254,1.934,0.0
656,2023-09-25 17:23:16.400000,2023-09-25 17:23:27.384481,1.89,1.89,172.9,0.0,-0.255,1.85,0.0
657,2023-09-25 17:23:16.425000,2023-09-25 17:23:27.409589,1.801,1.801,171.2,0.0,-0.284,1.757,0.0
658,2023-09-25 17:23:16.450000,2023-09-25 17:23:27.434530,1.651,1.651,171.5,0.0,-0.215,1.624,0.0
659,2023-09-25 17:23:16.475000,2023-09-25 17:23:27.459504,1.589,1.589,175.7,0.0,-0.088,1.559,0.0
660,2023-09-25 17:23:16.500000,2023-09-25 17:23:27.484496,1.604,1.604,178.8,0.0,0.005,1.557,0.0
661,2023-09-25 17:23:16.525000,2023-09-25 17:23:27.509597,1.536,1.536,182.9,0.0,0.129,1.466,0.0
662,2023-09-25 17:23:16.550000,2023-09-25 17:23:27.534528,1.539,1.539,186.0,0.0,0.231,1.44,0.0
663,2023-09-25 17:23:16.575000,2023-09-25 17:23:27.559501,1.553,1.553,188.9,0.0,0.338,1.435,0.0
664,2023-09-25 17:23:16.600000,2023-09-25 17:23:27.584485,1.614,1.614,191.3,0.0,0.423,1.48,0.0
665,2023-09-25 17:23:16.625000,2023-09-25 17:23:27.609561,1.672,1.672,194.7,0.0,0.548,1.508,0.0
666,2023-09-25 17:23:16.650000,2023-09-25 17:23:27.634524,1.735,1.735,198.2,0.0,0.658,1.542,0.0
667,2023-09-25 17:23:16.675000,2023-09-25 17:23:27.659484,1.851,1.844,205.7,1.4,0.863,1.559,0.052
668,2023-09-25 17:23:16.700000,2023-09-25 17:23:27.684476,1.863,1.856,209.1,1.4,0.914,1.576,0.052
669,2023-09-25 17:23:16.725000,2023-09-25 17:23:27.709563,1.785,1.778,210.1,1.4,0.894,1.499,0.052
670,2023-09-25 17:23:16.750000,2023-09-25 17:23:27.734514,1.663,1.656,206.8,1.4,0.808,1.394,0.052
671,2023-09-25 17:23:16.775000,2023-09-25 17:23:27.759481,1.553,1.546,203.6,1.4,0.72,1.31,0.052
672,2023-09-25 17:23:16.800000,2023-09-25 17:23:27.784491,1.442,1.435,202.7,1.4,0.649,1.221,0.052
673,2023-09-25 17:23:16.825000,2023-09-25 17:23:27.809478,1.412,1.405,201.3,1.4,0.591,1.208,0.052
674,2023-09-25 17:23:16.850000,2023-09-25 17:23:27.839800,1.415,1.408,201.2,1.4,0.588,1.213,0.052
675,2023-09-25 17:23:16.875000,2023-09-25 17:23:27.859479,1.42,1.413,201.1,1.4,0.587,1.22,0.052
676,2023-09-25 17:23:16.900000,2023-09-25 17:23:27.884472,1.43,1.423,200.6,1.4,0.577,1.237,0.052
677,2023-09-25 17:23:16.925000,2023-09-25 17:23:27.909482,1.425,1.425,197.7,0.0,0.504,1.308,0.0
678,2023-09-25 17:23:16.950000,2023-09-25 17:23:27.934496,1.524,1.524,199.4,0.0,0.576,1.386,0.0
679,2023-09-25 17:23:16.975000,2023-09-25 17:23:27.959477,1.615,1.615,198.6,0.0,0.607,1.472,0.0
680,2023-09-25 17:23:17,2023-09-25 17:23:27.984478,1.7,1.7,203.1,0.0,0.704,1.528,0.0
681,2023-09-25 17:23:17.025000,2023-09-25 17:23:28.009517,1.824,1.813,207.2,2.0,0.813,1.601,0.062
682,2023-09-25 17:23:17.050000,2023-09-25 17:23:28.034505,1.895,1.866,210.2,4.8,0.892,1.605,0.135
683,2023-09-25 17:23:17.075000,2023-09-25 17:23:28.059475,1.894,1.848,215.4,7.3,1.01,1.5,0.214
684,2023-09-25 17:23:17.100000,2023-09-25 17:23:28.084485,1.874,1.805,219.2,10.1,1.08,1.388,0.307
685,2023-09-25 17:23:17.125000,2023-09-25 17:23:28.109474,1.847,1.778,220.1,10.1,1.095,1.345,0.307
686,2023-09-25 17:23:17.150000,2023-09-25 17:23:28.134515,1.853,1.751,221.6,13.3,1.122,1.294,0.421
687,2023-09-25 17:23:17.175000,2023-09-25 17:23:28.159471,1.863,1.748,224.1,15.3,1.187,1.233,0.495
688,2023-09-25 17:23:17.200000,2023-09-25 17:23:28.184457,1.882,1.752,225.8,17.4,1.238,1.201,0.573
689,2023-09-25 17:23:17.225000,2023-09-25 17:23:28.209473,1.908,1.778,227.1,17.4,1.288,1.201,0.573
690,2023-09-25 17:23:17.250000,2023-09-25 17:23:28.234546,1.952,1.784,227.8,21.1,1.304,1.193,0.688
691,2023-09-25 17:23:17.275000,2023-09-25 17:23:28.259464,1.938,1.76,228.1,22.0,1.295,1.169,0.706
692,2023-09-25 17:23:17.300000,2023-09-25 17:23:28.284456,1.994,1.834,226.3,19.2,1.306,1.26,0.633
693,2023-09-25 17:23:17.325000,2023-09-25 17:23:28.309466,2.021,1.878,223.3,16.7,1.268,1.362,0.554
694,2023-09-25 17:23:17.350000,2023-09-25 17:23:28.334505,2.001,1.881,221.0,13.9,1.224,1.414,0.461
695,2023-09-25 17:23:17.375000,2023-09-25 17:23:28.359451,1.935,1.789,221.3,17.5,1.172,1.339,0.542
696,2023-09-25 17:23:17.400000,2023-09-25 17:23:28.384428,1.866,1.72,223.1,18.2,1.148,1.259,0.521
697,2023-09-25 17:23:17.425000,2023-09-25 17:23:28.409479,1.789,1.621,223.6,20.3,1.073,1.193,0.541
698,2023-09-25 17:23:17.450000,2023-09-25 17:23:28.434515,1.715,1.5,224.2,23.8,0.992,1.103,0.579
699,2023-09-25 17:23:17.475000,2023-09-25 17:23:28.459456,1.632,1.417,224.2,23.8,0.938,1.039,0.579
700,2023-09-25 17:23:17.500000,2023-09-25 17:23:28.484461,1.597,1.392,224.7,23.6,0.928,1.014,0.553
701,2023-09-25 17:23:17.525000,2023-09-25 17:23:28.509555,1.593,1.391,225.0,23.4,0.933,1.007,0.547
702,2023-09-25 17:23:17.550000,2023-09-25 17:23:28.534485,1.52,1.286,225.7,27.3,0.882,0.914,0.636
703,2023-09-25 17:23:17.575000,2023-09-25 17:23:28.559457,1.419,1.185,226.1,27.3,0.836,0.824,0.636
704,2023-09-25 17:23:17.600000,2023-09-25 17:23:28.584441,1.369,1.123,226.6,29.9,0.807,0.768,0.69
705,2023-09-25 17:23:17.625000,2023-09-25 17:23:28.609451,1.294,1.074,222.7,26.3,0.734,0.747,0.609
706,2023-09-25 17:23:17.650000,2023-09-25 17:23:28.634472,1.217,1.029,210.3,23.3,0.576,0.721,0.526
707,2023-09-25 17:23:17.675000,2023-09-25 17:23:28.659431,1.199,1.046,203.1,19.2,0.455,0.786,0.432
708,2023-09-25 17:23:17.700000,2023-09-25 17:23:28.684432,1.184,1.093,197.7,13.6,0.388,0.861,0.316
709,2023-09-25 17:23:17.725000,2023-09-25 17:23:28.709448,1.173,1.082,192.5,13.6,0.299,0.871,0.316
710,2023-09-25 17:23:17.750000,2023-09-25 17:23:28.734499,1.13,1.067,187.2,10.1,0.198,0.9,0.227
711,2023-09-25 17:23:17.775000,2023-09-25 17:23:28.759428,1.095,1.05,182.4,7.4,0.09,0.929,0.153
712,2023-09-25 17:23:17.800000,2023-09-25 17:23:28.784431,1.08,1.067,178.3,3.5,0.02,0.973,0.064
713,2023-09-25 17:23:17.825000,2023-09-25 17:23:28.809425,1.083,1.07,175.5,3.5,-0.031,0.996,0.064
714,2023-09-25 17:23:17.850000,2023-09-25 17:23:28.834491,1.028,1.027,171.6,0.9,-0.104,0.981,0.01
715,2023-09-25 17:23:17.875000,2023-09-25 17:23:28.859436,1.005,1.004,171.8,0.9,-0.103,0.958,0.01
716,2023-09-25 17:23:17.900000,2023-09-25 17:23:28.884447,1.047,1.009,183.2,4.9,0.014,0.975,0.084
717,2023-09-25 17:23:17.925000,2023-09-25 17:23:28.909452,0.985,0.947,192.0,4.9,0.103,0.87,0.084
718,2023-09-25 17:23:17.950000,2023-09-25 17:23:28.934453,0.891,0.853,199.0,4.9,0.138,0.758,0.084
719,2023-09-25 17:23:17.975000,2023-09-25 17:23:28.959417,0.853,0.815,202.5,4.9,0.181,0.719,0.084
720,2023-09-25 17:23:18,2023-09-25 17:23:28.984418,0.852,0.769,208.3,10.2,0.239,0.646,0.172
721,2023-09-25 17:23:18.025000,2023-09-25 17:23:29.009422,0.789,0.706,215.0,10.2,0.3,0.545,0.172
722,2023-09-25 17:23:18.050000,2023-09-25 17:23:29.034458,0.765,0.642,220.0,15.5,0.345,0.459,0.252
723,2023-09-25 17:23:18.075000,2023-09-25 17:23:29.059422,0.753,0.587,225.4,20.9,0.384,0.373,0.336
724,2023-09-25 17:23:18.100000,2023-09-25 17:23:29.084424,0.782,0.584,231.6,25.6,0.443,0.332,0.408
725,2023-09-25 17:23:18.125000,2023-09-25 17:23:29.109438,0.842,0.571,237.5,33.0,0.465,0.304,0.505
726,2023-09-25 17:23:18.150000,2023-09-25 17:23:29.134461,0.829,0.567,238.2,32.6,0.467,0.295,0.49
727,2023-09-25 17:23:18.175000,2023-09-25 17:23:29.159420,0.887,0.582,237.0,37.6,0.476,0.315,0.582
728,2023-09-25 17:23:18.200000,2023-09-25 17:23:29.184414,0.966,0.661,237.2,37.6,0.549,0.342,0.582
729,2023-09-25 17:23:18.225000,2023-09-25 17:23:29.209430,1.037,0.732,242.0,37.6,0.649,0.331,0.582
730,2023-09-25 17:23:18.250000,2023-09-25 17:23:29.234450,1.01,0.75,245.5,32.3,0.679,0.293,0.494
731,2023-09-25 17:23:18.275000,2023-09-25 17:23:29.259409,1.11,0.831,244.6,35.1,0.742,0.346,0.571
732,2023-09-25 17:23:18.300000,2023-09-25 17:23:29.284405,1.195,0.947,244.4,31.6,0.828,0.424,0.549
733,2023-09-25 17:23:18.325000,2023-09-25 17:23:29.309411,1.292,1.078,242.9,27.9,0.915,0.526,0.524
734,2023-09-25 17:23:18.350000,2023-09-25 17:23:29.334465,1.355,1.173,240.5,23.2,0.958,0.622,0.452
735,2023-09-25 17:23:18.375000,2023-09-25 17:23:29.359384,1.468,1.359,237.7,15.8,1.056,0.784,0.355
736,2023-09-25 17:23:18.400000,2023-09-25 17:23:29.384420,1.541,1.454,236.4,13.0,1.111,0.864,0.335
737,2023-09-25 17:23:18.425000,2023-09-25 17:23:29.409424,1.563,1.519,233.8,8.0,1.127,0.942,0.243
738,2023-09-25 17:23:18.450000,2023-09-25 17:23:29.434448,1.602,1.558,230.1,8.0,1.105,1.029,0.243
739,2023-09-25 17:23:18.475000,2023-09-25 17:23:29.459399,1.593,1.549,226.3,8.0,1.048,1.087,0.243
740,2023-09-25 17:23:18.500000,2023-09-25 17:23:29.484410,1.632,1.531,221.9,13.8,1.012,1.132,0.346
741,2023-09-25 17:23:18.525000,2023-09-25 17:23:29.509422,1.612,1.502,220.5,14.7,0.969,1.139,0.354
742,2023-09-25 17:23:18.550000,2023-09-25 17:23:29.534456,1.517,1.416,218.9,12.9,0.885,1.098,0.296
743,2023-09-25 17:23:18.575000,2023-09-25 17:23:29.559397,1.416,1.25,219.4,18.7,0.765,0.983,0.333
744,2023-09-25 17:23:18.600000,2023-09-25 17:23:29.584391,1.265,1.099,216.6,18.7,0.664,0.869,0.333
745,2023-09-25 17:23:18.625000,2023-09-25 17:23:29.609407,1.164,0.962,219.5,23.4,0.61,0.727,0.416
746,2023-09-25 17:23:18.650000,2023-09-25 17:23:29.634454,1.113,0.892,221.4,25.5,0.581,0.652,0.442
747,2023-09-25 17:23:18.675000,2023-09-25 17:23:29.659394,1.111,0.869,223.0,28.7,0.59,0.611,0.516
748,2023-09-25 17:23:18.700000,2023-09-25 17:23:29.684382,1.093,0.824,224.2,32.5,0.582,0.56,0.595
749,2023-09-25 17:23:18.725000,2023-09-25 17:23:29.709407,1.044,0.775,222.5,32.5,0.536,0.527,0.595
750,2023-09-25 17:23:18.750000,2023-09-25 17:23:29.734406,0.939,0.727,200.0,26.7,0.489,0.465,0.492
751,2023-09-25 17:23:18.775000,2023-09-25 17:23:29.759394,0.866,0.682,199.5,23.0,0.454,0.436,0.407
752,2023-09-25 17:23:18.800000,2023-09-25 17:23:29.784380,0.903,0.719,199.8,23.0,0.481,0.463,0.407
753,2023-09-25 17:23:18.825000,2023-09-25 17:23:29.809395,0.969,0.859,197.2,15.5,0.533,0.596,0.311
754,2023-09-25 17:23:18.850000,2023-09-25 17:23:29.834428,1.104,0.994,200.0,15.5,0.625,0.696,0.311
755,2023-09-25 17:23:18.875000,2023-09-25 17:23:29.859382,1.155,1.081,197.0,10.8,0.648,0.798,0.228
756,2023-09-25 17:23:18.900000,2023-09-25 17:23:29.884387,1.151,1.103,192.1,7.0,0.591,0.867,0.153
757,2023-09-25 17:23:18.925000,2023-09-25 17:23:29.909417,1.13,1.103,190.3,3.8,0.565,0.892,0.079
758,2023-09-25 17:23:18.950000,2023-09-25 17:23:29.934453,1.182,1.142,190.8,3.8,0.602,0.91,0.113
759,2023-09-25 17:23:18.975000,2023-09-25 17:23:29.959373,1.281,1.198,194.0,7.9,0.677,0.928,0.226
760,2023-09-25 17:23:19,2023-09-25 17:23:29.984377,1.434,1.294,217.4,12.7,0.77,1.01,0.353
761,2023-09-25 17:23:19.025000,2023-09-25 17:23:30.009393,1.513,1.342,218.9,16.5,0.821,1.025,0.444
762,2023-09-25 17:23:19.050000,2023-09-25 17:23:30.034452,1.516,1.294,220.6,21.7,0.809,0.97,0.548
763,2023-09-25 17:23:19.075000,2023-09-25 17:23:30.059352,1.411,1.189,219.3,21.7,0.75,0.88,0.548
764,2023-09-25 17:23:19.100000,2023-09-25 17:23:30.084376,1.388,1.166,217.9,21.7,0.709,0.88,0.548
765,2023-09-25 17:23:19.125000,2023-09-25 17:23:30.109412,1.352,1.13,217.5,21.7,0.682,0.855,0.548
766,2023-09-25 17:23:19.150000,2023-09-25 17:23:30.134452,1.405,1.123,220.5,26.7,0.731,0.822,0.677
767,2023-09-25 17:23:19.175000,2023-09-25 17:23:30.159369,1.478,1.196,221.0,26.7,0.786,0.871,0.677
768,2023-09-25 17:23:19.200000,2023-09-25 17:23:30.184373,1.474,1.232,219.9,22.9,0.787,0.918,0.564
769,2023-09-25 17:23:19.225000,2023-09-25 17:23:30.209367,1.537,1.325,219.3,20.7,0.838,0.998,0.529
770,2023-09-25 17:23:19.250000,2023-09-25 17:23:30.234423,1.583,1.414,218.0,18.0,0.881,1.082,0.48
771,2023-09-25 17:23:19.275000,2023-09-25 17:23:30.259357,1.643,1.505,216.7,14.2,0.921,1.171,0.389
772,2023-09-25 17:23:19.300000,2023-09-25 17:23:30.284364,1.693,1.606,214.9,9.0,0.961,1.272,0.285
773,2023-09-25 17:23:19.325000,2023-09-25 17:23:30.309374,1.77,1.683,216.4,9.0,1.011,1.335,0.285
774,2023-09-25 17:23:19.350000,2023-09-25 17:23:30.334395,1.736,1.649,216.9,9.0,1.004,1.299,0.285
775,2023-09-25 17:23:19.375000,2023-09-25 17:23:30.359365,1.751,1.638,218.1,12.5,1.017,1.276,0.367
776,2023-09-25 17:23:19.400000,2023-09-25 17:23:30.384361,1.693,1.64,217.4,7.5,1.008,1.285,0.238
777,2023-09-25 17:23:19.425000,2023-09-25 17:23:30.409370,1.675,1.609,217.9,9.7,0.999,1.252,0.305
778,2023-09-25 17:23:19.450000,2023-09-25 17:23:30.434411,1.631,1.565,218.1,9.7,0.976,1.214,0.305
779,2023-09-25 17:23:19.475000,2023-09-25 17:23:30.459355,1.536,1.437,220.2,12.6,0.913,1.09,0.33
780,2023-09-25 17:23:19.500000,2023-09-25 17:23:30.484350,1.472,1.387,219.7,10.5,0.869,1.062,0.252
781,2023-09-25 17:23:19.525000,2023-09-25 17:23:30.509359,1.478,1.393,217.8,10.5,0.811,1.103,0.252
782,2023-09-25 17:23:19.550000,2023-09-25 17:23:30.534386,1.459,1.374,217.9,10.5,0.801,1.086,0.252
783,2023-09-25 17:23:19.575000,2023-09-25 17:23:30.559343,1.468,1.383,219.1,10.5,0.831,1.076,0.252
784,2023-09-25 17:23:19.600000,2023-09-25 17:23:30.584339,1.488,1.403,218.0,10.5,0.821,1.104,0.252
785,2023-09-25 17:23:19.625000,2023-09-25 17:23:30.609354,1.503,1.421,218.1,10.2,0.835,1.116,0.253
786,2023-09-25 17:23:19.650000,2023-09-25 17:23:30.634357,1.529,1.419,218.9,13.9,0.846,1.105,0.336
787,2023-09-25 17:23:19.675000,2023-09-25 17:23:30.659351,1.51,1.388,220.1,15.0,0.84,1.063,0.354
788,2023-09-25 17:23:19.700000,2023-09-25 17:23:30.684339,1.476,1.354,220.1,15.0,0.818,1.037,0.354
789,2023-09-25 17:23:19.725000,2023-09-25 17:23:30.709356,1.438,1.362,217.7,10.2,0.798,1.074,0.251
790,2023-09-25 17:23:19.750000,2023-09-25 17:23:30.734348,1.475,1.382,219.2,12.7,0.841,1.059,0.33
791,2023-09-25 17:23:19.775000,2023-09-25 17:23:30.759370,1.461,1.349,222.1,15.3,0.904,0.975,0.417
792,2023-09-25 17:23:19.800000,2023-09-25 17:23:30.784346,1.509,1.37,224.2,18.2,0.965,0.942,0.519
793,2023-09-25 17:23:19.825000,2023-09-25 17:23:30.809354,1.573,1.415,224.8,20.7,1.01,0.962,0.607
794,2023-09-25 17:23:19.850000,2023-09-25 17:23:30.834340,1.648,1.45,227.6,24.5,1.08,0.955,0.722
795,2023-09-25 17:23:19.875000,2023-09-25 17:23:30.859339,1.677,1.464,228.2,25.0,1.1,0.955,0.751
796,2023-09-25 17:23:19.900000,2023-09-25 17:23:30.884335,1.705,1.489,229.1,24.9,1.131,0.957,0.764
797,2023-09-25 17:23:19.925000,2023-09-25 17:23:30.909346,1.684,1.462,229.1,25.5,1.109,0.942,0.765
798,2023-09-25 17:23:19.950000,2023-09-25 17:23:30.934332,1.725,1.503,228.2,25.5,1.117,0.988,0.765
799,2023-09-25 17:23:19.975000,2023-09-25 17:23:30.959311,1.794,1.572,227.5,25.5,1.144,1.054,0.765
800,2023-09-25 17:23:20,2023-09-25 17:23:30.984325,1.75,1.545,224.9,23.0,1.071,1.079,0.686
801,2023-09-25 17:23:20.025000,2023-09-25 17:23:31.009345,1.65,1.464,222.6,20.4,0.978,1.051,0.599
802,2023-09-25 17:23:20.050000,2023-09-25 17:23:31.034328,1.597,1.416,221.1,20.5,0.913,1.053,0.576
803,2023-09-25 17:23:20.075000,2023-09-25 17:23:31.059327,1.603,1.432,220.6,19.7,0.91,1.078,0.552
804,2023-09-25 17:23:20.100000,2023-09-25 17:23:31.084324,1.589,1.458,219.7,15.9,0.911,1.113,0.437
805,2023-09-25 17:23:20.125000,2023-09-25 17:23:31.109356,1.554,1.461,218.5,12.2,0.891,1.135,0.325
806,2023-09-25 17:23:20.150000,2023-09-25 17:23:31.134323,1.577,1.515,216.4,8.6,0.885,1.213,0.229
807,2023-09-25 17:23:20.175000,2023-09-25 17:23:31.159300,1.807,1.773,213.3,5.5,0.958,1.48,0.193
808,2023-09-25 17:23:20.200000,2023-09-25 17:23:31.184312,1.956,1.922,213.1,5.5,1.025,1.612,0.193
809,2023-09-25 17:23:20.225000,2023-09-25 17:23:31.209322,1.984,1.95,212.5,5.5,1.021,1.645,0.193
810,2023-09-25 17:23:20.250000,2023-09-25 17:23:31.234295,1.996,1.962,210.2,5.5,0.968,1.671,0.193
811,2023-09-25 17:23:20.275000,2023-09-25 17:23:31.259288,2.09,2.056,207.7,5.5,0.928,1.777,0.193
812,2023-09-25 17:23:20.300000,2023-09-25 17:23:31.284303,2.083,2.071,204.2,2.5,0.855,1.825,0.114
813,2023-09-25 17:23:20.325000,2023-09-25 17:23:31.309309,2.059,2.056,203.4,0.8,0.825,1.829,0.05
814,2023-09-25 17:23:20.350000,2023-09-25 17:23:31.334301,2.098,2.095,203.0,0.8,0.837,1.869,0.05
815,2023-09-25 17:23:20.375000,2023-09-25 17:23:31.359302,2.125,2.122,202.5,0.8,0.841,1.899,0.05
816,2023-09-25 17:23:20.400000,2023-09-25 17:23:31.384310,2.148,2.135,204.2,2.6,0.891,1.872,0.115
817,2023-09-25 17:23:20.425000,2023-09-25 17:23:31.409294,2.033,2.018,205.9,3.0,0.898,1.727,0.117
818,2023-09-25 17:23:20.450000,2023-09-25 17:23:31.434300,2.12,2.102,205.9,3.7,0.941,1.8,0.163
819,2023-09-25 17:23:20.475000,2023-09-25 17:23:31.459271,2.287,2.266,206.1,4.4,1.019,1.944,0.21
820,2023-09-25 17:23:20.500000,2023-09-25 17:23:31.484311,2.408,2.387,209.0,4.4,1.159,2.022,0.21
821,2023-09-25 17:23:20.525000,2023-09-25 17:23:31.509314,2.491,2.47,212.3,4.4,1.312,2.054,0.21
822,2023-09-25 17:23:20.550000,2023-09-25 17:23:31.534299,2.588,2.567,215.2,4.4,1.44,2.106,0.21
823,2023-09-25 17:23:20.575000,2023-09-25 17:23:31.559293,2.74,2.715,214.1,5.3,1.463,2.26,0.265
824,2023-09-25 17:23:20.600000,2023-09-25 17:23:31.584479,2.781,2.756,213.7,5.3,1.471,2.304,0.265
825,2023-09-25 17:23:20.625000,2023-09-25 17:23:31.609341,2.847,2.822,213.0,5.3,1.479,2.375,0.265
826,2023-09-25 17:23:20.650000,2023-09-25 17:23:31.634299,2.864,2.849,211.2,3.5,1.448,2.438,0.2
827,2023-09-25 17:23:20.675000,2023-09-25 17:23:31.659289,2.792,2.749,211.2,5.8,1.38,2.365,0.251
828,2023-09-25 17:23:20.700000,2023-09-25 17:23:31.684680,2.586,2.506,214.0,9.1,1.308,2.109,0.314
829,2023-09-25 17:23:20.725000,2023-09-25 17:23:31.709315,2.382,2.256,217.3,13.0,1.242,1.843,0.382
830,2023-09-25 17:23:20.750000,2023-09-25 17:23:31.734288,2.264,2.102,219.9,16.9,1.198,1.674,0.483
831,2023-09-25 17:23:20.775000,2023-09-25 17:23:31.759295,2.164,1.987,220.5,19.3,1.146,1.57,0.556
832,2023-09-25 17:23:20.800000,2023-09-25 17:23:31.784289,2.089,1.899,222.6,21.5,1.134,1.456,0.621
833,2023-09-25 17:23:20.825000,2023-09-25 17:23:31.809309,1.926,1.74,224.4,20.6,1.123,1.28,0.566
834,2023-09-25 17:23:20.850000,2023-09-25 17:23:31.834286,1.877,1.674,226.2,23.0,1.134,1.186,0.648
835,2023-09-25 17:23:20.875000,2023-09-25 17:23:31.859294,1.839,1.61,229.4,25.9,1.182,1.063,0.75
836,2023-09-25 17:23:20.900000,2023-09-25 17:23:31.884292,1.83,1.567,231.0,29.1,1.197,0.995,0.866
837,2023-09-25 17:23:20.925000,2023-09-25 17:23:31.909325,1.871,1.577,233.2,30.1,1.239,0.955,0.917
838,2023-09-25 17:23:20.950000,2023-09-25 17:23:31.934266,1.995,1.741,234.2,26.1,1.4,0.999,0.808
839,2023-09-25 17:23:20.975000,2023-09-25 17:23:31.959285,2.16,1.945,233.1,22.9,1.541,1.15,0.769
840,2023-09-25 17:23:21,2023-09-25 17:23:31.984541,2.271,2.06,233.0,21.8,1.637,1.214,0.796
841,2023-09-25 17:23:21.025000,2023-09-25 17:23:32.009313,2.367,2.131,233.4,22.5,1.696,1.256,0.864
842,2023-09-25 17:23:21.050000,2023-09-25 17:23:32.034301,2.515,2.262,232.2,22.8,1.767,1.376,0.935
843,2023-09-25 17:23:21.075000,2023-09-25 17:23:32.059272,2.659,2.368,233.6,25.6,1.883,1.404,1.089
844,2023-09-25 17:23:21.100000,2023-09-25 17:23:32.084365,2.914,2.628,233.8,24.5,2.091,1.56,1.11
845,2023-09-25 17:23:21.125000,2023-09-25 17:23:32.109256,3.18,2.909,232.5,22.8,2.261,1.793,1.108
846,2023-09-25 17:23:21.150000,2023-09-25 17:23:32.134312,3.35,3.104,232.1,20.8,2.388,1.941,1.073
847,2023-09-25 17:23:21.175000,2023-09-25 17:23:32.159275,3.388,3.173,230.6,19.2,2.418,2.02,1.044
848,2023-09-25 17:23:21.200000,2023-09-25 17:23:32.184374,3.31,3.095,230.8,19.2,2.349,1.982,1.044
849,2023-09-25 17:23:21.225000,2023-09-25 17:23:32.209290,3.284,3.059,232.1,19.9,2.359,1.905,1.074
850,2023-09-25 17:23:21.250000,2023-09-25 17:23:32.234276,3.268,3.075,233.5,17.1,2.399,1.86,0.946
851,2023-09-25 17:23:21.275000,2023-09-25 17:23:32.259262,3.321,3.168,236.3,14.0,2.545,1.791,0.805
852,2023-09-25 17:23:21.300000,2023-09-25 17:23:32.284327,3.309,3.109,238.3,15.6,2.55,1.682,0.872
853,2023-09-25 17:23:21.325000,2023-09-25 17:23:32.309292,3.338,3.139,238.8,15.4,2.588,1.68,0.875
854,2023-09-25 17:23:21.350000,2023-09-25 17:23:32.334241,3.254,3.067,237.5,14.1,2.47,1.696,0.772
855,2023-09-25 17:23:21.375000,2023-09-25 17:23:32.359268,3.034,2.827,237.6,15.8,2.304,1.522,0.794
856,2023-09-25 17:23:21.400000,2023-09-25 17:23:32.384484,2.894,2.647,237.7,18.3,2.181,1.391,0.862
857,2023-09-25 17:23:21.425000,2023-09-25 17:23:32.409274,2.924,2.695,238.9,17.2,2.25,1.374,0.828
858,2023-09-25 17:23:21.450000,2023-09-25 17:23:32.434257,2.991,2.736,237.1,19.7,2.249,1.458,0.947
859,2023-09-25 17:23:21.475000,2023-09-25 17:23:32.459235,3.054,2.799,236.4,19.5,2.284,1.522,0.959
860,2023-09-25 17:23:21.500000,2023-09-25 17:23:32.484351,3.163,2.89,233.6,21.3,2.278,1.69,1.073
861,2023-09-25 17:23:21.525000,2023-09-25 17:23:32.509276,3.25,2.97,230.4,22.4,2.234,1.9,1.15
862,2023-09-25 17:23:21.550000,2023-09-25 17:23:32.534253,3.49,3.284,227.1,18.9,2.318,2.262,1.0
863,2023-09-25 17:23:21.575000,2023-09-25 17:23:32.559238,3.575,3.406,224.8,16.3,2.307,2.451,0.843
864,2023-09-25 17:23:21.600000,2023-09-25 17:23:32.584635,3.757,3.584,224.2,17.0,2.374,2.622,0.912
865,2023-09-25 17:23:21.625000,2023-09-25 17:23:32.609304,3.9,3.758,223.7,14.1,2.47,2.77,0.79
866,2023-09-25 17:23:21.650000,2023-09-25 17:23:32.634235,4.101,4.008,222.5,10.4,2.573,3.006,0.641
867,2023-09-25 17:23:21.675000,2023-09-25 17:23:32.659245,4.242,4.164,219.9,8.6,2.585,3.223,0.55
868,2023-09-25 17:23:21.700000,2023-09-25 17:23:32.684330,4.352,4.3,218.7,6.1,2.631,3.369,0.431
869,2023-09-25 17:23:21.725000,2023-09-25 17:23:32.709249,4.321,4.272,217.5,6.0,2.564,3.404,0.417
870,2023-09-25 17:23:21.750000,2023-09-25 17:23:32.734233,4.334,4.293,218.1,5.5,2.604,3.394,0.389
871,2023-09-25 17:23:21.775000,2023-09-25 17:23:32.759242,4.209,4.146,219.3,7.0,2.543,3.245,0.437
872,2023-09-25 17:23:21.800000,2023-09-25 17:23:32.784335,4.074,4.005,220.6,7.6,2.538,3.069,0.47
873,2023-09-25 17:23:21.825000,2023-09-25 17:23:32.809261,4.054,3.978,221.5,8.6,2.571,3.005,0.543
874,2023-09-25 17:23:21.850000,2023-09-25 17:23:32.834216,3.93,3.854,222.5,8.7,2.562,2.856,0.537
875,2023-09-25 17:23:21.875000,2023-09-25 17:23:32.859226,3.916,3.832,223.1,9.8,2.581,2.808,0.612
876,2023-09-25 17:23:21.900000,2023-09-25 17:23:32.884463,3.954,3.861,224.0,10.9,2.656,2.787,0.702
877,2023-09-25 17:23:21.925000,2023-09-25 17:23:32.909312,3.956,3.863,224.4,10.9,2.682,2.771,0.702
878,2023-09-25 17:23:21.950000,2023-09-25 17:23:32.934230,3.953,3.86,224.4,10.9,2.683,2.766,0.702
879,2023-09-25 17:23:21.975000,2023-09-25 17:23:32.959234,4.059,3.979,224.5,9.9,2.767,2.85,0.658
880,2023-09-25 17:23:22,2023-09-25 17:23:32.984630,4.091,4.004,224.3,10.3,2.777,2.876,0.689
881,2023-09-25 17:23:22.025000,2023-09-25 17:23:33.009289,4.24,4.17,223.1,9.1,2.85,3.04,0.668
882,2023-09-25 17:23:22.050000,2023-09-25 17:23:33.034231,4.257,4.192,222.6,8.7,2.838,3.08,0.641
883,2023-09-25 17:23:22.075000,2023-09-25 17:23:33.059231,4.189,4.109,222.4,9.8,2.771,3.029,0.692
884,2023-09-25 17:23:22.100000,2023-09-25 17:23:33.084755,4.118,4.007,222.3,11.5,2.697,2.958,0.783
885,2023-09-25 17:23:22.125000,2023-09-25 17:23:33.109328,4.094,3.985,222.3,11.5,2.677,2.946,0.775
886,2023-09-25 17:23:22.150000,2023-09-25 17:23:33.134210,4.075,3.972,222.0,11.1,2.649,2.953,0.739
887,2023-09-25 17:23:22.175000,2023-09-25 17:23:33.159211,4.094,3.989,221.7,11.7,2.638,2.983,0.785
888,2023-09-25 17:23:22.200000,2023-09-25 17:23:33.184374,4.124,4.016,221.7,12.4,2.653,3.007,0.835
889,2023-09-25 17:23:22.225000,2023-09-25 17:23:33.209240,4.019,3.91,222.2,12.6,2.599,2.91,0.832
890,2023-09-25 17:23:22.250000,2023-09-25 17:23:33.234209,3.886,3.769,222.4,13.3,2.505,2.804,0.829
891,2023-09-25 17:23:22.275000,2023-09-25 17:23:33.259207,3.758,3.649,223.2,12.8,2.456,2.685,0.772
892,2023-09-25 17:23:22.300000,2023-09-25 17:23:33.284414,3.645,3.54,223.2,12.0,2.383,2.605,0.713
893,2023-09-25 17:23:22.325000,2023-09-25 17:23:33.309229,3.573,3.49,222.9,9.9,2.337,2.58,0.589
894,2023-09-25 17:23:22.350000,2023-09-25 17:23:33.334205,3.489,3.441,223.1,7.7,2.311,2.538,0.447
895,2023-09-25 17:23:22.375000,2023-09-25 17:23:33.359198,3.395,3.353,222.3,6.6,2.224,2.499,0.38
896,2023-09-25 17:23:22.400000,2023-09-25 17:23:33.384305,3.203,3.164,222.1,5.9,2.102,2.355,0.326
897,2023-09-25 17:23:22.425000,2023-09-25 17:23:33.409227,3.042,3.005,221.8,5.3,1.995,2.236,0.28
898,2023-09-25 17:23:22.450000,2023-09-25 17:23:33.434188,2.903,2.869,218.7,4.6,1.769,2.189,0.23
899,2023-09-25 17:23:22.475000,2023-09-25 17:23:33.459198,2.871,2.841,216.4,3.1,1.655,2.242,0.145
900,2023-09-25 17:23:22.500000,2023-09-25 17:23:33.484292,2.914,2.908,214.1,0.4,1.605,2.364,0.012
901,2023-09-25 17:23:22.525000,2023-09-25 17:23:33.509210,2.897,2.893,211.5,-1.0,1.489,2.43,-0.063
902,2023-09-25 17:23:22.550000,2023-09-25 17:23:33.534194,2.916,2.911,210.1,-1.2,1.431,2.489,-0.076
903,2023-09-25 17:23:22.575000,2023-09-25 17:23:33.559194,2.974,2.969,209.0,-1.3,1.412,2.571,-0.08
904,2023-09-25 17:23:22.600000,2023-09-25 17:23:33.584246,3.02,3.015,207.6,-1.6,1.383,2.649,-0.094
905,2023-09-25 17:23:22.625000,2023-09-25 17:23:33.609207,3.049,3.044,207.2,-1.6,1.383,2.684,-0.093
906,2023-09-25 17:23:22.650000,2023-09-25 17:23:33.634192,3.073,3.068,206.8,-1.6,1.376,2.718,-0.093
907,2023-09-25 17:23:22.675000,2023-09-25 17:23:33.659168,3.049,3.044,207.0,-1.6,1.37,2.692,-0.093
908,2023-09-25 17:23:22.700000,2023-09-25 17:23:33.684281,3.02,3.015,209.8,-1.6,1.483,2.616,-0.093
909,2023-09-25 17:23:22.725000,2023-09-25 17:23:33.709212,2.951,2.947,211.1,-1.1,1.496,2.527,-0.065
910,2023-09-25 17:23:22.750000,2023-09-25 17:23:33.734189,2.875,2.872,212.3,-0.8,1.505,2.433,-0.046
911,2023-09-25 17:23:22.775000,2023-09-25 17:23:33.759182,2.842,2.841,213.9,-0.3,1.554,2.367,-0.018
912,2023-09-25 17:23:22.800000,2023-09-25 17:23:33.784243,2.776,2.776,215.1,-0.1,1.575,2.277,-0.005
913,2023-09-25 17:23:22.825000,2023-09-25 17:23:33.809216,2.694,2.69,216.3,1.0,1.579,2.17,0.042
914,2023-09-25 17:23:22.850000,2023-09-25 17:23:33.834188,2.623,2.617,217.8,1.9,1.593,2.068,0.082
915,2023-09-25 17:23:22.875000,2023-09-25 17:23:33.859190,2.561,2.553,218.4,2.7,1.577,2.0,0.114
916,2023-09-25 17:23:22.900000,2023-09-25 17:23:33.884236,2.538,2.528,218.8,3.4,1.58,1.967,0.147
917,2023-09-25 17:23:22.925000,2023-09-25 17:23:33.909210,2.545,2.534,218.7,4.0,1.583,1.973,0.175
918,2023-09-25 17:23:22.950000,2023-09-25 17:23:33.934178,2.506,2.495,219.4,4.3,1.578,1.927,0.187
919,2023-09-25 17:23:22.975000,2023-09-25 17:23:33.959171,2.525,2.512,219.0,5.0,1.577,1.949,0.215
920,2023-09-25 17:23:23,2023-09-25 17:23:33.984265,2.531,2.516,218.4,5.7,1.56,1.966,0.244
921,2023-09-25 17:23:23.025000,2023-09-25 17:23:34.009223,2.436,2.418,218.9,6.8,1.508,1.881,0.276
922,2023-09-25 17:23:23.050000,2023-09-25 17:23:34.034185,2.313,2.295,218.6,6.8,1.427,1.788,0.276
923,2023-09-25 17:23:23.075000,2023-09-25 17:23:34.059170,2.222,2.198,218.8,7.8,1.368,1.712,0.289
924,2023-09-25 17:23:23.100000,2023-09-25 17:23:34.084422,2.134,2.089,218.7,10.0,1.292,1.635,0.335
925,2023-09-25 17:23:23.125000,2023-09-25 17:23:34.109193,2.052,2.009,218.6,9.2,1.237,1.577,0.302
926,2023-09-25 17:23:23.150000,2023-09-25 17:23:34.134173,1.946,1.905,218.2,8.5,1.165,1.5,0.269
927,2023-09-25 17:23:23.175000,2023-09-25 17:23:34.159174,1.812,1.739,219.4,12.0,1.083,1.351,0.331
928,2023-09-25 17:23:23.200000,2023-09-25 17:23:34.184306,1.694,1.621,223.9,11.7,1.034,1.197,0.319
929,2023-09-25 17:23:23.225000,2023-09-25 17:23:34.209186,1.624,1.538,225.0,13.3,1.01,1.11,0.363
930,2023-09-25 17:23:23.250000,2023-09-25 17:23:34.234181,1.496,1.412,224.3,12.6,0.929,1.011,0.334
931,2023-09-25 17:23:23.275000,2023-09-25 17:23:34.259166,1.489,1.373,224.0,15.4,0.897,0.987,0.402
932,2023-09-25 17:23:23.300000,2023-09-25 17:23:34.284235,1.472,1.356,223.2,15.4,0.871,0.983,0.402
933,2023-09-25 17:23:23.325000,2023-09-25 17:23:34.309178,1.488,1.382,221.1,13.4,0.831,1.038,0.346
934,2023-09-25 17:23:23.350000,2023-09-25 17:23:34.334145,1.537,1.454,219.4,10.3,0.827,1.127,0.262
935,2023-09-25 17:23:23.375000,2023-09-25 17:23:34.359155,1.635,1.55,218.5,11.0,0.857,1.223,0.293
936,2023-09-25 17:23:23.400000,2023-09-25 17:23:34.384247,1.738,1.651,217.8,11.7,0.885,1.324,0.325
937,2023-09-25 17:23:23.425000,2023-09-25 17:23:34.409176,1.894,1.839,216.0,8.2,0.95,1.508,0.265
938,2023-09-25 17:23:23.450000,2023-09-25 17:23:34.434152,2.035,1.98,210.8,8.2,0.993,1.697,0.265
939,2023-09-25 17:23:23.475000,2023-09-25 17:23:34.459152,2.063,2.023,209.8,5.9,0.996,1.75,0.193
940,2023-09-25 17:23:23.500000,2023-09-25 17:23:34.484348,2.154,2.112,211.7,6.9,1.091,1.791,0.228
941,2023-09-25 17:23:23.525000,2023-09-25 17:23:34.509193,2.207,2.193,212.8,4.5,1.172,1.823,0.182
942,2023-09-25 17:23:23.550000,2023-09-25 17:23:34.534142,2.307,2.278,216.1,6.6,1.299,1.815,0.264
943,2023-09-25 17:23:23.575000,2023-09-25 17:23:34.559143,2.35,2.303,219.2,8.9,1.397,1.77,0.352
944,2023-09-25 17:23:23.600000,2023-09-25 17:23:34.584400,2.378,2.305,221.7,11.6,1.471,1.713,0.461
945,2023-09-25 17:23:23.625000,2023-09-25 17:23:34.609296,2.415,2.322,224.5,13.1,1.571,1.639,0.538
946,2023-09-25 17:23:23.650000,2023-09-25 17:23:34.634139,2.39,2.287,226.7,14.2,1.627,1.553,0.582
947,2023-09-25 17:23:23.675000,2023-09-25 17:23:34.659180,2.338,2.212,228.1,16.2,1.635,1.456,0.658
948,2023-09-25 17:23:23.700000,2023-09-25 17:23:34.684139,2.386,2.251,229.0,17.7,1.691,1.459,0.729
949,2023-09-25 17:23:23.725000,2023-09-25 17:23:34.709171,2.424,2.271,229.8,19.9,1.726,1.456,0.822
950,2023-09-25 17:23:23.750000,2023-09-25 17:23:34.734145,2.418,2.267,229.2,18.9,1.707,1.467,0.787
951,2023-09-25 17:23:23.775000,2023-09-25 17:23:34.759154,2.406,2.224,228.5,21.0,1.66,1.457,0.849
952,2023-09-25 17:23:23.800000,2023-09-25 17:23:34.784154,2.358,2.147,227.4,23.0,1.578,1.44,0.886
953,2023-09-25 17:23:23.825000,2023-09-25 17:23:34.809159,2.358,2.144,228.0,23.2,1.587,1.421,0.894
954,2023-09-25 17:23:23.850000,2023-09-25 17:23:34.834136,2.364,2.162,227.7,22.4,1.595,1.441,0.865
955,2023-09-25 17:23:23.875000,2023-09-25 17:23:34.859137,2.337,2.14,227.1,22.3,1.561,1.45,0.849
956,2023-09-25 17:23:23.900000,2023-09-25 17:23:34.884271,2.351,2.166,226.2,20.5,1.55,1.497,0.773
957,2023-09-25 17:23:23.925000,2023-09-25 17:23:34.909246,2.45,2.273,226.1,19.7,1.62,1.578,0.771
958,2023-09-25 17:23:23.950000,2023-09-25 17:23:34.934125,2.534,2.353,225.9,19.7,1.667,1.644,0.795
959,2023-09-25 17:23:23.975000,2023-09-25 17:23:34.959127,2.662,2.483,225.5,19.2,1.741,1.752,0.809
960,2023-09-25 17:23:24,2023-09-25 17:23:34.984325,2.771,2.58,227.4,20.8,1.866,1.758,0.895
961,2023-09-25 17:23:24.025000,2023-09-25 17:23:35.009165,2.929,2.776,226.8,17.2,1.979,1.919,0.779
962,2023-09-25 17:23:24.050000,2023-09-25 17:23:35.034125,3.066,2.957,225.8,13.1,2.075,2.076,0.66
963,2023-09-25 17:23:24.075000,2023-09-25 17:23:35.059119,3.128,3.04,223.8,10.6,2.079,2.195,0.564
964,2023-09-25 17:23:24.100000,2023-09-25 17:23:35.084410,3.204,3.123,223.7,9.9,2.137,2.254,0.553
965,2023-09-25 17:23:24.125000,2023-09-25 17:23:35.109157,3.243,3.162,223.4,9.7,2.159,2.289,0.559
966,2023-09-25 17:23:24.150000,2023-09-25 17:23:35.134115,3.205,3.102,225.3,12.2,2.167,2.19,0.655
967,2023-09-25 17:23:24.175000,2023-09-25 17:23:35.159116,3.141,3.043,226.6,12.0,2.167,2.101,0.629
968,2023-09-25 17:23:24.200000,2023-09-25 17:23:35.184233,3.076,2.976,227.5,12.3,2.153,2.019,0.627
969,2023-09-25 17:23:24.225000,2023-09-25 17:23:35.209225,3.024,2.915,227.7,12.9,2.119,1.968,0.645
970,2023-09-25 17:23:24.250000,2023-09-25 17:23:35.234111,3.025,2.92,226.1,12.6,2.068,2.033,0.632
971,2023-09-25 17:23:24.275000,2023-09-25 17:23:35.259103,2.993,2.883,226.8,13.6,2.071,1.98,0.689
972,2023-09-25 17:23:24.300000,2023-09-25 17:23:35.284470,3.01,2.893,227.0,14.8,2.086,1.98,0.76
973,2023-09-25 17:23:24.325000,2023-09-25 17:23:35.309129,3.075,2.958,226.7,14.8,2.113,2.041,0.76
974,2023-09-25 17:23:24.350000,2023-09-25 17:23:35.334101,3.089,2.979,225.6,13.6,2.076,2.101,0.691
975,2023-09-25 17:23:24.375000,2023-09-25 17:23:35.359104,3.1,3.007,224.0,11.7,2.03,2.178,0.593
976,2023-09-25 17:23:24.400000,2023-09-25 17:23:35.384118,3.091,3.02,222.1,9.2,1.992,2.241,0.497
977,2023-09-25 17:23:24.425000,2023-09-25 17:23:35.409144,3.05,2.99,219.4,7.6,1.885,2.298,0.419
978,2023-09-25 17:23:24.450000,2023-09-25 17:23:35.434101,3.214,3.165,216.7,6.5,1.855,2.539,0.384
979,2023-09-25 17:23:24.475000,2023-09-25 17:23:35.459092,3.19,3.166,214.5,4.2,1.761,2.596,0.259
980,2023-09-25 17:23:24.500000,2023-09-25 17:23:35.484079,3.191,3.175,213.6,2.9,1.725,2.634,0.186
981,2023-09-25 17:23:24.525000,2023-09-25 17:23:35.509123,3.332,3.315,211.3,2.8,1.673,2.835,0.204
982,2023-09-25 17:23:24.550000,2023-09-25 17:23:35.534092,3.439,3.421,209.2,2.7,1.607,2.995,0.216
983,2023-09-25 17:23:24.575000,2023-09-25 17:23:35.559090,3.438,3.42,207.8,2.7,1.533,3.036,0.216
984,2023-09-25 17:23:24.600000,2023-09-25 17:23:35.584105,3.459,3.441,206.6,2.7,1.483,3.09,0.216
985,2023-09-25 17:23:24.625000,2023-09-25 17:23:35.609124,3.541,3.523,205.8,2.7,1.48,3.184,0.216
986,2023-09-25 17:23:24.650000,2023-09-25 17:23:35.634097,3.855,3.832,204.2,3.5,1.548,3.499,0.292
987,2023-09-25 17:23:24.675000,2023-09-25 17:23:35.659077,4.078,4.047,202.5,4.6,1.522,3.734,0.379
988,2023-09-25 17:23:24.700000,2023-09-25 17:23:35.684076,3.967,3.94,200.9,3.9,1.377,3.667,0.321
989,2023-09-25 17:23:24.725000,2023-09-25 17:23:35.709102,4.023,3.996,200.2,3.9,1.351,3.734,0.321
990,2023-09-25 17:23:24.750000,2023-09-25 17:23:35.734068,4.108,4.081,198.7,3.9,1.3,3.849,0.321
991,2023-09-25 17:23:24.775000,2023-09-25 17:23:35.759060,4.115,4.086,197.8,4.1,1.237,3.875,0.333
992,2023-09-25 17:23:24.800000,2023-09-25 17:23:35.784075,4.09,4.069,197.2,3.0,1.188,3.872,0.25
993,2023-09-25 17:23:24.825000,2023-09-25 17:23:35.809137,4.224,4.193,195.3,4.1,1.083,4.021,0.346
994,2023-09-25 17:23:24.850000,2023-09-25 17:23:35.834066,4.308,4.277,193.4,4.1,0.978,4.134,0.346
995,2023-09-25 17:23:24.875000,2023-09-25 17:23:35.859065,4.421,4.39,192.2,4.1,0.925,4.271,0.346
996,2023-09-25 17:23:24.900000,2023-09-25 17:23:35.884086,4.359,4.333,190.5,3.3,0.774,4.252,0.27
997,2023-09-25 17:23:24.925000,2023-09-25 17:23:35.909089,4.29,4.272,191.0,2.2,0.795,4.185,0.183
998,2023-09-25 17:23:24.950000,2023-09-25 17:23:35.934050,4.398,4.38,192.0,2.2,0.893,4.272,0.183
999,2023-09-25 17:23:24.975000,2023-09-25 17:23:35.959058,4.518,4.499,193.2,1.9,1.016,4.354,0.156
1000,2023-09-25 17:23:25,2023-09-25 17:23:35.984087,4.591,4.572,194.1,2.0,1.109,4.396,0.167
1001,2023-09-25 17:23:25.025000,2023-09-25 17:23:36.009097,4.466,4.454,194.0,1.2,1.075,4.284,0.099
1002,2023-09-25 17:23:25.050000,2023-09-25 17:23:36.034054,4.358,4.346,192.6,1.2,0.978,4.189,0.099
1003,2023-09-25 17:23:25.075000,2023-09-25 17:23:36.059050,4.193,4.191,192.2,0.1,0.946,4.034,0.003
1004,2023-09-25 17:23:25.100000,2023-09-25 17:23:36.084057,4.08,4.078,192.0,0.1,0.925,3.922,0.003
1005,2023-09-25 17:23:25.125000,2023-09-25 17:23:36.109071,3.933,3.931,190.0,0.1,0.774,3.785,0.003
1006,2023-09-25 17:23:25.150000,2023-09-25 17:23:36.134052,3.78,3.778,189.4,0.1,0.718,3.635,0.003
1007,2023-09-25 17:23:25.175000,2023-09-25 17:23:36.159045,3.744,3.742,186.3,0.3,0.522,3.601,0.017
1008,2023-09-25 17:23:25.200000,2023-09-25 17:23:36.184141,3.623,3.621,183.6,0.3,0.326,3.502,0.017
