Train_V_Window_size_5_Number_of_centers_5,0.9529571207080368
Train_V_Window_size_10_Number_of_centers_5,0.8761820759429708
Train_V_Window_size_15_Number_of_centers_5,0.8586909623239567        ******
Train_V_Window_size_20_Number_of_centers_5,0.8730935243703598
Train_V_Window_size_25_Number_of_centers_5,0.8841397423644528
Train_V_Window_size_30_Number_of_centers_5,0.8920824620386191
Train_V_Window_size_35_Number_of_centers_5,0.9312722066673833
Train_V_Window_size_40_Number_of_centers_5,0.9357280414821031
Train_V_Window_size_45_Number_of_centers_5,0.9428330710552547
Train_V_Window_size_50_Number_of_centers_5,0.9493783364169573
Train_V_Window_size_55_Number_of_centers_5,0.9603402605780482
Train_V_Window_size_60_Number_of_centers_5,0.9695825755457878
Train_V_Window_size_65_Number_of_centers_5,0.9790267547011935
Train_V_Window_size_70_Number_of_centers_5,0.9881065503088409
Train_V_Window_size_75_Number_of_centers_5,0.9936414403655659
Train_V_Window_size_80_Number_of_centers_5,0.9980108947946665
Train_V_Window_size_85_Number_of_centers_5,1.0028151224234387
Train_V_Window_size_90_Number_of_centers_5,1.0076239583673505
Train_V_Window_size_95_Number_of_centers_5,1.0121677239399012
Train_V_Window_size_100_Number_of_centers_5,1.0168925486994638
Train_V_Window_size_10_Number_of_centers_10,0.9737709372249712
Train_V_Window_size_15_Number_of_centers_10,0.899330410206184
Train_V_Window_size_20_Number_of_centers_10,0.8781909521205237
Train_V_Window_size_25_Number_of_centers_10,0.881134229366892
Train_V_Window_size_30_Number_of_centers_10,0.8804208817966039
Train_V_Window_size_35_Number_of_centers_10,0.8638261116458475        ****
Train_V_Window_size_40_Number_of_centers_10,0.9340117594651673
Train_V_Window_size_45_Number_of_centers_10,0.874377405571803
Train_V_Window_size_50_Number_of_centers_10,0.8791636952743369
Train_V_Window_size_55_Number_of_centers_10,0.8858619817649571
Train_V_Window_size_60_Number_of_centers_10,0.8853377836368745
Train_V_Window_size_65_Number_of_centers_10,0.8955525931303195
Train_V_Window_size_70_Number_of_centers_10,0.8979402614306943
Train_V_Window_size_75_Number_of_centers_10,0.9151038185440877
Train_V_Window_size_80_Number_of_centers_10,0.9158150499947187
Train_V_Window_size_85_Number_of_centers_10,0.9225234671349455
Train_V_Window_size_90_Number_of_centers_10,0.9258456100673573
Train_V_Window_size_95_Number_of_centers_10,0.9306940086266106
Train_V_Window_size_100_Number_of_centers_10,0.9310462566726554
Train_V_Window_size_15_Number_of_centers_15,1.5869644211563758
Train_V_Window_size_20_Number_of_centers_15,1.0459652644276642
Train_V_Window_size_25_Number_of_centers_15,0.9571235639899983
Train_V_Window_size_30_Number_of_centers_15,0.9383174565289556
Train_V_Window_size_35_Number_of_centers_15,0.917194777706102
Train_V_Window_size_40_Number_of_centers_15,0.9183150365511388
Train_V_Window_size_45_Number_of_centers_15,0.8994622525198795
Train_V_Window_size_50_Number_of_centers_15,0.8880743064167641
Train_V_Window_size_55_Number_of_centers_15,0.865252517849633
Train_V_Window_size_60_Number_of_centers_15,0.8773125656313971
Train_V_Window_size_65_Number_of_centers_15,0.8831571814684717
Train_V_Window_size_70_Number_of_centers_15,0.8878146080382214
Train_V_Window_size_75_Number_of_centers_15,0.8711412092619083
Train_V_Window_size_80_Number_of_centers_15,0.8831087629331424
Train_V_Window_size_85_Number_of_centers_15,0.8692374360712678
Train_V_Window_size_90_Number_of_centers_15,0.8747042712523493
Train_V_Window_size_95_Number_of_centers_15,0.8768152545690872
Train_V_Window_size_100_Number_of_centers_15,0.8820741607504748
Train_V_Window_size_20_Number_of_centers_20,1.4366677515895538
Train_V_Window_size_25_Number_of_centers_20,1.1088953076585748
Train_V_Window_size_30_Number_of_centers_20,1.091439369809893
Train_V_Window_size_35_Number_of_centers_20,1.0180761382953578
Train_V_Window_size_40_Number_of_centers_20,0.9439917982977337
Train_V_Window_size_45_Number_of_centers_20,0.9178851211834207
Train_V_Window_size_50_Number_of_centers_20,0.9560825553091308
Train_V_Window_size_55_Number_of_centers_20,0.9533642342703552
Train_V_Window_size_60_Number_of_centers_20,0.9164903657733049
Train_V_Window_size_65_Number_of_centers_20,0.8888206002657661
Train_V_Window_size_70_Number_of_centers_20,0.8581336419262535       ******
Train_V_Window_size_75_Number_of_centers_20,0.8829336223028633
Train_V_Window_size_80_Number_of_centers_20,0.8837605830925861
Train_V_Window_size_85_Number_of_centers_20,0.8751681125612554
Train_V_Window_size_90_Number_of_centers_20,0.8757076885264407
Train_V_Window_size_95_Number_of_centers_20,0.8787961189873498
Train_V_Window_size_100_Number_of_centers_20,0.8635000742858053      ****
Train_V_Window_size_25_Number_of_centers_25,1.396978651717089
Train_V_Window_size_30_Number_of_centers_25,1.5568174060631388
Train_V_Window_size_35_Number_of_centers_25,1.014208734953111
Train_V_Window_size_40_Number_of_centers_25,0.9644074787238021
Train_V_Window_size_45_Number_of_centers_25,0.9710146313854775
Train_V_Window_size_50_Number_of_centers_25,0.9503832461841344
Train_V_Window_size_55_Number_of_centers_25,0.9617323365978071
Train_V_Window_size_60_Number_of_centers_25,0.9393551753148693
Train_V_Window_size_65_Number_of_centers_25,0.9461024248135593
Train_V_Window_size_70_Number_of_centers_25,0.9321409004354091
Train_V_Window_size_75_Number_of_centers_25,0.8973266121341236
Train_V_Window_size_80_Number_of_centers_25,0.8692076735221527
Train_V_Window_size_85_Number_of_centers_25,0.8731572684684675
Train_V_Window_size_90_Number_of_centers_25,0.8788469198071094
Train_V_Window_size_95_Number_of_centers_25,0.8871356589564965
Train_V_Window_size_100_Number_of_centers_25,0.868378039949245
Train_V_Window_size_30_Number_of_centers_30,1.4364523295832903
Train_V_Window_size_35_Number_of_centers_30,1.3092849131993138
Train_V_Window_size_40_Number_of_centers_30,1.185968784382614
Train_V_Window_size_45_Number_of_centers_30,0.9993904604533091
Train_V_Window_size_50_Number_of_centers_30,1.0826774439379558
Train_V_Window_size_55_Number_of_centers_30,0.9704671092246884
Train_V_Window_size_60_Number_of_centers_30,0.9823541285740869
Train_V_Window_size_65_Number_of_centers_30,0.9355819475765138
Train_V_Window_size_70_Number_of_centers_30,0.9355280704810657
Train_V_Window_size_75_Number_of_centers_30,0.9472493496469834
Train_V_Window_size_80_Number_of_centers_30,0.8965072887250961
Train_V_Window_size_85_Number_of_centers_30,0.9210624364010643
Train_V_Window_size_90_Number_of_centers_30,0.8835389698761904
Train_V_Window_size_95_Number_of_centers_30,0.8786869004024473
Train_V_Window_size_100_Number_of_centers_30,0.8751742328381756
Train_V_Window_size_35_Number_of_centers_35,1.4556522848146998
Train_V_Window_size_40_Number_of_centers_35,1.198597015031272
Train_V_Window_size_45_Number_of_centers_35,1.1708907655887475
Train_V_Window_size_50_Number_of_centers_35,1.0359431929319167
Train_V_Window_size_55_Number_of_centers_35,1.0278767244432727
Train_V_Window_size_60_Number_of_centers_35,0.9871333444713555
Train_V_Window_size_65_Number_of_centers_35,0.9549243674076624
Train_V_Window_size_70_Number_of_centers_35,0.9513098613466074
Train_V_Window_size_75_Number_of_centers_35,0.9516080962387891
Train_V_Window_size_80_Number_of_centers_35,0.9519017960853765
Train_V_Window_size_85_Number_of_centers_35,0.9273723262113298
Train_V_Window_size_90_Number_of_centers_35,0.9035825672026012
Train_V_Window_size_95_Number_of_centers_35,0.8979186055854379
Train_V_Window_size_100_Number_of_centers_35,0.8763235590075739
Train_V_Window_size_40_Number_of_centers_40,1.3305513074601547
Train_V_Window_size_45_Number_of_centers_40,1.2955419090796207
Train_V_Window_size_50_Number_of_centers_40,1.1737622418402616
Train_V_Window_size_55_Number_of_centers_40,1.1347391156099387
Train_V_Window_size_60_Number_of_centers_40,1.041463503054481
Train_V_Window_size_65_Number_of_centers_40,1.0464449573206152
Train_V_Window_size_70_Number_of_centers_40,1.0034625700350623
Train_V_Window_size_75_Number_of_centers_40,1.0519989146932758
Train_V_Window_size_80_Number_of_centers_40,0.9603861100044561
Train_V_Window_size_85_Number_of_centers_40,0.9073328285561582
Train_V_Window_size_90_Number_of_centers_40,0.8952664030584934
Train_V_Window_size_95_Number_of_centers_40,0.9429958299819872
Train_V_Window_size_100_Number_of_centers_40,0.8932491068872088
Train_V_Window_size_45_Number_of_centers_45,1.2506013246273482
Train_V_Window_size_50_Number_of_centers_45,1.211363523929289
Train_V_Window_size_55_Number_of_centers_45,1.1634680375963748
Train_V_Window_size_60_Number_of_centers_45,1.1130982799133358
Train_V_Window_size_65_Number_of_centers_45,1.1240621224627798
Train_V_Window_size_70_Number_of_centers_45,1.068464282276738
Train_V_Window_size_75_Number_of_centers_45,1.0568497455956545
Train_V_Window_size_80_Number_of_centers_45,0.9766856766812545
Train_V_Window_size_85_Number_of_centers_45,0.9429830705907968
Train_V_Window_size_90_Number_of_centers_45,0.9370648137097225
Train_V_Window_size_95_Number_of_centers_45,0.913664855827932
Train_V_Window_size_100_Number_of_centers_45,0.9271813089370328
Train_V_Window_size_50_Number_of_centers_50,1.3690580620156545
Train_V_Window_size_55_Number_of_centers_50,1.2564011601152743
Train_V_Window_size_60_Number_of_centers_50,1.105538188601559
Train_V_Window_size_65_Number_of_centers_50,1.1195667280020076
Train_V_Window_size_70_Number_of_centers_50,1.0822619596641094
Train_V_Window_size_75_Number_of_centers_50,1.0663566876633082
Train_V_Window_size_80_Number_of_centers_50,1.0309819926653274
Train_V_Window_size_85_Number_of_centers_50,0.9865466495090818
Train_V_Window_size_90_Number_of_centers_50,0.9465509587020391
Train_V_Window_size_95_Number_of_centers_50,0.9815790964319966
Train_V_Window_size_100_Number_of_centers_50,0.9075738684680911
Train_V_Window_size_55_Number_of_centers_55,1.3606049087681333
Train_V_Window_size_60_Number_of_centers_55,1.266638691371256
Train_V_Window_size_65_Number_of_centers_55,1.297708617585887
Train_V_Window_size_70_Number_of_centers_55,1.147690893469244
Train_V_Window_size_75_Number_of_centers_55,1.047029689493687
Train_V_Window_size_80_Number_of_centers_55,1.0620608420596573
Train_V_Window_size_85_Number_of_centers_55,1.0397604952607438
Train_V_Window_size_90_Number_of_centers_55,1.0046519560658944
Train_V_Window_size_95_Number_of_centers_55,0.9611487935195792
Train_V_Window_size_100_Number_of_centers_55,1.0127190057169777
Train_V_Window_size_60_Number_of_centers_60,1.3894669503374397
Train_V_Window_size_65_Number_of_centers_60,1.4327981963476206
Train_V_Window_size_70_Number_of_centers_60,1.2165420318368274
Train_V_Window_size_75_Number_of_centers_60,1.1387637998467421
Train_V_Window_size_80_Number_of_centers_60,1.141472344646312
Train_V_Window_size_85_Number_of_centers_60,1.0284446666130844
Train_V_Window_size_90_Number_of_centers_60,1.042928716121439
Train_V_Window_size_95_Number_of_centers_60,0.9962132819555051
Train_V_Window_size_100_Number_of_centers_60,0.993056419668597
Train_V_Window_size_65_Number_of_centers_65,1.593608391033949
Train_V_Window_size_70_Number_of_centers_65,1.2996089065325023
Train_V_Window_size_75_Number_of_centers_65,1.1468117034954632
Train_V_Window_size_80_Number_of_centers_65,1.1257713495250519
Train_V_Window_size_85_Number_of_centers_65,1.0852745764086824
Train_V_Window_size_90_Number_of_centers_65,1.0680760295538152
Train_V_Window_size_95_Number_of_centers_65,1.009428471327945
Train_V_Window_size_100_Number_of_centers_65,1.0428725576690758
Train_V_Window_size_70_Number_of_centers_70,1.266210412965373
Train_V_Window_size_75_Number_of_centers_70,1.2595452262211408
Train_V_Window_size_80_Number_of_centers_70,1.1880425513436057
Train_V_Window_size_85_Number_of_centers_70,1.0721724530367345
Train_V_Window_size_90_Number_of_centers_70,1.0512143733747048
Train_V_Window_size_95_Number_of_centers_70,1.071433805367052
Train_V_Window_size_100_Number_of_centers_70,1.0564666410585528
Train_V_Window_size_75_Number_of_centers_75,1.2191603507407773
Train_V_Window_size_80_Number_of_centers_75,1.308388240022397
Train_V_Window_size_85_Number_of_centers_75,1.0778490078456937
Train_V_Window_size_90_Number_of_centers_75,1.1029042323538825
Train_V_Window_size_95_Number_of_centers_75,1.1011673110692475
Train_V_Window_size_100_Number_of_centers_75,1.0841625375315043
Train_V_Window_size_80_Number_of_centers_80,1.3869862392150285
Train_V_Window_size_85_Number_of_centers_80,1.2006202776970925
Train_V_Window_size_90_Number_of_centers_80,1.167191314727096
Train_V_Window_size_95_Number_of_centers_80,1.077432409025268
Train_V_Window_size_100_Number_of_centers_80,1.0981230952614276
Train_V_Window_size_85_Number_of_centers_85,1.1842374495082448
Train_V_Window_size_90_Number_of_centers_85,1.3636647292448307
Train_V_Window_size_95_Number_of_centers_85,1.1656329691233622
Train_V_Window_size_100_Number_of_centers_85,1.1025150768555658
Train_V_Window_size_90_Number_of_centers_90,1.2333401470062657
Train_V_Window_size_95_Number_of_centers_90,1.1697447436275035
Train_V_Window_size_100_Number_of_centers_90,1.161354425574524
