Train_U_Window_size_5_Number_of_centers_5,0.6265639868604889
Train_U_Window_size_10_Number_of_centers_5,0.5952157934784004    ******
Train_U_Window_size_15_Number_of_centers_5,0.5962119197605009    ******
Train_U_Window_size_20_Number_of_centers_5,0.6144513568076287    ***
Train_U_Window_size_25_Number_of_centers_5,0.6338222715596481
Train_U_Window_size_30_Number_of_centers_5,0.6523451223394158
Train_U_Window_size_35_Number_of_centers_5,0.6690347229881115
Train_U_Window_size_40_Number_of_centers_5,0.6839208816563933
Train_U_Window_size_45_Number_of_centers_5,0.6963259932674244
Train_U_Window_size_50_Number_of_centers_5,0.7071907621281504
Train_U_Window_size_55_Number_of_centers_5,0.7171715172864093
Train_U_Window_size_60_Number_of_centers_5,0.7151133105310555
Train_U_Window_size_65_Number_of_centers_5,0.7145423108220321
Train_U_Window_size_70_Number_of_centers_5,0.7159329245239943
Train_U_Window_size_75_Number_of_centers_5,0.6894699661843932
Train_U_Window_size_80_Number_of_centers_5,0.6975708984904883
Train_U_Window_size_85_Number_of_centers_5,0.7451627782042246
Train_U_Window_size_90_Number_of_centers_5,0.712689089669514
Train_U_Window_size_95_Number_of_centers_5,0.7194497374270336
Train_U_Window_size_100_Number_of_centers_5,0.7366512347710303
Train_U_Window_size_10_Number_of_centers_10,2.5241208485852376
Train_U_Window_size_15_Number_of_centers_10,0.7646712100418026
Train_U_Window_size_20_Number_of_centers_10,0.7178988503890528
Train_U_Window_size_25_Number_of_centers_10,0.599605674635513    *****
Train_U_Window_size_30_Number_of_centers_10,0.6106625679979446   ***
Train_U_Window_size_35_Number_of_centers_10,0.6193857994611511
Train_U_Window_size_40_Number_of_centers_10,0.6032155905624218
Train_U_Window_size_45_Number_of_centers_10,0.6397936499092403
Train_U_Window_size_50_Number_of_centers_10,0.6273035865037336
Train_U_Window_size_55_Number_of_centers_10,0.6197017310931807
Train_U_Window_size_60_Number_of_centers_10,0.6346174518903601
Train_U_Window_size_65_Number_of_centers_10,0.6553430053049177
Train_U_Window_size_70_Number_of_centers_10,0.660645128730185
Train_U_Window_size_75_Number_of_centers_10,0.6637636262451555
Train_U_Window_size_80_Number_of_centers_10,0.6559859629839887
Train_U_Window_size_85_Number_of_centers_10,0.6728751511632077
Train_U_Window_size_90_Number_of_centers_10,0.668383942019629
Train_U_Window_size_95_Number_of_centers_10,0.661561148736647
Train_U_Window_size_100_Number_of_centers_10,0.6706596361160745
Train_U_Window_size_15_Number_of_centers_15,0.9892597390467626
Train_U_Window_size_20_Number_of_centers_15,0.7766382702670938
Train_U_Window_size_25_Number_of_centers_15,0.6517708259489964
Train_U_Window_size_30_Number_of_centers_15,0.6585911848373914
Train_U_Window_size_35_Number_of_centers_15,0.666835149045098
Train_U_Window_size_40_Number_of_centers_15,0.6306974773261487
Train_U_Window_size_45_Number_of_centers_15,0.6173418757569126
Train_U_Window_size_50_Number_of_centers_15,0.6461409565841112
Train_U_Window_size_55_Number_of_centers_15,0.6217661868397205
Train_U_Window_size_60_Number_of_centers_15,0.6470835205971992
Train_U_Window_size_65_Number_of_centers_15,0.6352539209471949
Train_U_Window_size_70_Number_of_centers_15,0.6339050971018396
Train_U_Window_size_75_Number_of_centers_15,0.6384305105797107
Train_U_Window_size_80_Number_of_centers_15,0.631615194927228
Train_U_Window_size_85_Number_of_centers_15,0.6388670820909479
Train_U_Window_size_90_Number_of_centers_15,0.6489154949058491
Train_U_Window_size_95_Number_of_centers_15,0.6334227812064868
Train_U_Window_size_100_Number_of_centers_15,0.6602520365681066
Train_U_Window_size_20_Number_of_centers_20,2.19034512550776
Train_U_Window_size_25_Number_of_centers_20,1.114394704420566
Train_U_Window_size_30_Number_of_centers_20,0.8091464407550855
Train_U_Window_size_35_Number_of_centers_20,0.7441127460898663
Train_U_Window_size_40_Number_of_centers_20,0.6957680478567544
Train_U_Window_size_45_Number_of_centers_20,0.6588432373088431
Train_U_Window_size_50_Number_of_centers_20,0.6631886942631118
Train_U_Window_size_55_Number_of_centers_20,0.6563220536327069
Train_U_Window_size_60_Number_of_centers_20,0.6358712335618469
Train_U_Window_size_65_Number_of_centers_20,0.6227055963876721
Train_U_Window_size_70_Number_of_centers_20,0.6235194707834197
Train_U_Window_size_75_Number_of_centers_20,0.6220946320407964
Train_U_Window_size_80_Number_of_centers_20,0.6419483835738797
Train_U_Window_size_85_Number_of_centers_20,0.6219729896816132
Train_U_Window_size_90_Number_of_centers_20,0.6216183333721367
Train_U_Window_size_95_Number_of_centers_20,0.6332243922877648
Train_U_Window_size_100_Number_of_centers_20,0.6266820342180932
Train_U_Window_size_25_Number_of_centers_25,1.7473248638839711
Train_U_Window_size_30_Number_of_centers_25,0.9089445226544428
Train_U_Window_size_35_Number_of_centers_25,0.8281432256507623
Train_U_Window_size_40_Number_of_centers_25,0.8000570145877826
Train_U_Window_size_45_Number_of_centers_25,0.6954642653887834
Train_U_Window_size_50_Number_of_centers_25,0.7194562097253191
Train_U_Window_size_55_Number_of_centers_25,0.6807697632025418
Train_U_Window_size_60_Number_of_centers_25,0.6766790531081851
Train_U_Window_size_65_Number_of_centers_25,0.6606607727602438
Train_U_Window_size_70_Number_of_centers_25,0.677132093761865
Train_U_Window_size_75_Number_of_centers_25,0.6285611808305519
Train_U_Window_size_80_Number_of_centers_25,0.6433620567657707
Train_U_Window_size_85_Number_of_centers_25,0.6255749950381589
Train_U_Window_size_90_Number_of_centers_25,0.6256790823603554
Train_U_Window_size_95_Number_of_centers_25,0.6171785173852466
Train_U_Window_size_100_Number_of_centers_25,0.6306174829648089
Train_U_Window_size_30_Number_of_centers_30,1.278563683803096
Train_U_Window_size_35_Number_of_centers_30,0.841938372475098
Train_U_Window_size_40_Number_of_centers_30,0.8764515954565304
Train_U_Window_size_45_Number_of_centers_30,0.9040782024039424
Train_U_Window_size_50_Number_of_centers_30,0.7130098749016478
Train_U_Window_size_55_Number_of_centers_30,0.7964529896869242
Train_U_Window_size_60_Number_of_centers_30,0.6693790962714274
Train_U_Window_size_65_Number_of_centers_30,0.6671514214164379
Train_U_Window_size_70_Number_of_centers_30,0.6451342521250918
Train_U_Window_size_75_Number_of_centers_30,0.6597710894277486
Train_U_Window_size_80_Number_of_centers_30,0.657938379433596
Train_U_Window_size_85_Number_of_centers_30,0.6241502545814183
Train_U_Window_size_90_Number_of_centers_30,0.6561749839514015
Train_U_Window_size_95_Number_of_centers_30,0.64644488100915
Train_U_Window_size_100_Number_of_centers_30,0.6379390024947754
Train_U_Window_size_35_Number_of_centers_35,1.235874384495805
Train_U_Window_size_40_Number_of_centers_35,0.9059188421775951
Train_U_Window_size_45_Number_of_centers_35,0.7833960773559924
Train_U_Window_size_50_Number_of_centers_35,0.9392141009701176
Train_U_Window_size_55_Number_of_centers_35,0.748341599541133
Train_U_Window_size_60_Number_of_centers_35,0.7055714197352565
Train_U_Window_size_65_Number_of_centers_35,0.7385184174796634
Train_U_Window_size_70_Number_of_centers_35,0.6678964897171842
Train_U_Window_size_75_Number_of_centers_35,0.6997155100433463
Train_U_Window_size_80_Number_of_centers_35,0.6587460078390652
Train_U_Window_size_85_Number_of_centers_35,0.7091386181347338
Train_U_Window_size_90_Number_of_centers_35,0.6520257319130869
Train_U_Window_size_95_Number_of_centers_35,0.6564662344998518
Train_U_Window_size_100_Number_of_centers_35,0.6535669180713799
Train_U_Window_size_40_Number_of_centers_40,1.1398269427403969
Train_U_Window_size_45_Number_of_centers_40,1.2250481347315718
Train_U_Window_size_50_Number_of_centers_40,0.9379382678284935
Train_U_Window_size_55_Number_of_centers_40,0.832124492763493
Train_U_Window_size_60_Number_of_centers_40,0.7615691258682624
Train_U_Window_size_65_Number_of_centers_40,0.7808518606851361
Train_U_Window_size_70_Number_of_centers_40,0.7265230215342684
Train_U_Window_size_75_Number_of_centers_40,0.7056594757712907
Train_U_Window_size_80_Number_of_centers_40,0.6703301714495322
Train_U_Window_size_85_Number_of_centers_40,0.6656186663181066
Train_U_Window_size_90_Number_of_centers_40,0.6667079116701525
Train_U_Window_size_95_Number_of_centers_40,0.6801914719882294
Train_U_Window_size_100_Number_of_centers_40,0.6925871595294468
Train_U_Window_size_45_Number_of_centers_45,1.343107404314222
Train_U_Window_size_50_Number_of_centers_45,1.2534941443975476
Train_U_Window_size_55_Number_of_centers_45,0.9403798875276085
Train_U_Window_size_60_Number_of_centers_45,0.8555052270527754
Train_U_Window_size_65_Number_of_centers_45,0.811483381292262
Train_U_Window_size_70_Number_of_centers_45,0.7550589668043605
Train_U_Window_size_75_Number_of_centers_45,0.7735688755924086
Train_U_Window_size_80_Number_of_centers_45,0.7851515193854166
Train_U_Window_size_85_Number_of_centers_45,0.6523907510811144
Train_U_Window_size_90_Number_of_centers_45,0.6816250677808692
Train_U_Window_size_95_Number_of_centers_45,0.7084914376946809
Train_U_Window_size_100_Number_of_centers_45,0.6998655875808493
Train_U_Window_size_50_Number_of_centers_50,1.4991471904352456
Train_U_Window_size_55_Number_of_centers_50,1.1167415432564296
Train_U_Window_size_60_Number_of_centers_50,0.9038866573199801
Train_U_Window_size_65_Number_of_centers_50,0.8692964388291597
Train_U_Window_size_70_Number_of_centers_50,0.7797934569044582
Train_U_Window_size_75_Number_of_centers_50,0.865934623330595
Train_U_Window_size_80_Number_of_centers_50,0.7810448518563294
Train_U_Window_size_85_Number_of_centers_50,0.8107025652318424
Train_U_Window_size_90_Number_of_centers_50,0.7165593447818822
Train_U_Window_size_95_Number_of_centers_50,0.7405302606338725
Train_U_Window_size_100_Number_of_centers_50,0.6996325967097199
Train_U_Window_size_55_Number_of_centers_55,1.3444352957558154
Train_U_Window_size_60_Number_of_centers_55,1.0435140998341894
Train_U_Window_size_65_Number_of_centers_55,1.0319034845769373
Train_U_Window_size_70_Number_of_centers_55,0.9141055124036901
Train_U_Window_size_75_Number_of_centers_55,0.8029701925647705
Train_U_Window_size_80_Number_of_centers_55,0.7916537137580676
Train_U_Window_size_85_Number_of_centers_55,0.7469974177515989
Train_U_Window_size_90_Number_of_centers_55,0.7632308687732525
Train_U_Window_size_95_Number_of_centers_55,0.7585053772215115
Train_U_Window_size_100_Number_of_centers_55,0.7301424045591803
Train_U_Window_size_60_Number_of_centers_60,1.2568236400117005
Train_U_Window_size_65_Number_of_centers_60,0.9150095107578525
Train_U_Window_size_70_Number_of_centers_60,0.9350105760818418
Train_U_Window_size_75_Number_of_centers_60,0.9002375456023254
Train_U_Window_size_80_Number_of_centers_60,0.9385754369730689
Train_U_Window_size_85_Number_of_centers_60,0.8654828271626751
Train_U_Window_size_90_Number_of_centers_60,0.861862510963564
Train_U_Window_size_95_Number_of_centers_60,0.8713096665612424
Train_U_Window_size_100_Number_of_centers_60,0.7604560858199141
Train_U_Window_size_65_Number_of_centers_65,1.0296514130465537
Train_U_Window_size_70_Number_of_centers_65,0.9382010321381766
Train_U_Window_size_75_Number_of_centers_65,0.8790105315204956
Train_U_Window_size_80_Number_of_centers_65,0.8740325756653222
Train_U_Window_size_85_Number_of_centers_65,0.909712342023861
Train_U_Window_size_90_Number_of_centers_65,0.7645158789136741
Train_U_Window_size_95_Number_of_centers_65,0.812605284907909
Train_U_Window_size_100_Number_of_centers_65,0.8312877505110704
Train_U_Window_size_70_Number_of_centers_70,1.606475507989245
Train_U_Window_size_75_Number_of_centers_70,1.0628910055288512
Train_U_Window_size_80_Number_of_centers_70,1.0513588343227966
Train_U_Window_size_85_Number_of_centers_70,0.927467924380643
Train_U_Window_size_90_Number_of_centers_70,0.8906232599055481
Train_U_Window_size_95_Number_of_centers_70,0.9593741531568356
Train_U_Window_size_100_Number_of_centers_70,0.8306279766682294
Train_U_Window_size_75_Number_of_centers_75,1.0648902364000132
Train_U_Window_size_80_Number_of_centers_75,1.0895521637408483
Train_U_Window_size_85_Number_of_centers_75,1.246400077560325
Train_U_Window_size_90_Number_of_centers_75,1.1210122171496135
Train_U_Window_size_95_Number_of_centers_75,0.8842811297456696
Train_U_Window_size_100_Number_of_centers_75,0.8283415735373827
Train_U_Window_size_80_Number_of_centers_80,1.190765318845872
Train_U_Window_size_85_Number_of_centers_80,1.2146912659457247
Train_U_Window_size_90_Number_of_centers_80,0.9319688842393455
Train_U_Window_size_95_Number_of_centers_80,0.8994486611073791
Train_U_Window_size_100_Number_of_centers_80,0.9411081307539962
Train_U_Window_size_85_Number_of_centers_85,1.2108845165490465
Train_U_Window_size_90_Number_of_centers_85,1.2219214151972548
Train_U_Window_size_95_Number_of_centers_85,1.224372862320873
Train_U_Window_size_100_Number_of_centers_85,1.0529279178905702
Train_U_Window_size_90_Number_of_centers_90,1.2326164415841623
Train_U_Window_size_95_Number_of_centers_90,1.1581684325517916
Train_U_Window_size_100_Number_of_centers_90,1.2477973586259625
