Index,Time,Wind_Speed
1,00:00.0,8.858367209
2,00:00.0,10.20975119
3,00:00.1,10.98917981
4,00:00.1,10.81523769
5,00:00.2,11.57192846
6,00:00.2,11.18938645
7,00:00.3,12.18172504
8,00:00.3,11.70884516
9,00:00.4,11.75
10,00:00.5,11.51824545
11,00:00.5,10.91461164
12,00:00.6,10.41993652
13,00:00.6,10.13652528
14,00:00.6,10.49000633
15,00:00.7,10.51985579
16,00:00.7,10.71718985
17,00:00.8,10.04975509
18,00:00.8,9.336799415
19,00:00.9,8.172648715
20,00:00.9,7.922543658
21,00:01.0,10.0594484
22,00:01.1,10.0250508
23,00:01.1,9.07
24,00:01.2,9.739866486
25,00:01.2,9.938954256
26,00:01.3,8.726596304
27,00:01.3,8.595756419
28,00:01.3,10.21601538
29,00:01.4,9.344479404
30,00:01.4,9.525805467
31,00:01.5,10.17776736
32,00:01.5,10.41998413
33,00:01.6,10.79314466
34,00:01.6,9.682193689
35,00:01.7,8.876091558
36,00:01.7,9.419560401
37,00:01.8,9.029326088
38,00:01.9,10.28097392
39,00:01.9,10.53186167
40,00:02.0,10.53186167
41,00:02.0,9.459985592
42,00:02.0,9.951907633
43,00:02.1,10.29340442
44,00:02.1,10.38960438
45,00:02.2,10.80762919
46,00:02.2,10.80762919
47,00:02.3,10.80762919
48,00:02.3,10.00742352
49,00:02.4,9.807848505
50,00:02.5,10.81707047
51,00:02.5,10.32935569
52,00:02.6,10.07445818
53,00:02.6,9.677508458
54,00:02.7,9.677508458
55,00:02.7,9.677508458
56,00:02.7,10.68985346
57,00:02.8,11.18916489
58,00:02.8,11.55786963
59,00:02.9,11.04757655
60,00:02.9,10.43752414
61,00:03.0,11.76998207
62,00:03.1,11.76998207
63,00:03.1,11.76998207
64,00:03.1,11.30915593
65,00:03.2,11.18563719
66,00:03.3,10.94192893
67,00:03.3,11.3416341
68,00:03.3,10.95984976
69,00:03.4,10.13788229
70,00:03.4,10.27242278
71,00:03.5,10.78406783
72,00:03.5,10.9811464
73,00:03.6,9.757859471
74,00:03.6,10.1084602
75,00:03.7,10.41270515
76,00:03.8,10.85761822
77,00:03.8,11.13852185
78,00:03.9,11.25380943
79,00:03.9,11.265606
80,00:04.0,10.93993335
81,00:04.0,10.74941057
82,00:04.0,11.30915593
83,00:04.1,11.51914026
84,00:04.1,11.28442907
85,00:04.2,10.89760945
86,00:04.2,10.7305792
87,00:04.3,9.929758013
88,00:04.3,10.72959143
89,00:04.4,10.48870587
90,00:04.5,10.80578534
91,00:04.5,10.0768067
92,00:04.5,11.06757217
93,00:04.6,11.34993085
94,00:04.7,11.70698596
95,00:04.7,11.09
96,00:04.7,11.18916489
97,00:04.8,11.48858251
98,00:04.8,10.95759629
99,00:04.9,10.92993341
100,00:04.9,10.84522448
101,00:05.0,11.13916862
102,00:05.0,10.74985264
103,00:05.1,10.709739
104,00:05.2,10.9
105,00:05.2,10.62726394
106,00:05.3,10.35236381
107,00:05.3,10.80894628
108,00:05.4,10.54291455
109,00:05.4,10.67920295
110,00:05.4,10.00968511
111,00:05.5,10.80993414
112,00:05.5,10.99758752
113,00:05.6,10.8276248
114,00:05.6,10.6286886
115,00:05.7,10.40960362
116,00:05.7,10.56839014
117,00:05.8,10.32238593
118,00:05.9,10.07975436
119,00:05.9,10.46960133
120,00:05.9,9.948166336
121,00:06.0,9.819626084
122,00:06.0,9.749272354
123,00:06.1,9.199004525
124,00:06.1,9.377942811
125,00:06.2,9.530179236
126,00:06.2,9.560148353
127,00:06.3,9.495171667
128,00:06.3,8.977679517
129,00:06.4,8.936936485
130,00:06.5,8.169524342
131,00:06.5,8.60421747
132,00:06.6,7.907887396
133,00:06.6,7.797822368
134,00:06.7,8.413655235
135,00:06.7,8.475815632
136,00:06.7,8.61179567
137,00:06.8,9.387077713
138,00:06.8,10.17695025
139,00:06.9,10.54985538
140,00:06.9,10.36872068
141,00:07.0,10.38922459
142,00:07.0,10.57974217
143,00:07.1,10.61
144,00:07.2,10.2498595
145,00:07.2,10.44993634
146,00:07.3,10.30842974
147,00:07.3,9.678674242
148,00:07.3,9.522205977
149,00:07.4,9.81986539
150,00:07.4,9.295311513
151,00:07.5,9.642225913
152,00:07.5,9.593084746
153,00:07.6,10.41270515
154,00:07.6,10.48463504
155,00:07.7,10.91940125
156,00:07.7,10.58985483
157,00:07.8,10.32490277
158,00:07.9,10.31
159,00:07.9,10.10924549
160,00:08.0,10.09
161,00:08.0,10.30240067
162,00:08.1,9.139651977
163,00:08.1,10.41974607
164,00:08.1,10.41974607
165,00:08.2,10.14986087
166,00:08.2,9.937819994
167,00:08.3,10.01847391
168,00:08.3,9.619941392
169,00:08.4,9.729629511
170,00:08.4,11.0125989
171,00:08.5,10.36794027
172,00:08.6,10.34922758
173,00:08.6,10.85834597
174,00:08.7,11.35643085
175,00:08.7,11.33972365
176,00:08.7,11.44896259
177,00:08.8,10.81489758
178,00:08.8,11.06307348
179,00:08.9,11.06490023
180,00:08.9,10.10733783
181,00:09.0,10.13901159
182,00:09.0,10.05699699
183,00:09.1,9.84513962
184,00:09.2,10.46424376
185,00:09.2,9.361081836
186,00:09.3,8.68988088
187,00:09.3,9.268291651
188,00:09.4,9.089986155
189,00:09.4,9.32117707
190,00:09.4,8.836109163
191,00:09.5,8.399987206
192,00:09.5,8.564683142
193,00:09.6,9.44825848
194,00:09.6,9.903550821
195,00:09.7,10.07875646
196,00:09.7,9.18762672
197,00:09.8,7.966928914
198,00:09.8,9.567731442
199,00:09.9,8.358726732
200,00:10.0,7.865673199
201,00:10.0,9.379085675
202,00:10.1,10.22746505
203,00:10.1,10.09384735
204,00:10.1,9.261177014
205,00:10.2,10.48985621
206,00:10.2,10.52998396
207,00:10.3,9.744996449
208,00:10.3,10.48809315
209,00:10.4,9.917283217
210,00:10.4,10.76407883
211,00:10.5,10.37993676
212,00:10.6,10.37974705
213,00:10.6,10.51358125
214,00:10.7,10.04190367
215,00:10.7,10.04259231
216,00:10.8,9.491666886
217,00:10.8,9.37147098
218,00:10.8,9.269647027
219,00:10.9,8.368164321
220,00:10.9,8.828910665
221,00:11.0,8.88864601
222,00:11.0,9.201921265
223,00:11.1,8.891529172
224,00:11.1,8.475815632
225,00:11.2,7.922452397
226,00:11.2,7.972404808
227,00:11.3,7.273320662
228,00:11.4,7.406160204
229,00:11.4,7.744795052
230,00:11.5,7.614780918
231,00:11.5,7.571511141
232,00:11.5,7.896503849
233,00:11.6,8.417486544
234,00:11.6,9.260457182
235,00:11.7,9.226478834
236,00:11.7,9.069920065
237,00:11.8,8.533705306
238,00:11.8,8.122868609
239,00:11.9,8.328173093
240,00:12.0,9.319091524
241,00:12.0,8.7889156
242,00:12.1,8.248982218
243,00:12.1,8.945583715
244,00:12.1,9.879984952
245,00:12.2,10.63215743
246,00:12.2,10.15828096
247,00:12.3,8.613055686
248,00:12.3,8.126502387
249,00:12.4,8.891821555
250,00:12.4,8.00409596
251,00:12.5,8.54806751
252,00:12.6,7.735744671
253,00:12.6,7.935155541
254,00:12.6,9.067665467
255,00:12.7,9.205455421
256,00:12.8,10.80985182
257,00:12.8,10.50639849
258,00:12.8,10.71919996
259,00:12.9,11.56971805
260,00:12.9,11.16667577
261,00:13.0,10.57921041
262,00:13.0,10.30598029
263,00:13.1,10.14998454
264,00:13.1,10.12516184
265,00:13.2,10.41071828
266,00:13.3,9.874330288
267,00:13.3,9.5079143
268,00:13.4,9.939863745
269,00:13.4,9.586843534
270,00:13.5,9.11655946
271,00:13.5,8.275927438
272,00:13.5,8.749880057
273,00:13.6,8.97932982
274,00:13.6,9.059323849
275,00:13.7,8.84347681
276,00:13.7,8.769440508
277,00:13.8,8.790341752
278,00:13.8,8.398157741
279,00:13.9,8.615260861
280,00:14.0,8.558422496
281,00:14.0,7.899870115
282,00:14.0,8.739787012
283,00:14.1,9.289773609
284,00:14.2,10.15251123
285,00:14.2,9.796641785
286,00:14.2,10.08706551
287,00:14.3,9.469639411
288,00:14.3,9.537152213
289,00:14.4,9.385867087
290,00:14.4,9.198304552
291,00:14.5,10.0588959
292,00:14.5,10.34596469
293,00:14.6,9.912688131
294,00:14.7,9.724813043
295,00:14.7,9.359087625
296,00:14.8,8.724211582
297,00:14.8,9.149777021
298,00:14.9,9.20640916
299,00:14.9,9.019876356
300,00:14.9,9.352459538
301,00:15.0,9.88
302,00:15.0,10.17924026
303,00:15.1,10.13924325
304,00:15.1,9.904532381
305,00:15.2,9.904532381
306,00:15.3,9.045534371
307,00:15.3,8.696608001
308,00:15.4,9.582274249
309,00:15.4,9.93562501
310,00:15.4,9.93562501
311,00:15.5,9.93562501
312,00:15.5,9.134974974
313,00:15.6,9.909864156
314,00:15.6,10.55021871
315,00:15.7,11.49984236
316,00:15.7,10.91489301
317,00:15.8,10.44005392
318,00:15.8,10.44005392
319,00:15.9,10.44005392
320,00:16.0,10.46315381
321,00:16.0,10.43230485
322,00:16.1,10.48482382
323,00:16.1,9.869263399
324,00:16.2,8.595756419
325,00:16.2,8.245464282
326,00:16.2,7.479886621
327,00:16.3,8.785662666
328,00:16.3,8.51936415
329,00:16.4,9.008888459
330,00:16.4,9.297606267
331,00:16.5,8.667768423
332,00:16.5,8.339885677
333,00:16.6,7.489831724
334,00:16.7,7.268790297
335,00:16.7,7.541193865
336,00:16.8,7.482632091
337,00:16.8,7.119468632
338,00:16.8,6.893947528
339,00:16.9,7.164214542
340,00:16.9,6.609838919
341,00:17.0,7.026531119
342,00:17.0,8.798070015
343,00:17.1,7.557659862
344,00:17.1,7.679707569
345,00:17.2,7.531231918
346,00:17.2,7.953017728
347,00:17.3,8.796263132
348,00:17.4,9.366789135
349,00:17.4,9.607680216
350,00:17.5,9.089875397
351,00:17.5,8.828063435
352,00:17.6,9.299645884
353,00:17.6,10.13252597
354,00:17.6,9.589474174
355,00:17.7,9.397103922
356,00:17.7,9.704661597
357,00:17.8,9.242441785
358,00:17.8,9.069323103
359,00:17.9,8.198201604
360,00:17.9,7.549068575
361,00:18.0,7.492106131
362,00:18.1,8.829878961
363,00:18.1,9.299872518
364,00:18.2,8.611610994
365,00:18.2,8.504284631
366,00:18.2,8.665233372
367,00:18.3,8.10988883
368,00:18.3,9.220895115
369,00:18.4,8.8799459
370,00:18.4,8.108505425
371,00:18.5,8.829446254
372,00:18.5,8.188647654
373,00:18.6,8.559361164
374,00:18.7,8.688927936
375,00:18.7,8.869783844
376,00:18.8,8.729986703
377,00:18.8,8.909660735
378,00:18.9,7.417679697
379,00:18.9,8.168029963
380,00:18.9,9.155185705
381,00:19.0,8.781633868
382,00:19.0,8.918899562
383,00:19.1,8.623884658
384,00:19.1,9.236397463
385,00:19.2,9.125981523
386,00:19.2,9.772791322
387,00:19.3,9.859759719
388,00:19.3,9.660128964
389,00:19.4,9.589284295
390,00:19.5,8.728085367
391,00:19.5,8.549674442
392,00:19.6,9.551765366
393,00:19.6,9.194941987
394,00:19.6,9.520114998
395,00:19.7,9.066656791
396,00:19.7,9.3272149
397,00:19.8,9.019791399
398,00:19.8,9.758804671
399,00:19.9,8.960257185
400,00:19.9,10.51921489
401,00:20.0,10.88674922
402,00:20.1,10.80416677
403,00:20.1,10.79800969
404,00:20.2,9.469639411
405,00:20.2,9.819626084
406,00:20.3,9.833391395
407,00:20.3,8.65531364
408,00:20.3,9.502990335
409,00:20.4,10.09606216
410,00:20.4,9.85993993
411,00:20.5,9.852732356
412,00:20.5,10.44985675
413,00:20.6,10.23985963
414,00:20.6,10.47993615
415,00:20.7,10.87865776
416,00:20.7,10.41871451
417,00:20.8,9.949257428
418,00:20.9,10.11813501
419,00:20.9,10.31545776
420,00:21.0,10.92958382
421,00:21.0,9.987809028
422,00:21.0,10.26774762
423,00:21.1,10.43298843
424,00:21.1,9.800663054
425,00:21.2,10.452975
426,00:21.2,9.999756307
427,00:21.3,9.630076293
428,00:21.4,10.05875892
429,00:21.4,10.98492488
430,00:21.5,10.42663009
431,00:21.5,10.21985991
432,00:21.6,10.96973267
433,00:21.6,11.38306152
434,00:21.6,11.33972365
435,00:21.7,10.64766428
436,00:21.7,10.91760506
437,00:21.8,11.14178152
438,00:21.8,11.12916936
439,00:21.9,10.78940838
440,00:21.9,10.5986923
441,00:22.0,10.10443759
442,00:22.1,9.420323436
443,00:22.1,9.209649311
444,00:22.1,10.13924325
445,00:22.2,9.518245579
446,00:22.3,9.709985211
447,00:22.3,9.428262165
448,00:22.3,9.45026159
449,00:22.4,9.434810038
450,00:22.4,8.448442767
451,00:22.5,8.688927936
452,00:22.5,9.468254794
453,00:22.6,9.249943646
454,00:22.6,9.652879773
455,00:22.7,9.578234522
456,00:22.8,9.696218116
457,00:22.8,9.545287651
458,00:22.9,8.936903199
459,00:22.9,8.457822475
460,00:23.0,8.271476318
461,00:23.0,8.231517495
462,00:23.0,7.859413406
463,00:23.1,8.519169505
464,00:23.1,8.209949982
465,00:23.2,7.791420216
466,00:23.2,7.785451428
467,00:23.3,7.980461037
468,00:23.3,8.469677488
469,00:23.4,7.927619668
470,00:23.5,7.429078558
471,00:23.5,7.048578709
472,00:23.5,7.156466972
473,00:23.6,7.209461915
474,00:23.7,6.358859876
475,00:23.7,7.133204302
476,00:23.7,7.917635799
477,00:23.8,7.490395179
478,00:23.8,7.306208096
479,00:23.9,7.595805816
480,00:23.9,6.949115238
481,00:24.0,7.700795319
482,00:24.0,8.098766331
483,00:24.1,8.388722162
484,00:24.2,8.228707366
485,00:24.2,8.369796029
486,00:24.3,8.078510954
487,00:24.3,7.350574469
488,00:24.3,7.259376437
489,00:24.4,7.039474602
490,00:24.4,7.124302484
491,00:24.5,7.76
492,00:24.5,7.85
493,00:24.6,7.70323702
494,00:24.6,7.998209755
495,00:24.7,6.87291752
496,00:24.8,7.409831148
497,00:24.8,7.84855334
498,00:24.9,7.307009585
499,00:24.9,7.24945893
500,00:24.9,7.659708331
501,00:25.0,8.90804589
502,00:25.0,9.598850125
503,00:25.1,8.649156833
504,00:25.1,9.359377773
505,00:25.2,10.31371333
506,00:25.2,9.812697508
507,00:25.3,9.218300866
508,00:25.3,9.249619611
509,00:25.4,9.019656546
510,00:25.5,9.328578996
511,00:25.5,9.039325342
512,00:25.6,9.018337723
513,00:25.6,9.055409806
514,00:25.7,8.070831621
515,00:25.7,7.846966679
516,00:25.7,9.008448602
517,00:25.8,9.855134685
518,00:25.8,9.408753814
519,00:25.9,7.718306876
520,00:25.9,9.309768288
521,00:26.0,8.66381005
522,00:26.0,9.597894561
523,00:26.1,9.634659014
524,00:26.2,8.86890573
525,00:26.2,9.498249265
526,00:26.3,9.964438827
527,00:26.3,9.836628078
528,00:26.3,9.600107176
529,00:26.4,9.128609457
530,00:26.4,8.28635124
531,00:26.5,7.989221167
532,00:26.5,8.259949677
533,00:26.6,8.106838033
534,00:26.6,8.074036233
535,00:26.7,8.679625333
536,00:26.7,7.919951749
537,00:26.8,8.898048083
538,00:26.9,8.649789206
539,00:26.9,7.690807258
540,00:27.0,7.044478366
541,00:27.0,8.046456874
542,00:27.1,7.522406986
543,00:27.1,7.03307918
544,00:27.1,7.502268979
545,00:27.2,7.811318822
546,00:27.2,8.561843259
547,00:27.3,8.781633868
548,00:27.3,8.437827623
549,00:27.4,8.943563187
550,00:27.4,8.2744391
551,00:27.5,8.379538022
552,00:27.6,7.595370285
553,00:27.6,7.463982132
554,00:27.7,7.99741065
555,00:27.7,7.153719464
556,00:27.7,7.438628898
557,00:27.8,7.529954125
558,00:27.8,8.326752258
559,00:27.9,8.158757192
560,00:27.9,7.878454329
561,00:28.0,7.908542283
562,00:28.0,7.650370805
563,00:28.1,7.588601255
564,00:28.2,7.910544608
565,00:28.2,7.844213894
566,00:28.3,7.704317086
567,00:28.3,8.473749531
568,00:28.4,7.882490468
569,00:28.4,7.459715946
570,00:28.4,6.958939958
571,00:28.5,7.039989277
572,00:28.5,7.039989277
573,00:28.6,7.669988318
574,00:28.6,7.258664356
575,00:28.7,7.316328072
576,00:28.7,6.569959973
577,00:28.8,6.529840869
578,00:28.8,7.439954673
579,00:28.9,7.080920242
580,00:29.0,6.849154932
581,00:29.0,6.722968013
582,00:29.1,6.722968013
583,00:29.1,6.722968013
584,00:29.1,7.517513879
585,00:29.2,7.587823762
586,00:29.2,6.286770212
587,00:29.3,6.21063803
588,00:29.3,6.03140258
589,00:29.4,6.289042003
590,00:29.4,6.468026795
591,00:29.5,6.761925798
592,00:29.6,7.239459676
593,00:29.6,7.818945501
594,00:29.7,8.375810743
595,00:29.7,7.910544608
596,00:29.8,8.259409084
597,00:29.8,8.787376095
598,00:29.8,8.787376095
599,00:29.9,8.787376095
600,00:29.9,7.935634715
601,00:30.0,7.606244924
602,00:30.0,8.549361911
603,00:30.1,9.654689086
604,00:30.1,9.761202441
605,00:30.2,8.595723041
606,00:30.2,8.886533923
607,00:30.3,7.04033822
608,00:30.4,6.115385226
609,00:30.4,6.247043386
610,00:30.4,7.833020424
611,00:30.5,7.788523058
612,00:30.5,7.929951688
613,00:30.6,7.878271786
614,00:30.6,7.860339234
615,00:30.7,7.378381444
616,00:30.7,7.516690148
617,00:30.8,8.468439082
618,00:30.9,7.926834024
619,00:30.9,8.869338029
620,00:31.0,8.766139973
621,00:31.0,8.303874835
622,00:31.1,8.374350959
623,00:31.1,9.239774828
624,00:31.1,9.549985455
625,00:31.2,9.326362373
626,00:31.2,9.045024454
627,00:31.3,9.348846514
628,00:31.3,9.419296982
629,00:31.4,8.821574066
630,00:31.4,8.659649211
631,00:31.5,10.57974217
632,00:31.6,10.53998395
633,00:31.6,10.31306902
634,00:31.6,10.14652185
635,00:31.7,10.21985991
636,00:31.8,9.669867446
637,00:31.8,10.12319663
638,00:31.8,10.26899892
639,00:31.9,9.882032568
640,00:31.9,10.44998408
641,00:32.0,10.07875646
642,00:32.0,9.922000343
643,00:32.1,9.38948514
644,00:32.1,9.279985866
645,00:32.2,9.677590571
646,00:32.3,9.760701125
647,00:32.3,9.917187087
648,00:32.4,10.06257757
649,00:32.4,10.7272382
650,00:32.5,10.48295485
651,00:32.5,10.43050864
652,00:32.5,10.161807
653,00:32.6,9.716210318
654,00:32.6,9.827844119
655,00:32.7,9.222737958
656,00:32.7,9.697104451
657,00:32.8,10.85464125
658,00:32.8,10.3496059
659,00:32.9,10.65837643
660,00:33.0,10.51224588
661,00:33.0,10.71919996
662,00:33.0,10.43819737
663,00:33.1,9.999253697
664,00:33.2,9.329943158
665,00:33.2,10.22943908
666,00:33.2,9.748797167
667,00:33.3,9.815154423
668,00:33.3,9.748515028
669,00:33.4,9.74998515
670,00:33.4,9.446315587
671,00:33.5,9.485661846
672,00:33.6,9.315401143
673,00:33.6,9.319983175
674,00:33.7,8.906078354
675,00:33.7,9.079778727
676,00:33.8,9.559985439
677,00:33.8,9.655748249
678,00:33.8,9.768199507
679,00:33.9,9.847839732
680,00:33.9,8.619671777
681,00:34.0,9.009327581
682,00:34.0,10.12605047
683,00:34.1,10.4559218
684,00:34.1,9.652217857
685,00:34.2,9.1698743
686,00:34.3,9.266420301
687,00:34.3,8.86998649
688,00:34.4,9.039944925
689,00:34.4,9.309914725
690,00:34.4,9.113775749
691,00:34.5,8.938657861
692,00:34.5,7.88799334
693,00:34.6,9.269872929
694,00:34.6,8.764545689
695,00:34.7,8.599882113
696,00:34.7,8.245626261
697,00:34.8,8.532186431
698,00:34.8,8.199550389
699,00:34.9,8.189800415
700,00:35.0,7.296365376
701,00:35.0,7.569066108
702,00:35.1,7.499954307
703,00:35.1,7.950496853
704,00:35.2,9.642887143
705,00:35.2,10.33985826
706,00:35.2,10.81180294
707,00:35.3,10.37711543
708,00:35.3,9.337250389
709,00:35.4,8.936514428
710,00:35.4,8.767382065
711,00:35.5,8.232854565
712,00:35.5,8.583668452
713,00:35.6,8.076585296
714,00:35.7,10.32432073
715,00:35.7,10.68973949
716,00:35.8,9.559109444
717,00:35.8,10.02617211
718,00:35.8,10.55351888
719,00:35.9,9.428067568
720,00:35.9,9.989135339
721,00:36.0,10.42771253
722,00:36.0,9.839865116
723,00:36.1,9.369300714
724,00:36.1,9.118319295
725,00:36.2,9.057295497
726,00:36.2,9.433041931
727,00:36.3,9.789940356
728,00:36.4,10.36985785
729,00:36.4,10.24548857
730,00:36.5,10.74679102
731,00:36.5,10.77205424
732,00:36.5,10.47312822
733,00:36.6,10.34883817
734,00:36.6,9.772503976
735,00:36.7,9.306581936
736,00:36.7,10.62585552
737,00:36.8,9.470219217
738,00:36.8,10.0394495
739,00:36.9,8.912440964
740,00:36.9,8.760945289
741,00:37.0,7.219054221
742,00:37.1,7.599301657
743,00:37.1,6.752165455
744,00:37.2,8.059215108
745,00:37.2,7.184006823
746,00:37.2,7.608943415
747,00:37.3,7.26894962
748,00:37.3,6.708970377
749,00:37.4,6.76569553
750,00:37.4,7.199449393
751,00:37.5,7.129388839
752,00:37.5,9.209312655
753,00:37.6,8.329378329
754,00:37.7,8.257873953
755,00:37.7,8.509675965
756,00:37.8,8.208987153
757,00:37.8,8.497087262
758,00:37.9,8.679947118
759,00:37.9,7.455259661
760,00:37.9,8.004620434
761,00:38.0,7.938536754
762,00:38.0,7.206826591
763,00:38.1,6.682853246
764,00:38.1,6.886967436
765,00:38.2,7.475220196
766,00:38.2,7.479988607
767,00:38.3,7.877445593
768,00:38.3,8.382360282
769,00:38.4,7.798289331
770,00:38.5,7.87980797
771,00:38.5,7.683804898
772,00:38.6,7.701194468
773,00:38.6,6.899663526
774,00:38.6,7.289873798
775,00:38.7,8.02955971
776,00:38.7,9.298852682
777,00:38.8,9.28061525
778,00:38.8,10.50921564
779,00:38.9,10.78993426
780,00:38.9,10.74133975
781,00:39.0,9.88986443
782,00:39.1,10.15871003
783,00:39.1,9.559635984
784,00:39.2,8.82225459
785,00:39.2,9.209312655
786,00:39.3,9.393071414
787,00:39.3,9.318282437
788,00:39.3,9.257969129
789,00:39.4,8.935084931
790,00:39.4,8.529573715
791,00:39.5,8.371754049
792,00:39.5,8.015022431
793,00:39.6,8.182392946
794,00:39.7,7.877647739
795,00:39.7,8.456276417
796,00:39.7,9.329090549
797,00:39.8,8.335414801
798,00:39.9,9.049875945
799,00:39.9,8.465820566
800,00:39.9,8.294386736
801,00:40.0,7.498355126
802,00:40.0,8.498337341
803,00:40.1,8.339682438
804,00:40.1,8.129575567
805,00:40.2,8.171920924
806,00:40.2,9.01862621
807,00:40.3,10.07305094
808,00:40.4,8.830899837
809,00:40.4,9.129986094
810,00:40.5,9.049324595
811,00:40.5,9.36
812,00:40.6,8.867830269
813,00:40.6,9.264612058
814,00:40.6,9.35930146
815,00:40.7,8.839434315
816,00:40.7,8.639789449
817,00:40.8,8.805156402
818,00:40.8,9.377585675
819,00:40.9,9.568819373
820,00:40.9,9.079654261
821,00:41.0,8.826216355
822,00:41.1,9.184947485
823,00:41.1,9.375371536
824,00:41.1,9.201806436
825,00:41.2,9.334495985
826,00:41.3,9.689760653
827,00:41.3,11.12972877
828,00:41.3,10.34092129
829,00:41.4,10.31960705
830,00:41.4,11.01716355
831,00:41.5,11.06069343
832,00:41.5,10.29076977
833,00:41.6,9.851351105
834,00:41.6,9.385867087
835,00:41.7,9.339302953
836,00:41.8,9.129874848
837,00:41.8,10.22401674
838,00:41.9,10.81466098
839,00:41.9,10.34
840,00:42.0,10.34
841,00:42.0,10.25774981
842,00:42.0,10.05324364
843,00:42.1,9.788792232
844,00:42.1,10.05963364
845,00:42.2,9.687505884
846,00:42.2,9.687505884
847,00:42.3,9.687505884
848,00:42.3,9.999695404
849,00:42.4,10.46483369
850,00:42.5,10.92985017
851,00:42.5,10.65214269
852,00:42.5,10.45870958
853,00:42.6,10.04986224
854,00:42.6,10.04986224
855,00:42.7,10.04986224
856,00:42.7,9.663505568
857,00:42.8,9.689276832
858,00:42.8,9.125427467
859,00:42.9,10.39898625
860,00:42.9,9.912688131
861,00:43.0,10.09520574
862,00:43.1,9.528548535
863,00:43.1,8.909350745
864,00:43.2,9.534326402
865,00:43.2,10.15317648
866,00:43.3,8.879386561
867,00:43.3,8.527453708
868,00:43.3,8.916073952
869,00:43.4,9.280436593
870,00:43.4,9.269647027
871,00:43.5,9.361490713
872,00:43.5,8.935866442
873,00:43.6,9.252540099
874,00:43.6,9.310025928
875,00:43.7,8.605794805
876,00:43.8,8.525839114
877,00:43.8,8.08
878,00:43.9,7.999831749
879,00:43.9,8.198941507
880,00:43.9,9.068371763
881,00:44.0,8.399539423
882,00:44.0,8.768755956
883,00:44.1,8.08
884,00:44.1,8.819879098
885,00:44.2,8.819458193
886,00:44.2,8.25710512
887,00:44.3,8.750718877
888,00:44.3,8.947696353
889,00:44.4,9.09998614
890,00:44.5,9.197253706
891,00:44.5,8.885613322
892,00:44.6,9.385867087
893,00:44.6,8.999945169
894,00:44.7,8.316524014
895,00:44.7,9.673950429
896,00:44.7,10.77525529
897,00:44.8,11.41615467
898,00:44.8,11.12086031
899,00:44.9,10.49563861
900,00:44.9,10.21923728
901,00:45.0,10.53479915
902,00:45.0,10.54419978
903,00:45.1,10.59767524
904,00:45.2,10.38841755
905,00:45.2,10.20093764
906,00:45.3,9.644030995
907,00:45.3,9.93848609
908,00:45.3,9.633525716
909,00:45.4,9.75820135
910,00:45.4,9.599634461
911,00:45.5,10.77
912,00:45.5,10.66725364
913,00:45.6,10.45317941
914,00:45.6,9.473012448
915,00:45.7,10.16784648
916,00:45.8,9.864573631
917,00:45.8,8.522459411
918,00:45.9,8.189498729
919,00:45.9,8.920235203
920,00:46.0,9.577534197
921,00:46.0,9.599283549
922,00:46.0,9.707870437
923,00:46.1,9.552298417
924,00:46.1,9.270025413
925,00:46.2,10.27242278
926,00:46.2,10.04295679
927,00:46.3,9.885930309
928,00:46.3,9.969453339
929,00:46.4,9.612250081
930,00:46.4,9.627521328
931,00:46.5,10.51682748
932,00:46.6,10.09297785
933,00:46.6,9.947817801
934,00:46.7,9.215450487
935,00:46.7,9.265530292
936,00:46.7,8.643031518
937,00:46.8,8.68571201
938,00:46.8,8.583146898
939,00:46.9,9.044469161
940,00:46.9,10.42807788
941,00:47.0,11.10862939
942,00:47.0,10.72941167
943,00:47.1,10.53985552
944,00:47.2,10.46998405
945,00:47.2,10.25548416
946,00:47.3,10.09961542
947,00:47.3,10.61920743
948,00:47.4,9.894547973
949,00:47.4,10.41993652
950,00:47.4,9.829985028
951,00:47.5,10.9675941
952,00:47.5,10.88918728
953,00:47.6,10.37289017
954,00:47.6,10.62920668
955,00:47.7,10.78985209
956,00:47.7,10.78973706
957,00:47.8,10.19105287
958,00:47.8,10.45317941
959,00:47.9,9.638479225
960,00:48.0,9.473633173
961,00:48.0,9.319304445
962,00:48.1,9.799268623
963,00:48.1,10.43230485
964,00:48.1,10.55673953
965,00:48.2,11.53956059
966,00:48.2,9.979255189
967,00:48.3,9.93848609
968,00:48.3,9.549636365
969,00:48.4,9.307958163
970,00:48.4,9.099112968
971,00:48.5,9.604048276
972,00:48.6,8.817533712
973,00:48.6,8.669881154
974,00:48.7,8.252762163
975,00:48.7,7.957622537
976,00:48.7,7.935461977
977,00:48.8,7.128867056
978,00:48.8,7.777082751
979,00:48.9,7.654865007
980,00:48.9,7.799864757
981,00:49.0,8.522265284
982,00:49.0,8.248273729
983,00:49.1,9.712835548
984,00:49.2,9.648467287
985,00:49.2,9.347172445
986,00:49.2,9.634700082
987,00:49.3,9.925100144
988,00:49.4,10.23088168
989,00:49.4,9.312491762
990,00:49.4,9.06
991,00:49.5,9.474788047
992,00:49.5,9.108002026
993,00:49.6,9.377102072
994,00:49.6,8.896530024
995,00:49.7,9.05888229
996,00:49.7,8.8693985
997,00:49.8,10.18
998,00:49.9,11.06391389
999,00:49.9,11.32741118
1000,00:50.0,11.9667007
1001,00:50.0,12.19775169
1002,00:50.1,12.01954232
1003,00:50.1,11.53702971
1004,00:50.1,10.69993481
1005,00:50.2,10.96717642
1006,00:50.2,11.6899822
1007,00:50.3,11.39989883
1008,00:50.3,11.36640138
1009,00:50.4,9.754622949
1010,00:50.4,10.4399364
1011,00:50.5,11.33238399
1012,00:50.6,11.40372696
1013,00:50.6,11.31647354
1014,00:50.6,10.83795514
1015,00:50.7,9.317213559
1016,00:50.8,10.63766647
1017,00:50.8,10.67529931
1018,00:50.8,10.50993597
1019,00:50.9,9.964518653
1020,00:50.9,9.584727571
1021,00:51.0,9.649941209
1022,00:51.0,9.157642301
1023,00:51.1,9.752137296
1024,00:51.1,9.859984982
1025,00:51.2,10.59218691
1026,00:51.3,11.16712495
1027,00:51.3,11.01984894
1028,00:51.4,10.95864789
1029,00:51.4,10.50359684
1030,00:51.5,10.74975886
1031,00:51.5,10.68212058
1032,00:51.5,10.38929393
1033,00:51.6,9.824595623
1034,00:51.6,9.819087471
1035,00:51.7,9.773431691
1036,00:51.7,8.936903199
1037,00:51.8,8.842789516
1038,00:51.9,8.455955187
1039,00:51.9,8.130281958
1040,00:52.0,8.889133438
1041,00:52.0,9.279095423
1042,00:52.0,9.094893949
1043,00:52.1,8.75987992
1044,00:52.1,8.032847321
1045,00:52.2,9.588232679
1046,00:52.2,10.47806866
1047,00:52.3,11.00758533
1048,00:52.3,10.7672279
1049,00:52.4,10.68212058
1050,00:52.4,10.55911892
1051,00:52.5,9.798507413
1052,00:52.6,11.13178889
1053,00:52.6,11.75541495
1054,00:52.7,11.113226
1055,00:52.7,9.875602421
1056,00:52.8,8.870455053
1057,00:52.8,9.619282056
1058,00:52.8,10.60912408
1059,00:52.9,9.849264891
1060,00:52.9,10.51224588
1061,00:53.0,9.453027189
1062,00:53.0,8.780652921
1063,00:53.1,9.428836644
1064,00:53.1,9.713471988
1065,00:53.2,10.72985292
1066,00:53.3,10.64993512
1067,00:53.3,10.5592119
1068,00:53.4,9.929258921
1069,00:53.4,9.575966668
1070,00:53.4,10.09606216
1071,00:53.5,10.05975484
1072,00:53.5,10.43771034
1073,00:53.6,10.1351472
1074,00:53.6,10.22596644
1075,00:53.7,9.861342333
1076,00:53.7,9.499942123
1077,00:53.8,9.939258174
1078,00:53.8,9.606253206
1079,00:53.9,9.59906423
1080,00:54.0,9.745188964
1081,00:54.0,9.509942062
1082,00:54.1,9.257235795
1083,00:54.1,8.319797247
1084,00:54.2,8.458971565
1085,00:54.2,8.296580311
1086,00:54.2,7.649264664
1087,00:54.3,7.650855012
1088,00:54.3,8.405154701
1089,00:54.4,7.353796821
1090,00:54.4,8.566228001
1091,00:54.5,8.107220906
1092,00:54.5,7.753798978
1093,00:54.6,7.659055005
1094,00:54.7,8.981889575
1095,00:54.7,8.919660354
1096,00:54.8,8.469705958
1097,00:54.8,8.27441387
1098,00:54.8,7.895376512
1099,00:54.9,8.273111511
1100,00:54.9,8.381363081
1101,00:55.0,8.420364661
1102,00:55.0,6.624184364
1103,00:55.1,6.877204234
1104,00:55.1,6.491289176
1105,00:55.2,7.250050422
1106,00:55.3,7.250050422
1107,00:55.3,7.019712792
1108,00:55.4,8.3
1109,00:55.4,7.368877513
1110,00:55.5,7.368877513
1111,00:55.5,7.368877513
1112,00:55.5,8.215480775
1113,00:55.6,11.159983
1114,00:55.6,11.12998305
1115,00:55.7,12.11735645
1116,00:55.7,11.72698081
1117,00:55.8,11.92643877
1118,00:55.8,11.92643877
1119,00:55.9,11.92643877
1120,00:55.9,11.94737917
1121,00:56.0,12.0233861
1122,00:56.1,12.08108866
1123,00:56.1,11.36828508
1124,00:56.2,12.95903279
1125,00:56.2,12.24
1126,00:56.2,12.24
1127,00:56.3,12.24
1128,00:56.3,12.87950957
1129,00:56.4,12.65905518
1130,00:56.4,12.57768166
1131,00:56.5,12.17953622
1132,00:56.5,12.05970611
1133,00:56.6,13.09838389
1134,00:56.7,12.08195662
1135,00:56.7,12.11983386
1136,00:56.8,12.59723661
1137,00:56.8,12.75438382
1138,00:56.9,12.67977687
1139,00:56.9,12.30632326
1140,00:56.9,11.06939302
1141,00:57.0,10.6776577
1142,00:57.0,9.9014972
1143,00:57.1,10.75895116
1144,00:57.1,11.82935135
1145,00:57.2,12.24970148
1146,00:57.2,11.98340809
1147,00:57.3,11.85044553
1148,00:57.3,11.76983866
1149,00:57.4,11.58745812
1150,00:57.5,11.34889365
1151,00:57.5,11.04863679
1152,00:57.6,11.16935912
1153,00:57.6,11.18563719
1154,00:57.6,11.35984428
1155,00:57.7,11.13794703
1156,00:57.7,11.16564499
1157,00:57.8,11.43937274
1158,00:57.8,11.49493839
1159,00:57.9,11.63984044
1160,00:58.0,11.65
1161,00:58.0,10.85607941
1162,00:58.1,10.77525529
1163,00:58.1,11.13916862
1164,00:58.2,11.66955564
1165,00:58.2,11.42984332
1166,00:58.2,11.16829875
1167,00:58.3,10.54921265
1168,00:58.3,10.25974997
1169,00:58.4,10.22403343
1170,00:58.4,11.30827743
1171,00:58.5,11.76
1172,00:58.5,11.95692161
1173,00:58.6,11.7793541
1174,00:58.7,11.49858127
1175,00:58.7,11.71955374
1176,00:58.7,12.02238151
1177,00:58.8,11.12794888
1178,00:58.9,11.34827134
1179,00:58.9,11.95765489
1180,00:58.9,10.97571906
1181,00:59.0,10.51769279
1182,00:59.0,10.32734115
1183,00:59.1,9.788792232
1184,00:59.1,9.594064858
1185,00:59.2,10.33544895
1186,00:59.2,10.76522638
1187,00:59.3,11.06267499
1188,00:59.4,10.66814386
1189,00:59.4,10.2377542
1190,00:59.5,10.09321678
1191,00:59.5,10.16552378
1192,00:59.6,10.10185533
1193,00:59.6,9.543586161
1194,00:59.6,10.82973608
1195,00:59.7,10.41926304
1196,00:59.7,11.38706832
1197,00:59.8,11.49914175
1198,00:59.8,11.01958039
1199,00:59.9,11.03393038
1200,00:59.9,11.43789175
1201,01:00.0,11.93692676
1202,01:00.1,11.81819976
1203,01:00.1,11.44
1204,01:00.1,10.90601538
1205,01:00.2,10.97984949
1206,01:00.3,10.868659
1207,01:00.3,11.61406149
1208,01:00.3,11.41158251
1209,01:00.4,11.22861458
1210,01:00.4,10.88865653
1211,01:00.5,11.07795809
1212,01:00.5,11.66955564
1213,01:00.6,11.8398377
1214,01:00.6,11.34334364
1215,01:00.7,10.60145253
1216,01:00.8,10.60941825
1217,01:00.8,10.88674922
1218,01:00.9,10.79677609
1219,01:00.9,10.86576195
1220,01:00.9,10.62286083
1221,01:01.0,10.40689251
1222,01:01.0,10.08986169
1223,01:01.1,10.08149034
1224,01:01.1,10.02847238
1225,01:01.2,9.275915502
1226,01:01.2,9.768199507
1227,01:01.3,9.689940965
1228,01:01.4,10.1265287
1229,01:01.4,9.703478704
1230,01:01.5,10.20961123
1231,01:01.5,10.10993841
1232,01:01.5,10.53589061
1233,01:01.6,10.5376884
1234,01:01.6,10.48151819
1235,01:01.7,10.48001584
1236,01:01.7,10.51536973
1237,01:01.8,10.38898722
1238,01:01.8,10.15878099
1239,01:01.9,9.656747601
1240,01:01.9,9.168243699
1241,01:02.0,9.450776324
1242,01:02.1,10.30307574
1243,01:02.1,10.16975216
1244,01:02.2,9.356350677
1245,01:02.2,8.969986338
1246,01:02.3,9.405326051
1247,01:02.3,9.436955915
1248,01:02.3,9.453027189
1249,01:02.4,9.396927663
1250,01:02.4,9.737493015
1251,01:02.5,9.249873203
1252,01:02.5,9.444568099
1253,01:02.6,8.59657498
1254,01:02.6,9.178230893
1255,01:02.7,9.233189348
1256,01:02.8,8.546025289
1257,01:02.8,8.542394988
1258,01:02.9,8.211538084
1259,01:02.9,8.618936572
1260,01:02.9,8.367501469
1261,01:03.0,9.109320118
1262,01:03.0,9.629471981
1263,01:03.1,9.077832857
1264,01:03.1,9.27542088
1265,01:03.2,9.09998614
1266,01:03.2,8.619992169
1267,01:03.3,8.749541763
1268,01:03.3,9.423666753
1269,01:03.4,10.32946651
1270,01:03.5,9.498828009
1271,01:03.5,9.465218444
1272,01:03.6,9.27542088
1273,01:03.6,10.0896158
1274,01:03.7,9.663505568
1275,01:03.7,9.571596712
1276,01:03.7,9.206824428
1277,01:03.8,9.373086156
1278,01:03.8,9.703882457
1279,01:03.9,9.040683657
1280,01:03.9,9.619210275
1281,01:04.0,9.085810954
1282,01:04.0,8.233118177
1283,01:04.1,8.29271949
1284,01:04.2,7.588202062
1285,01:04.2,8.373444252
1286,01:04.3,9.912688131
1287,01:04.3,9.491954054
1288,01:04.3,9.529767761
1289,01:04.4,9.590862927
1290,01:04.4,9.901307246
1291,01:04.5,8.882437883
1292,01:04.5,9.776186925
1293,01:04.6,11.19538166
1294,01:04.6,11.60575864
1295,01:04.7,10.54222377
1296,01:04.8,10.51253933
1297,01:04.8,10.08068507
1298,01:04.9,10.17986046
1299,01:04.9,9.578818139
1300,01:05.0,9.63994127
1301,01:05.0,10.8212753
1302,01:05.0,11.57955907
1303,01:05.1,11.4349648
1304,01:05.1,11.51887708
1305,01:05.2,11.46552802
1306,01:05.2,11.21562549
1307,01:05.3,11.21972658
1308,01:05.3,10.21865593
1309,01:05.4,10.73919847
1310,01:05.4,10.45985662
1311,01:05.5,10.48729997
1312,01:05.6,10.15313627
1313,01:05.6,10.40300858
1314,01:05.7,10.33544895
1315,01:05.7,10.19993786
1316,01:05.7,10.24244489
1317,01:05.8,10.37930422
1318,01:05.8,10.57727681
1319,01:05.9,10.69211321
1320,01:05.9,10.81466098
1321,01:06.0,10.86918877
1322,01:06.0,10.78763357
1323,01:06.1,10.57684176
1324,01:06.2,10.39808341
1325,01:06.2,10.48362802
1326,01:06.3,10.01121076
1327,01:06.3,9.868181079
1328,01:06.4,10.1099846
1329,01:06.4,10.57727681
1330,01:06.4,10.60069323
1331,01:06.5,10.53150892
1332,01:06.5,10.14553258
1333,01:06.6,9.63976508
1334,01:06.6,8.953269142
1335,01:06.7,8.683594744
1336,01:06.7,9.3596436
1337,01:06.8,9.257969129
1338,01:06.8,9.748515028
1339,01:06.9,9.139944316
1340,01:07.0,8.729667588
1341,01:07.0,9.117652597
1342,01:07.0,8.689986764
1343,01:07.1,8.458144582
1344,01:07.1,8.479367135
1345,01:07.2,7.184942056
1346,01:07.2,7.302424403
1347,01:07.3,7.064124682
1348,01:07.3,6.86416677
1349,01:07.4,6.771317242
1350,01:07.5,6.770925831
1351,01:07.5,6.81995845
1352,01:07.6,8.159391016
1353,01:07.6,8.313297367
1354,01:07.7,8.705540641
1355,01:07.7,9.009327581
1356,01:07.7,9.649276192
1357,01:07.8,9.576264902
1358,01:07.8,9.477170123
1359,01:07.9,10.02045366
1360,01:07.9,9.879458273
1361,01:08.0,8.649525715
1362,01:08.0,9.087770664
1363,01:08.1,8.523712677
1364,01:08.2,8.169888008
1365,01:08.2,8.209949982
1366,01:08.2,8.476267614
1367,01:08.3,7.848804407
1368,01:08.4,8.146334381
1369,01:08.4,9.277964743
1370,01:08.4,8.707239765
1371,01:08.5,8.439948581
1372,01:08.5,8.01558382
1373,01:08.6,8.177894544
1374,01:08.6,8.177894544
1375,01:08.7,8.206799044
1376,01:08.7,8.106430466
1377,01:08.8,8.343845352
1378,01:08.9,7.57
1379,01:08.9,7.05431243
1380,01:09.0,6.792999875
1381,01:09.0,6.919620572
1382,01:09.1,6.919620572
1383,01:09.1,6.919620572
1384,01:09.1,8.135524758
1385,01:09.2,8.431311609
1386,01:09.2,8.708673425
1387,01:09.3,9.737863857
1388,01:09.3,9.359871695
1389,01:09.4,8.71839301
1390,01:09.4,8.556232403
1391,01:09.5,8.726372279
1392,01:09.6,8.339410129
1393,01:09.6,9.93848609
1394,01:09.6,10.33985826
1395,01:09.7,10.34369506
1396,01:09.8,8.949781895
1397,01:09.8,8.509792617
1398,01:09.8,8.509792617
1399,01:09.9,8.509792617
1400,01:09.9,7.146184387
1401,01:10.0,7.470307991
1402,01:10.0,9.29184232
1403,01:10.1,9.486299992
1404,01:10.2,8.618411438
1405,01:10.2,9.822754468
1406,01:10.3,9.319872244
1407,01:10.3,8.097915136
1408,01:10.4,8.016042614
1409,01:10.4,7.613315965
1410,01:10.4,7.103763322
1411,01:10.5,7.061559391
1412,01:10.5,6.980295935
1413,01:10.6,7.532370439
1414,01:10.6,8.089626793
1415,01:10.7,8.469677488
1416,01:10.7,7.279456691
1417,01:10.8,7.789952541
1418,01:10.9,7.619482606
1419,01:10.9,8.518309931
1420,01:11.0,8.176210913
1421,01:11.0,8.790941014
1422,01:11.0,8.548424339
1423,01:11.1,7.150830597
1424,01:11.1,8.109950591
1425,01:11.2,8.787122699
1426,01:11.2,8.729787256
1427,01:11.3,8.005242551
1428,01:11.3,7.739907134
1429,01:11.4,7.980725822
1430,01:11.4,9.145067328
1431,01:11.5,9.256047802
1432,01:11.6,8.695707075
1433,01:11.6,9.726206419
1434,01:11.7,9.469985576
1435,01:11.7,8.349293826
1436,01:11.8,7.640203082
1437,01:11.8,7.048578709
1438,01:11.8,7.535917728
1439,01:11.9,7.457367141
1440,01:11.9,6.45967592
1441,01:12.0,6.583922732
1442,01:12.0,7.767099333
1443,01:12.1,7.519816743
1444,01:12.1,7.154722482
1445,01:12.2,6.74353298
1446,01:12.3,6.586887931
1447,01:12.3,7.362991739
1448,01:12.4,7.989561903
1449,01:12.4,7.968252047
1450,01:12.4,8.259409084
1451,01:12.5,8.184729383
1452,01:12.5,8.452817255
1453,01:12.6,9.498828009
1454,01:12.6,9.30488151
1455,01:12.7,9.105779769
1456,01:12.7,9.549476367
1457,01:12.8,9.368273223
1458,01:12.8,9.489091963
1459,01:12.9,9.043921964
1460,01:13.0,8.343845352
1461,01:13.0,8.174723999
1462,01:13.1,9.622901885
1463,01:13.1,9.252390592
1464,01:13.1,8.609357433
1465,01:13.2,9.499291012
1466,01:13.2,8.658659231
1467,01:13.3,8.769517886
1468,01:13.3,9.251707773
1469,01:13.4,8.529363403
1470,01:13.4,9.32
1471,01:13.5,9.759628369
1472,01:13.5,10.09444718
1473,01:13.6,9.575272848
1474,01:13.7,10.38732571
1475,01:13.7,10.11184728
1476,01:13.8,10.76525969
1477,01:13.8,10.43298843
1478,01:13.8,10.7272382
1479,01:13.9,9.992629164
1480,01:13.9,10.492206
1481,01:14.0,10.41071828
1482,01:14.0,9.807236461
1483,01:14.1,10.30923056
1484,01:14.1,10.77099635
1485,01:14.2,11.37161199
1486,01:14.3,11.33915369
1487,01:14.3,10.57450334
1488,01:14.4,10.78316025
1489,01:14.4,10.48079849
1490,01:14.5,10.07846477
1491,01:14.5,11.37
1492,01:14.5,12.00193401
1493,01:14.6,10.30646702
1494,01:14.6,9.280577284
1495,01:14.7,9.024164238
1496,01:14.7,9.354809796
1497,01:14.8,11.05917459
1498,01:14.8,11.45858621
1499,01:14.9,11.06
1500,01:14.9,11.454956
1501,01:15.0,11.1202371
1502,01:15.1,10.43577756
1503,01:15.1,10.96287959
1504,01:15.2,10.66998375
1505,01:15.2,10.51480902
1506,01:15.2,11.09682168
1507,01:15.3,10.33305559
1508,01:15.3,10.85199527
1509,01:15.4,10.43960248
1510,01:15.4,10.04986224
1511,01:15.5,11.05917459
1512,01:15.5,10.65473993
1513,01:15.6,9.748515028
1514,01:15.7,9.075519568
1515,01:15.7,9.024525458
1516,01:15.8,8.792615477
1517,01:15.8,8.906078354
1518,01:15.9,8.856100361
1519,01:15.9,8.27441387
1520,01:15.9,8.982114243
1521,01:16.0,10.16874535
1522,01:16.0,9.538823074
1523,01:16.1,9.054441012
1524,01:16.1,8.864975837
1525,01:16.2,10.35596281
1526,01:16.3,10.17498032
1527,01:16.3,10.66583993
1528,01:16.3,10.2190038
1529,01:16.4,9.445336995
1530,01:16.5,9.565981302
1531,01:16.5,9.014553607
1532,01:16.5,8.202325694
1533,01:16.6,9.58
1534,01:16.6,9.539941879
1535,01:16.7,9.282653625
1536,01:16.7,10.52985566
1537,01:16.8,9.969620373
1538,01:16.8,10.08924698
1539,01:16.9,10.94998332
1540,01:17.0,10.96993317
1541,01:17.0,10.98717128
1542,01:17.1,10.90865406
1543,01:17.1,11.27972511
1544,01:17.2,11.07183311
1545,01:17.2,10.39162171
1546,01:17.2,9.989939138
1547,01:17.3,10.9604861
1548,01:17.3,9.84993999
1549,01:17.4,10.71674849
1550,01:17.4,11.64992902
1551,01:17.5,11.91992738
1552,01:17.5,11.7
1553,01:17.6,11.79854426
1554,01:17.7,11.84694992
1555,01:17.7,11.76983866
1556,01:17.7,11.75788361
1557,01:17.8,11.06568397
1558,01:17.9,10.7999342
1559,01:17.9,11.27984538
1560,01:17.9,11.27652129
1561,01:18.0,10.52985566
1562,01:18.0,10.64985401
1563,01:18.1,11.0145623
1564,01:18.1,10.42268857
1565,01:18.2,9.423666753
1566,01:18.2,10.25
1567,01:18.3,10.04961733
1568,01:18.4,9.741795633
1569,01:18.4,8.528286478
1570,01:18.5,9.212767431
1571,01:18.5,9.00603434
1572,01:18.6,8.672386165
1573,01:18.6,10.84762042
1574,01:18.6,9.274898004
1575,01:18.7,9.409267846
1576,01:18.7,9.588538918
1577,01:18.8,10.08425172
1578,01:18.8,10.07875646
1579,01:18.9,10.14607607
1580,01:18.9,10.25942775
1581,01:19.0,10.31
1582,01:19.1,10.91998337
1583,01:19.1,10.73581264
1584,01:19.1,10.84940509
1585,01:19.2,11.12713524
1586,01:19.2,11.21916265
1587,01:19.3,10.05189561
1588,01:19.3,10.0192522
1589,01:19.4,10.25998437
1590,01:19.4,9.849759962
1591,01:19.5,9.454799043
1592,01:19.5,9.549767273
1593,01:19.6,9.85993993
1594,01:19.7,9.735193898
1595,01:19.7,9.595015744
1596,01:19.8,9.008023958
1597,01:19.8,9.272523987
1598,01:19.9,9.019945047
1599,01:19.9,9.120601302
1600,01:19.9,9.309872381
1601,01:20.0,9.235577069
1602,01:20.0,9.1457174
1603,01:20.1,9.109986125
1604,01:20.1,8.648102912
1605,01:20.2,8.947696353
1606,01:20.2,8.688130983
1607,01:20.3,8.618386812
1608,01:20.4,9.15910712
1609,01:20.4,9.479768979
1610,01:20.5,9.939984861
1611,01:20.5,10.17900769
1612,01:20.5,10.01742095
1613,01:20.6,9.288834503
1614,01:20.6,10.1397529
1615,01:20.7,9.891515852
1616,01:20.7,9.575711428
1617,01:20.8,9.548586673
1618,01:20.8,8.998461408
1619,01:20.9,8.956506631
1620,01:20.9,9.239310416
1621,01:21.0,8.726372279
1622,01:21.1,8.549361911
1623,01:21.1,8.164742651
1624,01:21.2,8.369300488
1625,01:21.2,7.987463621
1626,01:21.3,8.210186449
1627,01:21.3,8.206799044
1628,01:21.3,8.481260138
1629,01:21.4,7.508352933
1630,01:21.4,7.357802965
1631,01:21.5,7.645794152
1632,01:21.5,7.154236528
1633,01:21.6,7.140843404
1634,01:21.6,7.389448482
1635,01:21.7,7.676210384
1636,01:21.8,7.117560154
1637,01:21.8,7.758298104
1638,01:21.9,8.267140843
1639,01:21.9,7.530070455
1640,01:21.9,8.17
1641,01:22.0,8.17
1642,01:22.0,8.17
1643,01:22.1,8.17
1644,01:22.1,8.823491552
1645,01:22.2,8.327855936
1646,01:22.2,8.789518039
1647,01:22.3,9.038884758
1648,01:22.4,8.049987739
1649,01:22.4,8.455955187
1650,01:22.5,7.847847001
1651,01:22.5,7.27
1652,01:22.6,7.208671284
1653,01:22.6,7.109729273
1654,01:22.6,6.926562397
1655,01:22.7,7.665327643
1656,01:22.7,7.10844066
1657,01:22.8,7.419717469
1658,01:22.8,7.154236528
1659,01:22.9,7.159507926
1660,01:22.9,6.925195834
1661,01:23.0,6.787352681
1662,01:23.0,6.377512534
1663,01:23.1,5.922650722
1664,01:23.2,6.534263309
1665,01:23.2,7.241344496
1666,01:23.3,7.22982381
1667,01:23.3,6.779907061
1668,01:23.3,7.347134346
1669,01:23.4,7.11868787
1670,01:23.4,7.530998276
1671,01:23.5,7.709048836
1672,01:23.5,7.469817961
1673,01:23.6,7.777082751
1674,01:23.6,7.497761173
1675,01:23.7,7.359282577
1676,01:23.8,6.497139091
1677,01:23.8,6.503125123
1678,01:23.9,6.15661333
1679,01:23.9,6.568789229
1680,01:24.0,6.643670674
1681,01:24.0,7.029957171
1682,01:24.0,6.879989521
1683,01:24.1,6.527762332
1684,01:24.1,6.367516433
1685,01:24.2,6.057923389
1686,01:24.2,6.139766208
1687,01:24.3,6.124622949
1688,01:24.3,6.141000523
1689,01:24.4,6.017925589
1690,01:24.4,6.527125887
1691,01:24.5,6.512216015
1692,01:24.6,6.219962106
1693,01:24.6,6.11985086
1694,01:24.7,6.019550725
1695,01:24.7,6.501663015
1696,01:24.7,7.38917136
1697,01:24.8,7.600888615
1698,01:24.8,7.844727891
1699,01:24.9,7.05431243
1700,01:24.9,6.536404412
1701,01:25.0,6.809643838
1702,01:25.0,5.886255085
1703,01:25.1,6.700181058
1704,01:25.2,6.580664586
1705,01:25.2,6.397504736
1706,01:25.3,6.983789952
1707,01:25.3,6.468185892
1708,01:25.3,7.481057969
1709,01:25.4,8.527503165
1710,01:25.4,9.579045022
1711,01:25.5,9.656689759
1712,01:25.5,8.593661081
1713,01:25.6,8.86998649
1714,01:25.6,7.945883092
1715,01:25.7,9.980491734
1716,01:25.8,10.2297507
1717,01:25.8,9.405858284
1718,01:25.8,10.46960133
1719,01:25.9,11.17175941
1720,01:26.0,11.80350705
1721,01:26.0,12.32992488
1722,01:26.0,12.54906339
1723,01:26.1,12.70998064
1724,01:26.1,11.05215777
1725,01:26.2,11.09863062
1726,01:26.2,10.37595299
1727,01:26.3,10.12845715
1728,01:26.3,10.87521128
1729,01:26.4,11.77296219
1730,01:26.5,10.81999751
1731,01:26.5,9.739656434
1732,01:26.6,8.875618256
1733,01:26.6,8.959331312
1734,01:26.7,9.422403146
1735,01:26.7,8.511890848
1736,01:26.7,8.095408228
1737,01:26.8,7.479395548
1738,01:26.8,8.23192656
1739,01:26.9,7.529765563
1740,01:26.9,7.953387478
1741,01:27.0,9.445336995
1742,01:27.0,10.11886437
1743,01:27.1,10.16946793
1744,01:27.2,9.682193689
1745,01:27.2,10.01802556
1746,01:27.2,9.781087499
1747,01:27.3,9.277268378
1748,01:27.4,9.679867309
1749,01:27.4,9.627887982
1750,01:27.4,10.09986155
1751,01:27.5,10.13252597
1752,01:27.5,9.985070538
1753,01:27.6,10.01961847
1754,01:27.6,11.38993061
1755,01:27.7,11.05482895
1756,01:27.7,10.69941331
1757,01:27.8,10.52897358
1758,01:27.9,9.516288295
1759,01:27.9,11.30240069
1760,01:28.0,10.65596307
1761,01:28.0,10.20028234
1762,01:28.1,9.774341991
1763,01:28.1,9.936935417
1764,01:28.1,10.27395546
1765,01:28.2,10.98953044
1766,01:28.2,10.80466592
1767,01:28.3,10.85180724
1768,01:28.3,10.5276906
1769,01:28.4,10.22376803
1770,01:28.5,10.60353667
1771,01:28.5,10.28810368
1772,01:28.6,10.10422053
1773,01:28.6,10.16498172
1774,01:28.6,9.325436737
1775,01:28.7,9.373700334
1776,01:28.7,9.566268801
1777,01:28.8,9.75422045
1778,01:28.8,9.518245579
1779,01:28.9,9.110611596
1780,01:28.9,8.617046141
1781,01:29.0,9.347172445
1782,01:29.0,10.07944731
1783,01:29.1,10.25243752
1784,01:29.2,10.33960628
1785,01:29.2,9.818788531
1786,01:29.3,10.01859705
1787,01:29.3,9.68285766
1788,01:29.4,9.876147937
1789,01:29.4,10.07988537
1790,01:29.4,9.847839732
1791,01:29.5,9.69
1792,01:29.5,8.982225177
1793,01:29.6,8.78780471
1794,01:29.6,8.01718747
1795,01:29.7,8.164742651
1796,01:29.7,8.982423898
1797,01:29.8,8.412428662
1798,01:29.9,8.153931033
1799,01:29.9,8.930852018
1800,01:30.0,11.05273926
1801,01:30.0,10.50305144
1802,01:30.0,9.557815391
1803,01:30.1,9.180581717
1804,01:30.1,9.644937782
1805,01:30.2,10.29672581
1806,01:30.2,9.358275065
1807,01:30.3,10.51536973
1808,01:30.3,10.50294142
1809,01:30.4,9.249309669
1810,01:30.4,9.201806436
1811,01:30.5,9.268920955
1812,01:30.6,10.23245226
1813,01:30.6,9.569635604
1814,01:30.7,10.26998436
1815,01:30.7,9.579941635
1816,01:30.8,9.47855615
1817,01:30.8,10.4683916
1818,01:30.8,10.23111947
1819,01:30.9,10.10772887
1820,01:30.9,9.268920955
1821,01:31.0,9.899984921
1822,01:31.0,10.9195842
1823,01:31.1,11.31953954
1824,01:31.1,10.13044234
1825,01:31.2,10.8468872
1826,01:31.3,10.76713016
1827,01:31.3,10.69643174
1828,01:31.4,9.774735081
1829,01:31.4,10.42998411
1830,01:31.4,10.7162587
1831,01:31.5,10.14874782
1832,01:31.5,9.670098137
1833,01:31.6,9.189776046
1834,01:31.6,9.31795597
1835,01:31.7,9.365374368
1836,01:31.7,9.315401143
1837,01:31.8,9.11182443
1838,01:31.9,9.048015185
1839,01:31.9,8.740740862
1840,01:32.0,7.928486881
1841,01:32.0,9.476171808
1842,01:32.1,8.989329073
1843,01:32.1,8.643847354
1844,01:32.1,8.595756419
1845,01:32.2,8.809552182
1846,01:32.2,7.900454957
1847,01:32.3,7.764785201
1848,01:32.3,7.520229436
1849,01:32.4,7.569711758
1850,01:32.4,7.86989212
1851,01:32.5,8.401342492
1852,01:32.5,8.51988321
1853,01:32.6,8.588416967
1854,01:32.7,8.476693776
1855,01:32.7,8.411986026
1856,01:32.8,7.839422309
1857,01:32.8,7.784849584
1858,01:32.8,7.798289331
1859,01:32.9,7.392840506
1860,01:32.9,7.60211461
1861,01:33.0,8.705702141
1862,01:33.0,8.939332805
1863,01:33.1,8.43598835
1864,01:33.1,7.6
1865,01:33.2,7.839892531
1866,01:33.3,8.257534306
1867,01:33.3,7.719047603
1868,01:33.4,8.305768523
1869,01:33.4,8.369375344
1870,01:33.5,7.839032799
1871,01:33.5,7.548212177
1872,01:33.5,8.232224815
1873,01:33.6,9.016786133
1874,01:33.6,8.453702688
1875,01:33.7,9.49017753
1876,01:33.7,10.14652185
1877,01:33.8,10.1644087
1878,01:33.8,9.745188964
1879,01:33.9,10.24943799
1880,01:33.9,10.14652185
1881,01:34.0,9.659764593
1882,01:34.1,8.7756676
1883,01:34.1,9.291628842
1884,01:34.2,9.63976508
1885,01:34.2,8.915942548
1886,01:34.2,8.669352955
1887,01:34.3,8.397492514
1888,01:34.3,8.44994852
1889,01:34.4,9.344859519
1890,01:34.4,8.689351462
1891,01:34.5,8.162949757
1892,01:34.6,9.095994727
1893,01:34.6,8.826113565
1894,01:34.7,8.399959615
1895,01:34.7,9.159944194
1896,01:34.8,9.262339399
1897,01:34.8,8.193600505
1898,01:34.8,8.916073952
1899,01:34.9,9.579766542
1900,01:34.9,10.09698505
1901,01:35.0,9.96345133
1902,01:35.0,9.915633812
1903,01:35.1,9.667113406
1904,01:35.1,9.457925266
1905,01:35.2,10.43985689
1906,01:35.3,10.99864296
1907,01:35.3,10.5376884
1908,01:35.3,10.5376884
1909,01:35.4,10.5376884
1910,01:35.5,10.5376884
1911,01:35.5,10.5376884
1912,01:35.5,10.77958953
1913,01:35.6,10.77748868
1914,01:35.6,10.24498624
1915,01:35.7,9.581676949
1916,01:35.7,10.14604267
1917,01:35.8,10.56547651
1918,01:35.8,10.56547651
1919,01:35.9,10.56547651
1920,01:36.0,10.6586849
1921,01:36.0,11.13509684
1922,01:36.1,11.20754146
1923,01:36.1,10.96517167
1924,01:36.2,11.15938809
1925,01:36.2,11.33751295
1926,01:36.2,11.33751295
1927,01:36.3,11.33751295
1928,01:36.3,11.87124345
1929,01:36.4,11.59955831
1930,01:36.4,11.56897841
1931,01:36.5,11.11940671
1932,01:36.5,11.54746689
1933,01:36.6,11.40984359
1934,01:36.7,11.40984359
1935,01:36.7,11.40984359
1936,01:36.7,10.13700148
1937,01:36.8,11.68423169
1938,01:36.9,10.94783303
1939,01:36.9,11.30972438
1940,01:36.9,11.2193848
1941,01:37.0,11.91941736
1942,01:37.0,11.66995071
1943,01:37.1,11.52071138
1944,01:37.1,11.20984634
1945,01:37.2,11.28090472
1946,01:37.2,11.39789912
1947,01:37.3,10.26610748
1948,01:37.4,11.03757875
1949,01:37.4,10.47482875
1950,01:37.5,11.46956326
1951,01:37.5,10.64215006
1952,01:37.5,10.58974193
1953,01:37.6,10.32675815
1954,01:37.6,10.3684769
1955,01:37.7,9.705726242
1956,01:37.7,9.467859506
1957,01:37.8,8.871548208
1958,01:37.8,9.546010568
1959,01:37.9,9.642225913
1960,01:38.0,9.754766266
1961,01:38.0,9.558238208
1962,01:38.1,9.833666894
1963,01:38.1,10.22376803
1964,01:38.1,9.58566539
1965,01:38.2,8.98978092
1966,01:38.2,9.439495979
1967,01:38.3,8.063157485
1968,01:38.3,11.51813067
1969,01:38.4,11.78785272
1970,01:38.4,12.77612542
1971,01:38.5,13.24930894
1972,01:38.5,13.05697695
1973,01:38.6,12.68969075
1974,01:38.7,12.50167911
1975,01:38.7,11.54956021
1976,01:38.8,10.61068446
1977,01:38.8,9.846487213
1978,01:38.9,9.327920216
1979,01:38.9,9.191930037
1980,01:38.9,10.94182631
1981,01:39.0,11.16100139
1982,01:39.0,11.2184395
1983,01:39.1,10.63837948
1984,01:39.1,11.36993073
1985,01:39.2,10.97984949
1986,01:39.2,10.14993816
1987,01:39.3,9.701791807
1988,01:39.4,10.70941276
1989,01:39.4,11.16755023
1990,01:39.5,10.80762919
1991,01:39.5,11.20890729
1992,01:39.5,10.7986492
1993,01:39.6,11.07795809
1994,01:39.6,10.67895896
1995,01:39.7,10.39898625
1996,01:39.7,10.05312404
1997,01:39.8,9.467007989
1998,01:39.8,10.14986087
1999,01:39.9,10.67473006
2000,01:39.9,9.729762887
2001,01:40.0,9.483626457
2002,01:40.1,8.619696965
2003,01:40.1,8.323542915
2004,01:40.2,9.279646646
2005,01:40.2,9.718800868
2006,01:40.3,9.698803335
2007,01:40.3,10.47155726
2008,01:40.3,10.46617822
2009,01:40.4,9.688652257
2010,01:40.4,9.546898352
2011,01:40.5,8.738083174
2012,01:40.5,9.19994395
2013,01:40.6,9.789985089
2014,01:40.6,9.769270862
2015,01:40.7,9.493619741
2016,01:40.8,9.319943219
2017,01:40.8,9.562290361
2018,01:40.9,9.92333095
2019,01:40.9,9.197982288
2020,01:40.9,10.06814422
2021,01:41.0,9.531631799
2022,01:41.0,9.93509521
2023,01:41.1,10.54728453
2024,01:41.1,9.651526539
2025,01:41.2,10.29810183
2026,01:41.2,9.589634842
2027,01:41.3,9.179944072
2028,01:41.4,9.16886872
2029,01:41.4,8.607913957
2030,01:41.5,8.809946326
2031,01:41.5,8.708832795
2032,01:41.6,8.926069551
2033,01:41.6,8.379983492
2034,01:41.6,7.769988166
2035,01:41.7,7.411141539
2036,01:41.7,7.800675933
2037,01:41.8,7.530998276
2038,01:41.8,7.261320618
2039,01:41.9,7.172601826
2040,01:41.9,7.339244527
2041,01:42.0,7.362985393
2042,01:42.0,7.230728146
2043,01:42.1,7.619431317
2044,01:42.2,7.825230176
2045,01:42.2,7.83765968
2046,01:42.3,7.688582826
2047,01:42.3,8.11
2048,01:42.3,8.417664131
2049,01:42.4,7.959890886
2050,01:42.4,7.818284945
2051,01:42.5,8.399795298
2052,01:42.5,9.078008606
2053,01:42.6,9.628811971
2054,01:42.6,8.879386561
2055,01:42.7,9.366346778
2056,01:42.8,7.698827253
2057,01:42.8,9.159497751
2058,01:42.9,9.769627988
2059,01:42.9,9.915105079
2060,01:43.0,10.32734115
2061,01:43.0,9.518825541
2062,01:43.0,9.882710243
2063,01:43.1,9.279985866
2064,01:43.1,9.533592877
2065,01:43.2,9.44825848
2066,01:43.2,8.866960473
2067,01:43.3,9.21594191
2068,01:43.4,9.698630272
2069,01:43.4,9.235933108
2070,01:43.4,8.785407986
2071,01:43.5,9.493202471
2072,01:43.6,9.538982037
2073,01:43.6,8.121030097
2074,01:43.6,10.26236597
2075,01:43.7,9.368572904
2076,01:43.7,9.826844634
2077,01:43.8,10.91833683
2078,01:43.8,9.15128171
2079,01:43.9,8.803483131
2080,01:43.9,9.818190293
2081,01:44.0,10.78467579
2082,01:44.1,10.54222377
2083,01:44.1,10.28434272
2084,01:44.2,10.06875769
2085,01:44.2,10.58448871
2086,01:44.3,10.37841908
2087,01:44.3,11.182693
2088,01:44.3,11.04935222
2089,01:44.4,10.12788562
2090,01:44.4,9.166424755
2091,01:44.5,8.692991237
2092,01:44.5,9.59355258
2093,01:44.6,11.53550073
2094,01:44.6,11.32920683
2095,01:44.7,11.52747128
2096,01:44.8,11.43231682
2097,01:44.8,11.52492519
2098,01:44.8,10.98917403
2099,01:44.9,11.33611407
2100,01:45.0,11.21711208
2101,01:45.0,11.91883809
2102,01:45.0,11.85971098
2103,01:45.1,11.84646265
2104,01:45.1,11.65358952
2105,01:45.2,11.24170781
2106,01:45.2,10.90461657
2107,01:45.3,10.5699356
2108,01:45.3,10.33922832
2109,01:45.4,10.20496198
2110,01:45.5,10.1938448
2111,01:45.5,10.98189945
2112,01:45.6,10.98917981
2113,01:45.6,10.84200264
2114,01:45.7,10.79314466
2115,01:45.7,10.45766283
2116,01:45.7,10.08924698
2117,01:45.8,10.98189945
2118,01:45.8,11.18993183
2119,01:45.9,11.06957849
2120,01:45.9,11.23998288
2121,01:46.0,11.10891704
2122,01:46.0,10.9397334
2123,01:46.1,10.72679699
2124,01:46.2,10.60416679
2125,01:46.2,10.14961352
2126,01:46.2,9.794612116
2127,01:46.3,9.56294611
2128,01:46.4,10.17508867
2129,01:46.4,10.50897553
2130,01:46.4,10.20779872
2131,01:46.5,10.28583613
2132,01:46.5,10.23694326
2133,01:46.6,9.506292194
2134,01:46.6,8.367737297
2135,01:46.7,8.699601456
2136,01:46.8,8.110827484
2137,01:46.8,8.812263361
2138,01:46.9,9.540498884
2139,01:46.9,9.857360055
2140,01:47.0,9.70852112
2141,01:47.0,8.975568912
2142,01:47.0,9.455738622
2143,01:47.1,9.938773727
2144,01:47.1,8.96338836
2145,01:47.2,8.369995431
2146,01:47.2,9.73709251
2147,01:47.3,9.530094154
2148,01:47.3,8.618386812
2149,01:47.4,9.256430163
2150,01:47.5,9.898998661
2151,01:47.5,10.19602317
2152,01:47.6,10.32899307
2153,01:47.6,10.0394495
2154,01:47.6,9.349643981
2155,01:47.7,9.586590523
2156,01:47.7,8.889945839
2157,01:47.8,8.929129539
2158,01:47.8,8.719760597
2159,01:47.9,9.024525458
2160,01:47.9,9.734293544
2161,01:48.0,9.929767464
2162,01:48.0,9.676720192
2163,01:48.1,8.92987759
2164,01:48.2,9.261177014
2165,01:48.2,10.37985771
2166,01:48.3,11.46725576
2167,01:48.3,11.42435998
2168,01:48.4,12.10846445
2169,01:48.4,12.22
2170,01:48.4,12.11106655
2171,01:48.5,12.01114026
2172,01:48.5,11.58311448
2173,01:48.6,10.60533012
2174,01:48.6,10.07326893
2175,01:48.7,10.07326893
2176,01:48.7,9.009945108
2177,01:48.8,10.66089467
2178,01:48.9,10.12183922
2179,01:48.9,10.16603487
2180,01:49.0,11.20957316
2181,01:49.0,11.32832626
2182,01:49.0,10.89760945
2183,01:49.1,11.08452775
2184,01:49.1,11.36826829
2185,01:49.2,11.28791939
2186,01:49.2,11.91575722
2187,01:49.3,11.25500053
2188,01:49.3,10.56910305
2189,01:49.4,10.56768182
2190,01:49.4,10.56768182
2191,01:49.5,10.56768182
2192,01:49.6,10.80998354
2193,01:49.6,10.40232696
2194,01:49.7,10.42807788
2195,01:49.7,10.2468606
2196,01:49.7,8.426507413
2197,01:49.8,9.745708636
2198,01:49.8,9.745708636
2199,01:49.9,9.745708636
2200,01:49.9,9.388324184
2201,01:50.0,9.296114751
2202,01:50.0,9.358000377
2203,01:50.1,9.826167431
2204,01:50.1,9.432508889
2205,01:50.2,10.21550177
2206,01:50.3,9.234661804
2207,01:50.3,9.043329394
2208,01:50.4,8.77029396
2209,01:50.4,8.443894327
2210,01:50.4,10.92945026
2211,01:50.5,10.03168244
2212,01:50.5,9.532187325
2213,01:50.6,11.43231682
2214,01:50.6,12.04992659
2215,01:50.7,12.06468751
2216,01:50.7,12.83
2217,01:50.8,12.17970318
2218,01:50.9,11.38826525
2219,01:50.9,10.99685557
2220,01:51.0,11.86971074
2221,01:51.0,11.25444387
2222,01:51.1,11.28281413
2223,01:51.1,12.16182655
2224,01:51.1,12.40910555
2225,01:51.2,11.89853193
2226,01:51.2,11.76697051
2227,01:51.3,11.33998273
2228,01:51.3,11.31972414
2229,01:51.4,11.17507924
2230,01:51.4,11.73483276
2231,01:51.5,11.68743619
2232,01:51.5,12.47809924
2233,01:51.6,12.02192058
2234,01:51.7,11.91738575
2235,01:51.7,11.23972609
2236,01:51.8,10.2849277
2237,01:51.8,9.961254616
2238,01:51.8,10.11975338
2239,01:51.9,10.25023475
2240,01:51.9,10.11845867
2241,01:52.0,10.86675519
2242,01:52.0,9.86204868
2243,01:52.1,9.875124816
2244,01:52.1,10.40732056
2245,01:52.2,9.739762643
2246,01:52.3,11.03393038
2247,01:52.3,10.38478137
2248,01:52.4,9.93509521
2249,01:52.4,9.523621314
2250,01:52.5,9.683915621
2251,01:52.5,11.53550073
2252,01:52.5,10.93397654
2253,01:52.6,10.86521568
2254,01:52.6,10.1510309
2255,01:52.7,9.869458822
2256,01:52.7,10.59447407
2257,01:52.8,10.09924623
2258,01:52.9,9.498828009
2259,01:52.9,8.481919401
2260,01:52.9,8.97598247
2261,01:53.0,11.12179626
2262,01:53.1,10.7627668
2263,01:53.1,10.78993426
2264,01:53.1,10.16603487
2265,01:53.2,11.43914623
2266,01:53.2,11.6391313
2267,01:53.3,11.77592436
2268,01:53.3,11.51857881
2269,01:53.4,11.13707924
2270,01:53.4,10.40459147
2271,01:53.5,9.951263388
2272,01:53.6,9.407936231
2273,01:53.6,10.74425457
2274,01:53.7,11.23171518
2275,01:53.7,12.18992573
2276,01:53.8,11.80206833
2277,01:53.8,11.78782725
2278,01:53.8,11.61488557
2279,01:53.9,11.65984017
2280,01:53.9,10.82919175
2281,01:54.0,11.58913503
2282,01:54.0,12.12336255
2283,01:54.1,10.57418328
2284,01:54.1,11.03031604
2285,01:54.2,11.6088683
2286,01:54.3,11.56992951
2287,01:54.3,11.23984592
2288,01:54.3,11.64
2289,01:54.4,11.48993
2290,01:54.5,11.45998255
2291,01:54.5,10.94958306
2292,01:54.5,10.71209846
2293,01:54.6,10.17
2294,01:54.6,9.879984952
2295,01:54.7,9.649985302
2296,01:54.7,9.899939686
2297,01:54.8,9.892702872
2298,01:54.8,9.475322192
2299,01:54.9,9.255924305
2300,01:55.0,9.96880283
2301,01:55.0,10.04961733
2302,01:55.1,10.5714767
2303,01:55.1,10.13944402
2304,01:55.2,10.41485836
2305,01:55.2,10.89958496
2306,01:55.2,10.54728453
2307,01:55.3,10.89958496
2308,01:55.3,10.27899795
2309,01:55.4,10.00876509
2310,01:55.4,9.92
2311,01:55.5,10.23025379
2312,01:55.6,10.19248175
2313,01:55.6,10.29290413
2314,01:55.7,9.607081509
2315,01:55.7,9.167988867
2316,01:55.7,9.05
2317,01:55.8,9.288287966
2318,01:55.8,9.621559059
2319,01:55.9,9.153248314
2320,01:55.9,8.889336536
2321,01:56.0,8.448146775
2322,01:56.0,7.753748506
2323,01:56.1,8.68571201
2324,01:56.1,8.813498923
2325,01:56.2,9.085810954
2326,01:56.3,8.436467824
2327,01:56.3,9.080642479
2328,01:56.4,9.408839112
2329,01:56.4,10.17789646
2330,01:56.5,9.765179095
2331,01:56.5,11.19785989
2332,01:56.5,11.5382424
2333,01:56.6,10.12418935
2334,01:56.6,9.024132053
2335,01:56.7,9.145485027
2336,01:56.7,10.38960438
2337,01:56.8,10.71280038
2338,01:56.8,10.13442519
2339,01:56.9,10.87761384
2340,01:57.0,11.04957925
2341,01:57.0,9.379485689
2342,01:57.1,10.50959981
2343,01:57.1,10.06986196
2344,01:57.1,10.67435701
2345,01:57.2,9.78904571
2346,01:57.2,9.488829242
2347,01:57.3,10.31985854
2348,01:57.3,10.3
2349,01:57.4,9.915633812
2350,01:57.4,9.489985546
2351,01:57.5,8.929326868
2352,01:57.5,8.96
2353,01:57.6,9.739985165
2354,01:57.7,11.42079194
2355,01:57.7,11.18361071
2356,01:57.8,10.67534973
2357,01:57.8,9.853377963
2358,01:57.9,9.761758329
2359,01:57.9,9.182874964
2360,01:57.9,10.4496021
2361,01:58.0,12.95982235
2362,01:58.0,13.044912
2363,01:58.1,13.5440361
2364,01:58.1,13.38620564
2365,01:58.2,14.17351414
2366,01:58.2,13.94683518
2367,01:58.3,13.09943852
2368,01:58.4,12.37817387
2369,01:58.4,11.94767354
2370,01:58.5,12.01531358
2371,01:58.5,11.70855537
2372,01:58.5,11.25890242
2373,01:58.6,11.41104696
2374,01:58.6,11.81782184
2375,01:58.7,11.74133927
2376,01:58.7,11.41072256
2377,01:58.8,11.1367383
2378,01:58.8,10.41731799
2379,01:58.9,10.24960971
2380,01:59.0,10.83919101
2381,01:59.0,11.50787885
2382,01:59.1,11.12283916
2383,01:59.1,10.2230202
2384,01:59.2,12.03954155
2385,01:59.2,11.7604666
2386,01:59.2,11.99851959
2387,01:59.3,11.5736335
2388,01:59.3,11.39826372
2389,01:59.4,10.98864419
2390,01:59.4,10.70802628
2391,01:59.5,11.41914772
2392,01:59.5,9.779761668
2393,01:59.6,9.911298475
2394,01:59.6,10.81973632
2395,01:59.7,10.74874787
2396,01:59.8,11.6470014
2397,01:59.8,11.56295187
2398,01:59.9,11.04109807
2399,01:59.9,10.74425457
2400,01:59.9,10.59345651

