,datetime,z_ref,z,z_hat,v_hat,alpha_1,alpha_0,tau
0,2024-04-09 18:49:52.379225,1.37,1.315,1.3694428677329429,0.8444671609015476,4.074833364757089,-1.6646842586894093,1.2907142857142857
1,2024-04-09 18:49:52.405685,1.37,1.315,1.3701604834344348,0.8380048884003741,4.074789424689194,-1.6647066424611734,1.2907142857142857
2,2024-04-09 18:49:52.430490,1.37,1.315,1.3701648755466351,0.8313612428366617,4.074744288530631,-1.6647296360380957,1.2907142857142857
3,2024-04-09 18:49:52.453831,1.375,1.315,1.3748159889069886,0.8388005633283662,4.0747946560136565,-1.664703976928393,1.2892857142857144
4,2024-04-09 18:49:52.477689,1.375,1.315,1.3751485465707851,0.8328167229213879,4.0747540016809305,-1.6647246882380455,1.2892857142857144
5,2024-04-09 18:49:52.502136,1.37,1.315,1.3704403513436536,0.8150468667102948,4.074633503203109,-1.6647860773953496,1.2907142857142857
6,2024-04-09 18:49:52.525468,1.375,1.315,1.3747323871509194,0.8258516197019343,4.0747067227926586,-1.6647487741356193,1.2892857142857144
7,2024-04-09 18:49:52.549231,1.375,1.315,1.375063560177343,0.8232912311318404,4.074689335034659,-1.6647576328859288,1.2892857142857144
8,2024-04-09 18:49:52.573510,1.385,1.315,1.3844517923669786,0.8454307464447289,4.074839283418257,-1.6646812352290867,1.2864285714285715
9,2024-04-09 18:49:52.597645,1.375,1.315,1.3757833701030784,0.8138185978688337,4.074625042711796,-1.6647903917323406,1.2892857142857144
10,2024-04-09 18:49:52.620975,1.375,1.315,1.3750541559542124,0.8116304294587832,4.074610233922134,-1.6647979370331305,1.2892857142857144
11,2024-04-09 18:49:52.644811,1.385,1.315,1.384379320993932,0.8366888498433402,4.074779932743702,-1.6647114710695825,1.2864285714285715
12,2024-04-09 18:49:52.668564,1.375,1.315,1.3757250073391385,0.807427811225892,4.074581737760905,-1.664812458745622,1.2892857142857144
13,2024-04-09 18:49:52.692215,1.385,1.315,1.384394761781174,0.8318601418111113,4.074747168094544,-1.6647281640538585,1.2864285714285715
14,2024-04-09 18:49:52.715480,1.37,1.315,1.371004387141704,0.7913155536487814,4.074472676811262,-1.6648680335450312,1.2907142857142857
15,2024-04-09 18:49:52.739099,1.375,1.315,1.3746208447925474,0.8066092669753351,4.074576282383877,-1.6648152392608957,1.29
16,2024-04-09 18:49:52.764762,1.375,1.315,1.3749380511622364,0.8091046045564521,4.074593207746979,-1.664806614419175,1.29
17,2024-04-09 18:49:52.788764,1.375,1.315,1.3749729879851915,0.8098998042239393,4.074600586799753,-1.6648028541139197,1.29
18,2024-04-09 18:49:52.813226,1.385,1.315,1.3843636483405282,0.8352873732681587,4.074013034448147,-1.6644032382043907,1.2864285714285715
19,2024-04-09 18:49:52.836692,1.385,1.315,1.3850990779387262,0.8310113847048544,4.074200857974376,-1.6645048132106106,1.2864285714285715
20,2024-04-09 18:49:52.860261,1.385,1.315,1.385118026840915,0.8262607406346771,4.074509151259184,-1.664660351306528,1.2864285714285715
21,2024-04-09 18:49:52.884741,1.375,1.315,1.3757062693879245,0.7977743768610384,4.075877563742156,-1.6653964374914785,1.2892857142857144
22,2024-04-09 18:49:52.908301,1.385,1.315,1.3843339632948175,0.8246394748013558,4.074981922532366,-1.6648635998481838,1.2864285714285715
23,2024-04-09 18:49:52.935149,1.385,1.315,1.3850315030156417,0.8233738061551374,4.075010408082543,-1.664883132227705,1.2864285714285715
24,2024-04-09 18:49:52.959155,1.385,1.315,1.3850666924499289,0.8206868126549022,4.075049256844816,-1.6649157152030905,1.2864285714285715
25,2024-04-09 18:49:52.982569,1.385,1.315,1.385052290143634,0.8185792924838526,4.07506745544765,-1.6649362513000174,1.2864285714285715
26,2024-04-09 18:49:53.006993,1.385,1.315,1.38503840594328,0.8170308310789266,4.075074260197309,-1.6649486527183228,1.2864285714285715
27,2024-04-09 18:49:53.032015,1.385,1.315,1.3850280018510963,0.8159013678058791,4.075075735726978,-1.66495626965861,1.2864285714285715
28,2024-04-09 18:49:53.055412,1.385,1.315,1.3850203962709842,0.8150782269235195,4.075074960566825,-1.6649610613637078,1.2864285714285715
29,2024-04-09 18:49:53.079250,1.375,1.315,1.375631248990905,0.7895917806095569,4.075009257522072,-1.6650923000867774,1.29
30,2024-04-09 18:49:53.104590,1.385,1.315,1.3842789679058014,0.8186875055914185,4.075119015438999,-1.6649565981272698,1.2864285714285715
31,2024-04-09 18:49:53.128110,1.375,1.315,1.375607797884352,0.7941493638128542,4.075005181058733,-1.6650622623645022,1.29
32,2024-04-09 18:49:53.151875,1.375,1.315,1.374922021192972,0.7972846769174541,4.075021777331917,-1.6650495220489636,1.29
33,2024-04-09 18:49:53.176472,1.37,1.315,1.3702072790424962,0.7889043210013895,4.074973806751514,-1.6650818061023622,1.2914285714285714
34,2024-04-09 18:49:53.200981,1.36,1.315,1.360481393107226,0.7694509842654532,4.074855879231311,-1.665154105531961,1.2942857142857143
35,2024-04-09 18:49:53.224582,1.37,1.315,1.3691455594959754,0.8039219324888648,4.075073613797238,-1.665029246195148,1.2914285714285714
36,2024-04-09 18:49:53.249389,1.36,1.315,1.3605085364957987,0.7833818559055648,4.074940378713227,-1.6651020529454772,1.2942857142857143
37,2024-04-09 18:49:53.274222,1.37,1.315,1.369233120626357,0.8143261684262139,4.075145296641637,-1.6649939168602388,1.2914285714285714
38,2024-04-09 18:49:53.298787,1.36,1.315,1.3605780783416388,0.7909846196478553,4.074988639077167,-1.6650745179363085,1.2942857142857143
39,2024-04-09 18:49:53.323809,1.36,1.315,1.359900677561573,0.7949798854305957,4.075015828098794,-1.665060784100188,1.2942857142857143
40,2024-04-09 18:49:53.347335,1.36,1.315,1.359883554532232,0.7996690110215111,4.075047936274439,-1.6650447809345996,1.2942857142857143
41,2024-04-09 18:49:53.371816,1.36,1.315,1.359911408634265,0.8032363889022726,4.075072491561471,-1.6650326606356092,1.2942857142857143
42,2024-04-09 18:49:53.397287,1.36,1.315,1.3599351192657627,0.8058486216285266,4.075090542140446,-1.665023813738897,1.2942857142857143
43,2024-04-09 18:49:53.426040,1.36,1.315,1.3599526857982671,0.8077531951546603,4.075103740708332,-1.6650173780130753,1.2942857142857143
44,2024-04-09 18:49:53.450363,1.355,1.315,1.3552737095000549,0.7966970268165837,4.075027242644161,-1.6650545403654238,1.2957142857142858
45,2024-04-09 18:49:53.474269,1.36,1.315,1.359608935982595,0.8124754714793622,4.075136686371505,-1.6650015165815375,1.2942857142857143
46,2024-04-09 18:49:53.498148,1.36,1.315,1.359973435966993,0.81354633299041,4.075144127572818,-1.6649979184737165,1.2942857142857143
47,2024-04-09 18:49:53.523588,1.36,1.315,1.36000250576371,0.8134441121609809,4.075143425201266,-1.6649982576187692,1.2942857142857143
48,2024-04-09 18:49:53.547115,1.355,1.315,1.3553118662758203,0.800850839144929,4.07505597120625,-1.665040442589798,1.2957142857142858
49,2024-04-09 18:49:53.570349,1.36,1.315,1.3596368970745094,0.8155028710877449,4.075157820382338,-1.664991349481598,1.2942857142857143
50,2024-04-09 18:49:53.594543,1.355,1.315,1.3553020230016692,0.8033083244834371,4.075073090833693,-1.6650321695913983,1.2957142857142858
51,2024-04-09 18:49:53.618018,1.355,1.315,1.3549596401866746,0.8049305498100018,4.0750844141890825,-1.6650267163182382,1.2957142857142858
52,2024-04-09 18:49:53.641285,1.36,1.315,1.3596403382065712,0.8194461606536071,4.075185322099718,-1.6649781317130452,1.2942857142857143
53,2024-04-09 18:49:53.665556,1.355,1.315,1.3553265464603592,0.806263894031093,4.075093708122023,-1.6650222340804657,1.2957142857142858
54,2024-04-09 18:49:53.689768,1.37,1.315,1.3690547765338514,0.8444233880986785,4.075358877413838,-1.6648945972972204,1.2907142857142857
55,2024-04-09 18:49:53.713761,1.355,1.315,1.3560608409142294,0.8016081765752467,4.075061299375983,-1.665037824241263,1.2957142857142858
56,2024-04-09 18:49:53.737297,1.36,1.315,1.3596877327199377,0.8142080786379363,4.075148884759888,-1.6649956700858126,1.2942857142857143
57,2024-04-09 18:49:53.761854,1.36,1.315,1.359988974897521,0.8146526089016819,4.07515197674223,-1.6649941819566425,1.2942857142857143
58,2024-04-09 18:49:53.787369,1.37,1.315,1.369393885829702,0.8391251316617461,4.075321939650228,-1.66491238071276,1.2907142857142857
59,2024-04-09 18:49:53.815602,1.37,1.315,1.3701244815088405,0.8341137566281013,4.075287037908213,-1.6649291788172031,1.2907142857142857
60,2024-04-09 18:49:53.842184,1.375,1.315,1.3748304198758816,0.8409725002370791,4.075334577749734,-1.664906297439317,1.2892857142857144
61,2024-04-09 18:49:53.868299,1.375,1.315,1.375162778828275,0.8344159364806429,4.0752889509759305,-1.6649282587512892,1.2892857142857144
62,2024-04-09 18:49:53.891804,1.37,1.315,1.370451041864054,0.8162162277263257,4.07516254234886,-1.6649891046559042,1.2907142857142857
63,2024-04-09 18:49:53.916996,1.37,1.315,1.37004840579365,0.814262353769651,4.075148978139665,-1.6649956339573708,1.2914285714285714
64,2024-04-09 18:49:53.942408,1.37,1.315,1.37001154129065,0.8137957363525451,4.075145744525046,-1.6649971905651142,1.2914285714285714
65,2024-04-09 18:49:53.966847,1.37,1.315,1.3700063921665966,0.8135367353275933,4.075143953843541,-1.664998052607749,1.2914285714285714
66,2024-04-09 18:49:53.990186,1.375,1.315,1.3746962786834644,0.8257988921741168,4.07522902486914,-1.6649570971195755,1.2892857142857144
67,2024-04-09 18:49:54.015058,1.385,1.315,1.3844445630032065,0.848232027228251,4.075384577430311,-1.6648822063904611,1.2864285714285715
68,2024-04-09 18:49:54.040190,1.375,1.315,1.3758001500206916,0.8159450891197283,4.075160525006166,-1.6649900815108007,1.2892857142857144
69,2024-04-09 18:49:54.063533,1.375,1.315,1.3750682531396876,0.8131896721769822,4.075141416063096,-1.664999282389007,1.2892857142857144
70,2024-04-09 18:49:54.087286,1.375,1.315,1.3750061513301786,0.8129400096907404,4.075139694119775,-1.6650001115380275,1.2892857142857144
71,2024-04-09 18:49:54.112943,1.375,1.315,1.3750007841572185,0.8129069016610205,4.075139474642915,-1.6650002172255491,1.2892857142857144
72,2024-04-09 18:49:54.137206,1.385,1.315,1.3843838503446573,0.8377833918140551,4.07531190256664,-1.6649171817097752,1.2864285714285715
73,2024-04-09 18:49:54.161559,1.385,1.315,1.3851155907954174,0.8331301259924161,4.075279559554381,-1.6649327577881337,1.2864285714285715
74,2024-04-09 18:49:54.185198,1.385,1.315,1.3851320067297648,0.8278111654314747,4.07524262871764,-1.6649505441945864,1.2864285714285715
75,2024-04-09 18:49:54.209839,1.375,1.315,1.3757166249785548,0.7988841139676883,4.075042171857399,-1.665047091780976,1.2892857142857144
76,2024-04-09 18:49:54.233931,1.375,1.315,1.3749579197932047,0.800573033439749,4.075053940945216,-1.6650414230643191,1.29
77,2024-04-09 18:49:54.257160,1.37,1.315,1.3702297654123692,0.7912868483673771,4.074989689100671,-1.6650723722342242,1.2914285714285714
78,2024-04-09 18:49:54.281792,1.375,1.315,1.3745728713463925,0.8085179652965386,4.075109114229416,-1.6650148440605124,1.29
79,2024-04-09 18:49:54.306980,1.375,1.315,1.3749468138860932,0.8106612593370485,4.075123982874416,-1.665007681344597,1.29
80,2024-04-09 18:49:54.330367,1.37,1.315,1.3702912772011395,0.798897696354239,4.075042565741196,-1.665046904597174,1.2914285714285714
81,2024-04-09 18:49:54.354138,1.37,1.315,1.369931785162865,0.8016418690990633,4.075061630196438,-1.665037719713523,1.2914285714285714
82,2024-04-09 18:49:54.379320,1.37,1.315,1.3699265445734758,0.8045993342005524,4.075082156263264,-1.6650278301652568,1.2914285714285714
83,2024-04-09 18:49:54.403011,1.37,1.315,1.3699444550152218,0.8068354679132576,4.075097675239447,-1.6650203526857088,1.2914285714285714
84,2024-04-09 18:49:54.426885,1.37,1.315,1.3699593453076524,0.8084717674552238,4.07510903228363,-1.6650148802719285,1.2914285714285714
85,2024-04-09 18:49:54.452947,1.37,1.315,1.369970351319627,0.8096646955790973,4.075117313544924,-1.665010889733118,1.2914285714285714
86,2024-04-09 18:49:54.477393,1.37,1.315,1.3699783844156372,0.8105340140558688,4.07512335017614,-1.6650079806835063,1.2914285714285714
87,2024-04-09 18:49:54.504297,1.37,1.315,1.3699842391315225,0.8111674781314484,4.075127751105678,-1.665005859773103,1.2914285714285714
88,2024-04-09 18:49:54.528080,1.36,1.315,1.3606049050698232,0.7867411593946381,4.074958867239524,-1.6650872528537433,1.2942857142857143
89,2024-04-09 18:49:54.551755,1.36,1.315,1.3598761692680978,0.7917234319057193,4.074993434591123,-1.6650705923994218,1.2942857142857143
90,2024-04-09 18:49:54.576281,1.36,1.315,1.3598619669193044,0.7972822186118426,4.075031960920998,-1.6650520229180907,1.2942857142857143
91,2024-04-09 18:49:54.604686,1.355,1.315,1.355203562599275,0.7890520892561383,4.074975152947378,-1.6650794054010625,1.2957142857142858
92,2024-04-09 18:49:54.633538,1.36,1.315,1.359557478098769,0.8069033502577156,4.075098629072919,-1.6650198847178392,1.2942857142857143
93,2024-04-09 18:49:54.661747,1.345,1.315,1.34586051036304,0.772154108283284,4.074858557187006,-1.6651356151556498,1.2985714285714285
94,2024-04-09 18:49:54.692733,1.355,1.315,1.3541855923028228,0.8050103040003934,4.0750857340538325,-1.6650260955762155,1.2957142857142858
95,2024-04-09 18:49:54.716242,1.345,1.315,1.3455177164486425,0.7841006441242245,4.074941339339022,-1.665095710174455,1.2985714285714285
96,2024-04-09 18:49:54.741750,1.345,1.315,1.3448545156168028,0.7899556346486781,4.074981910073524,-1.6650761495259978,1.2985714285714285
97,2024-04-09 18:49:54.766139,1.355,1.315,1.3542333333464387,0.8208951850847822,4.0751956768890585,-1.6649730795888442,1.2957142857142858
98,2024-04-09 18:49:54.790613,1.345,1.315,1.345618593461974,0.7959223151530669,4.075023221678346,-1.6650562347831217,1.2985714285714285
99,2024-04-09 18:49:54.815593,1.345,1.315,1.3449336171259798,0.7985907806851108,4.075041725625926,-1.6650473120319744,1.2985714285714285
100,2024-04-09 18:49:54.841039,1.345,1.315,1.3449078469159907,0.8023013944748185,4.075067409209291,-1.6650349265951208,1.2985714285714285
101,2024-04-09 18:49:54.866335,1.345,1.315,1.3449291352719486,0.8051547542357139,4.0750871567642895,-1.6650254032316718,1.2985714285714285
102,2024-04-09 18:49:54.891142,1.345,1.315,1.3449480391412556,0.8072466080224636,4.075101634380278,-1.6650184209818155,1.2985714285714285
103,2024-04-09 18:49:54.914529,1.345,1.315,1.3449621011630133,0.8087719816834209,4.075112192442149,-1.6650133288008038,1.2985714285714285
104,2024-04-09 18:49:54.939177,1.345,1.315,1.3449723722465785,0.8098835895770403,4.075119888025363,-1.6650096170188258,1.2985714285714285
105,2024-04-09 18:49:54.963267,1.345,1.315,1.3449798586907291,0.8106936097044951,4.075125497489475,-1.6650069112943169,1.2985714285714285
106,2024-04-09 18:49:54.986875,1.345,1.315,1.3449853141281096,0.810992779731454,4.075129586998586,-1.665004938623338,1.2985714285714285
107,2024-04-09 18:49:55.010567,1.345,1.315,1.3449874952233776,0.8114951003859474,4.075118107350597,-1.6649971469440472,1.2985714285714285
108,2024-04-09 18:49:55.035696,1.345,1.315,1.3449907280177298,0.8118672950584357,4.075111672774016,-1.6649922185140171,1.2985714285714285
109,2024-04-09 18:49:55.060191,1.345,1.315,1.3449932228161694,0.8121390536362499,4.0751087045297805,-1.664989325160718,1.2985714285714285
110,2024-04-09 18:49:55.083751,1.345,1.315,1.344995052516584,0.8123371392614374,4.075107499376588,-1.6649876059899178,1.2985714285714285
111,2024-04-09 18:49:55.107203,1.435,1.315,1.429448781051034,1.0364389271380563,4.074545221829713,-1.6633815203571378,1.2707142857142857
112,2024-04-09 18:49:55.130666,1.44,1.315,1.4407281565183796,1.0071781389947412,4.074543439359577,-1.663561311567134,1.2678571428571428
113,2024-04-09 18:49:55.154005,1.44,1.315,1.4412429989148583,0.9571128041761141,4.074446444418768,-1.6638298060227077,1.2678571428571428
114,2024-04-09 18:49:55.177556,1.44,1.315,1.4409660450750523,0.9181972627848147,4.074317863904295,-1.664016716640958,1.2685714285714285
115,2024-04-09 18:49:55.201604,1.44,1.315,1.4407090364014845,0.8896337338817758,4.074195048036295,-1.6641422609605985,1.2692857142857144
116,2024-04-09 18:49:55.224959,1.44,1.315,1.4405170860994083,0.8688022634705348,4.074090371505709,-1.664227630503855,1.2692857142857144
117,2024-04-09 18:49:55.248443,1.44,1.315,1.440376819394099,0.8536210908332208,4.074006070763323,-1.6642865555513755,1.2692857142857144
118,2024-04-09 18:49:55.272524,1.44,1.315,1.4402745757181514,0.8425586125294751,4.07394038876673,-1.6643277461926378,1.27
119,2024-04-09 18:49:55.296891,1.435,1.315,1.435508269971529,0.822053778850984,4.073813070519946,-1.6644016377722513,1.2714285714285714
120,2024-04-09 18:49:55.320726,1.44,1.315,1.43977985522397,0.8309464450223955,4.073870022473503,-1.6643703779758725,1.27
121,2024-04-09 18:49:55.345876,1.435,1.315,1.435406182586506,0.8145562170973553,4.073762516957689,-1.6644270521958695,1.2714285714285714
122,2024-04-09 18:49:55.370485,1.435,1.315,1.4350355386238085,0.8131209125643722,4.073752956624327,-1.664431946847513,1.2714285714285714
123,2024-04-09 18:49:55.393999,1.435,1.315,1.4350038430530798,0.8129644583352396,4.0737519106851705,-1.6644324710859442,1.2714285714285714
124,2024-04-09 18:49:55.418167,1.43,1.315,1.43030912535054,0.8004819074005621,4.073667071634416,-1.6644743421451762,1.2728571428571427
125,2024-04-09 18:49:55.443152,1.43,1.315,1.4299427842761747,0.8027829991666128,4.07368286905379,-1.66446663255161,1.2735714285714286
126,2024-04-09 18:49:55.467478,1.43,1.315,1.429934389783577,0.8054244417878028,4.073701062570366,-1.6644578256979945,1.2735714285714286
127,2024-04-09 18:49:55.491288,1.43,1.315,1.4299501575035531,0.8074308746705722,4.07371492656979,-1.6644511542462483,1.2728571428571427
128,2024-04-09 18:49:55.514809,1.425,1.315,1.4252717002692057,0.7964560050259241,4.073639184343115,-1.6644874455788905,1.275
129,2024-04-09 18:49:55.540468,1.425,1.315,1.4249156567560783,0.7998499413427899,4.073662733688466,-1.664476197189082,1.275
130,2024-04-09 18:49:55.563790,1.42,1.315,1.4202228353663018,0.7908433957169443,4.073600447637218,-1.664505881236495,1.2764285714285715
131,2024-04-09 18:49:55.586890,1.415,1.315,1.4151862423672568,0.7833088084473085,4.073548350220172,-1.6645306692574888,1.2778571428571428
132,2024-04-09 18:49:55.612251,1.41,1.315,1.4101375342252096,0.777736242755911,4.073509858038745,-1.6645489624751515,1.2792857142857144
133,2024-04-09 18:49:55.636056,1.41,1.315,1.40979197486102,0.786112486728145,4.073568098355994,-1.6645213072050389,1.2792857142857144
134,2024-04-09 18:49:55.659216,1.41,1.315,1.409822316133312,0.7932688228936438,4.073617854350377,-1.6644976947252477,1.2792857142857144
135,2024-04-09 18:49:55.683800,1.405,1.315,1.4051765077799077,0.7861288142591968,4.073568422198834,-1.6645211437366114,1.2807142857142857
136,2024-04-09 18:49:55.707325,1.4,1.315,1.4001543203401086,0.7798802763726281,4.073525201971554,-1.6645416401032027,1.282142857142857
137,2024-04-09 18:49:55.731048,1.28,1.315,1.287203049080552,0.4890307106082663,4.071507873593549,-1.665498133620038,1.3192857142857142
138,2024-04-09 18:49:55.754953,1.275,1.315,1.2737557549769538,0.5390682995877993,4.071856328489932,-1.6653329384575917,1.322857142857143
139,2024-04-09 18:49:55.779168,1.275,1.315,1.2732353554850058,0.6101481003302155,4.07235048753116,-1.6650986858263388,1.322142857142857
140,2024-04-09 18:49:55.803000,1.27,1.315,1.268949703431911,0.6524292368075798,4.0726445786406416,-1.6649592795309525,1.322857142857143
141,2024-04-09 18:49:55.826162,1.265,1.315,1.2642544096698494,0.68243361011977,4.072853327701096,-1.6648603287386907,1.3242857142857143
142,2024-04-09 18:49:55.850052,1.265,1.315,1.264149975266107,0.7166730018276475,4.073091288651207,-1.6647475303041042,1.3235714285714286
143,2024-04-09 18:49:55.873731,1.255,1.315,1.254971034249179,0.7177826311928981,4.07309939649863,-1.6647436869386754,1.3264285714285715
144,2024-04-09 18:49:55.898154,1.25,1.315,1.2497202846803477,0.729017138511288,4.073177682000999,-1.664706576111684,1.3278571428571428
145,2024-04-09 18:49:55.921145,1.25,1.315,1.2494658909492684,0.750529846745368,4.0733271463642575,-1.6646357206455251,1.3278571428571428
146,2024-04-09 18:49:55.945552,1.255,1.315,1.2542746401997522,0.7797775984197269,4.073530102702903,-1.6645395024756129,1.3264285714285715
147,2024-04-09 18:49:55.968746,1.25,1.315,1.250059573271666,0.7773511455117927,4.07351343632832,-1.6645474040947896,1.3271428571428572
148,2024-04-09 18:49:55.992228,1.255,1.315,1.2544765948508545,0.7984612932282241,4.073659845273786,-1.664477987341237,1.3257142857142856
149,2024-04-09 18:49:56.015912,1.255,1.315,1.254879010355803,0.8033366179741595,4.073693684258411,-1.6644619424548797,1.3257142857142856
150,2024-04-09 18:49:56.039094,1.265,1.315,1.2643174706346776,0.830887386229706,4.073884550739614,-1.664371437515303,1.322857142857143
151,2024-04-09 18:49:56.062221,1.27,1.315,1.2697609156755074,0.8405506764038686,4.073951400280341,-1.664339737110086,1.3207142857142857
152,2024-04-09 18:49:56.086455,1.275,1.315,1.2748478262985354,0.8467108055434942,4.073993943053654,-1.6643195619821154,1.3192857142857142
153,2024-04-09 18:49:56.109848,1.28,1.315,1.2798911621946285,0.8511249807840361,4.074024366244149,-1.6643051335340515,1.3178571428571428
154,2024-04-09 18:49:56.133655,1.29,1.315,1.2896128466589567,0.8667789611600205,4.074132571096642,-1.6642538135937155,1.315
155,2024-04-09 18:49:56.157367,1.295,1.315,1.2950004031267803,0.8667947198485154,4.074132458443293,-1.664253867026546,1.3128571428571427
156,2024-04-09 18:49:56.181824,1.295,1.315,1.2953325905982112,0.853398251386951,4.074039529465855,-1.66429794686482,1.3128571428571427
157,2024-04-09 18:49:56.204926,1.305,1.315,1.3046540715227808,0.8673890839656151,4.074136171543667,-1.6642521031380495,1.31
158,2024-04-09 18:49:56.228502,1.315,1.315,1.3146985043729926,0.8795944501612196,4.074220388539303,-1.664212151161783,1.3071428571428572
159,2024-04-09 18:49:56.252300,1.325,1.315,1.3247764923179468,0.8886584535630473,4.07428281231052,-1.6641825360470213,1.3035714285714286
160,2024-04-09 18:49:56.275440,1.34,1.315,1.339528979957485,0.9077213759639389,4.074414345635485,-1.664120130365597,1.2992857142857144
161,2024-04-09 18:49:56.299017,1.345,1.315,1.3452476536198386,0.89777918176325,4.0743451975751706,-1.664152939385548,1.2978571428571428
162,2024-04-09 18:49:56.322688,1.44,1.315,1.434683031486515,1.112504575385385,4.075829554595915,-1.6634486087870226,1.2685714285714285
163,2024-04-09 18:49:56.345823,1.445,1.315,1.4462114880512238,1.0637721983872876,4.075491386657254,-1.6636090794127656,1.2657142857142858
164,2024-04-09 18:49:56.369119,1.45,1.315,1.451313456420462,1.0108929640647866,4.075124807279955,-1.663783042086557,1.2642857142857142
165,2024-04-09 18:49:56.393208,1.455,1.315,1.4559937278089716,0.9708905221290002,4.0748475014974215,-1.663914646936986,1.2635714285714286
166,2024-04-09 18:49:56.416584,1.46,1.315,1.460727394363868,0.9416169009237236,4.074644546107053,-1.6640109718177707,1.262857142857143
167,2024-04-09 18:49:56.440549,1.46,1.315,1.4608386996179334,0.9078313795256978,4.0744105674002045,-1.6641220270793098,1.262857142857143
168,2024-04-09 18:49:56.464307,1.465,1.315,1.4653290626188935,0.8946019495873596,4.07431877901493,-1.6641655958632426,1.2614285714285713
169,2024-04-09 18:49:56.487640,1.46,1.315,1.46083248867447,0.8610384447652732,4.074086597917504,-1.6642758105487,1.2635714285714286
170,2024-04-09 18:49:56.511736,1.46,1.315,1.4603483908875312,0.8470000237821786,4.073989445253163,-1.6643219308579045,1.2635714285714286
171,2024-04-09 18:49:56.535513,1.46,1.315,1.4602320004892415,0.8376523185806538,4.073924758360686,-1.6643526407763778,1.2635714285714286
172,2024-04-09 18:49:56.559854,1.465,1.315,1.46485899354478,0.8433591514292125,4.073964068619133,-1.664333977274046,1.262142857142857
173,2024-04-09 18:49:56.582956,1.46,1.315,1.4604875885836597,0.8236897798406342,4.073828155929705,-1.6643985088266846,1.2635714285714286
174,2024-04-09 18:49:56.606180,1.46,1.315,1.4600968670438264,0.8197838789755094,4.073801158516432,-1.6644113279733177,1.2642857142857142
175,2024-04-09 18:49:56.630113,1.46,1.315,1.460048701958285,0.8178202700250856,4.073787586879881,-1.6644177725444895,1.2642857142857142
176,2024-04-09 18:49:56.653863,1.455,1.315,1.4553418285794977,0.8040204157282619,4.073692343694576,-1.6644630019155373,1.2657142857142858
177,2024-04-09 18:49:56.677237,1.455,1.315,1.454966615672158,0.8053614442092542,4.073701644230611,-1.6644585849964788,1.2657142857142858
178,2024-04-09 18:49:56.701655,1.345,1.315,1.351732193205161,0.533541886178185,4.071826383007796,-1.6653492164908734,1.2992857142857144
179,2024-04-09 18:49:56.725624,1.34,1.315,1.339001151973393,0.5736988132738292,4.072104574941895,-1.6652170852194936,1.302857142857143
180,2024-04-09 18:49:56.748810,1.34,1.315,1.338463984040979,0.6355685466491967,4.072532315881158,-1.66501391189185,1.302857142857143
181,2024-04-09 18:49:56.772794,1.33,1.315,1.3294287193424117,0.6585247287985947,4.072691380885035,-1.6649383530485873,1.3050000000000002
182,2024-04-09 18:49:56.797377,1.325,1.315,1.3243215150564875,0.6858233461740776,4.072880269343111,-1.66484862238959,1.3064285714285715
183,2024-04-09 18:49:56.820670,1.305,1.315,1.305407815537338,0.6692791336503214,4.072766750196398,-1.6649025522529382,1.312142857142857
184,2024-04-09 18:49:56.844474,1.3,1.315,1.2994481707249417,0.6914706580620285,4.072920335721357,-1.664829583782185,1.3135714285714286
185,2024-04-09 18:49:56.868703,1.295,1.315,1.294525834432357,0.7105400681800852,4.073052287673678,-1.6647668898478174,1.315
186,2024-04-09 18:49:56.892239,1.285,1.315,1.2849563914635245,0.7122373567248625,4.073064421496008,-1.6647611244129144,1.3178571428571428
187,2024-04-09 18:49:56.915653,1.285,1.315,1.2843769916456624,0.7373290268438843,4.073237746157149,-1.6646787638078742,1.3178571428571428
188,2024-04-09 18:49:56.940095,1.285,1.315,1.2844959739249189,0.7576320904474043,4.073377950000889,-1.6646121377978007,1.3171428571428572
189,2024-04-09 18:49:56.963350,1.275,1.315,1.275244885634064,0.7477101919681273,4.073309840028139,-1.6646445060537989,1.32
190,2024-04-09 18:49:56.986702,1.28,1.315,1.2793052719088638,0.7757192160538129,4.073503038103993,-1.6645526863074975,1.3185714285714285
191,2024-04-09 18:49:57.010593,1.275,1.315,1.2750364406690498,0.7742243500328373,4.073492905644548,-1.6645575021564192,1.32
192,2024-04-09 18:49:57.033979,1.27,1.315,1.2700722939967537,0.7712810102672842,4.073472806784834,-1.664567055470969,1.3214285714285714
193,2024-04-09 18:49:57.056918,1.275,1.315,1.2744399535287614,0.793866642601776,4.073628487191165,-1.6644930538413094,1.32
194,2024-04-09 18:49:57.080686,1.275,1.315,1.274848424183924,0.7999740303930061,4.073670616134867,-1.6644730269953794,1.32
195,2024-04-09 18:49:57.104143,1.28,1.315,1.2796030540678265,0.8159919535888855,4.073780928153173,-1.6644205849687628,1.3178571428571428
196,2024-04-09 18:49:57.127649,1.275,1.315,1.2753030882119551,0.8037557678644961,4.073696710837162,-1.664460623918049,1.3192857142857142
197,2024-04-09 18:49:57.151391,1.28,1.315,1.279654395115191,0.8177030957551326,4.0737927289475335,-1.6644149719966903,1.3178571428571428
198,2024-04-09 18:49:57.175114,1.28,1.315,1.2800086004540443,0.8173578872042319,4.073790339840263,-1.6644161079648954,1.3178571428571428
199,2024-04-09 18:49:57.198449,1.285,1.315,1.2847201033723157,0.8286605176318826,4.073868081351706,-1.664379141483371,1.3164285714285715
200,2024-04-09 18:49:57.222159,1.29,1.315,1.2897720039622265,0.8375835404589019,4.073931398844996,-1.6643490319898449,1.315
201,2024-04-09 18:49:57.245554,1.295,1.315,1.2948302163048715,0.844449709073412,4.073775406170445,-1.6642436240891774,1.3135714285714286
202,2024-04-09 18:49:57.268563,1.3,1.315,1.2998761555446472,0.8494665220990179,4.073689366758895,-1.6641780750245188,1.3114285714285714
203,2024-04-09 18:49:57.292589,1.3,1.315,1.3002181308599283,0.8406834242721695,4.073785068758861,-1.6642707098634495,1.3114285714285714
204,2024-04-09 18:49:57.318477,1.305,1.315,1.304876843138212,0.84567102261929,4.073754975165053,-1.664228191463958,1.31
205,2024-04-09 18:49:57.344235,1.315,1.315,1.3145783596844505,0.8627113910527991,4.073711945715928,-1.6641071475548348,1.3071428571428572
206,2024-04-09 18:49:57.368850,1.325,1.315,1.324665034591616,0.8762636586847781,4.073712509938925,-1.6640251904544123,1.3042857142857143
207,2024-04-09 18:49:57.392118,1.33,1.315,1.3300621416465368,0.8737926268080518,4.07370770824776,-1.6640384743944885,1.302142857142857
208,2024-04-09 18:49:57.415901,1.34,1.315,1.3397631813853583,0.8833898170655735,4.073739048360424,-1.663993183723102,1.2992857142857144
209,2024-04-09 18:49:57.438889,1.345,1.315,1.3451121281258982,0.8789048662792974,4.07371971134056,-1.664012787292778,1.2978571428571428
210,2024-04-09 18:49:57.461858,1.345,1.315,1.3454141876554722,0.8622218743413289,4.073636179425718,-1.664080245363737,1.2978571428571428
211,2024-04-09 18:49:57.485897,1.345,1.315,1.3453299486502217,0.8489296536828246,4.073562614260783,-1.6641311063490758,1.2978571428571428
212,2024-04-09 18:49:57.508805,1.355,1.315,1.354626399498087,0.8640344874241662,4.073651702083343,-1.6640758914307376,1.295
213,2024-04-09 18:49:57.532135,1.36,1.315,1.3599843614782985,0.8646960629041563,4.073655607649074,-1.6640736526726476,1.2935714285714286
214,2024-04-09 18:49:57.555887,1.37,1.315,1.3697023027802495,0.8767459917561865,4.073732398959633,-1.6640320415006966,1.2907142857142857
215,2024-04-09 18:49:57.579145,1.36,1.315,1.360992017916387,0.8367315839498551,4.073470581872278,-1.6641682569161331,1.2935714285714286
216,2024-04-09 18:49:57.602505,1.37,1.315,1.3695920058907576,0.8532177265105231,4.07358003260246,-1.6641129686533265,1.2907142857142857
217,2024-04-09 18:49:57.626408,1.37,1.315,1.3702237552437193,0.8442072341356928,4.073519301239352,-1.6641429963640946,1.2907142857142857
218,2024-04-09 18:49:57.649725,1.375,1.315,1.3748989418319126,0.848305483900383,4.073546961464642,-1.6641295314503814,1.2892857142857144
219,2024-04-09 18:49:57.673111,1.37,1.315,1.37052059206005,0.8273072847177805,4.073403610084017,-1.6641985293660413,1.2907142857142857
220,2024-04-09 18:49:57.697019,1.37,1.315,1.370121248716115,0.8224196863298623,4.073370077705556,-1.6642145370369372,1.2907142857142857
221,2024-04-09 18:49:57.720826,1.36,1.315,1.3606829047715885,0.7948524293388249,4.073180626265926,-1.6643044389668893,1.2942857142857143
222,2024-04-09 18:49:57.743933,1.36,1.315,1.3599311608436335,0.7976198674866628,4.073199766114604,-1.6642953956311202,1.2942857142857143
223,2024-04-09 18:49:57.768572,1.36,1.315,1.3599018849610467,0.8015709961435188,4.073227088855918,-1.6642825264237828,1.2942857142857143
224,2024-04-09 18:49:57.792070,1.37,1.315,1.3693080348798612,0.8295010320823601,4.073419999273281,-1.6641918700956762,1.2914285714285714
225,2024-04-09 18:49:57.815438,1.36,1.315,1.3606764363246702,0.8021992554591177,4.0732312724290125,-1.6642804155113498,1.2942857142857143
226,2024-04-09 18:49:57.838850,1.355,1.315,1.3552842599740664,0.7907149060430946,4.073151921783761,-1.664317600976022,1.2957142857142858
227,2024-04-09 18:49:57.863186,1.345,1.315,1.345497484667418,0.7706147260819117,4.073013001910953,-1.6643826474082908,1.2992857142857144
228,2024-04-09 18:49:57.886427,1.345,1.315,1.3447702996352335,0.7798622052352246,4.073077158233858,-1.6643526252915284,1.2992857142857144
229,2024-04-09 18:49:57.910225,1.345,1.315,1.3447824887352051,0.7886231750988644,4.073137917325036,-1.664324204682748,1.2992857142857144
230,2024-04-09 18:49:57.934759,1.345,1.315,1.34483725379634,0.7951783486290451,4.073183380734365,-1.6643029448003617,1.2985714285714285
231,2024-04-09 18:49:57.959923,1.34,1.315,1.340189246708502,0.7875259273692116,4.073130514404496,-1.664327661810121,1.3
232,2024-04-09 18:49:57.983107,1.33,1.315,1.3304719673476155,0.768454143987866,4.072998674611212,-1.664389294508736,1.3035714285714286
233,2024-04-09 18:49:58.006478,1.33,1.315,1.3297554062229726,0.77830167629777,4.073066995275774,-1.6643573580682829,1.3035714285714286
234,2024-04-09 18:49:58.030513,1.315,1.315,1.3156965581426967,0.7501565799586662,4.072872446849188,-1.6644482965772545,1.3078571428571428
235,2024-04-09 18:49:58.053746,1.315,1.315,1.3146564407970551,0.7639887355397014,4.072968393421696,-1.6644034481878287,1.3085714285714287
236,2024-04-09 18:49:58.077494,1.315,1.315,1.3146776063257082,0.7769747434626084,4.073058419319049,-1.6643613667494188,1.3078571428571428
237,2024-04-09 18:49:58.102364,1.305,1.315,1.3053753789689808,0.7617963816912156,4.072953609802726,-1.6644103599397295,1.3107142857142857
238,2024-04-09 18:49:58.125894,1.3,1.315,1.3000166085699896,0.7610940299230403,4.07294897308658,-1.6644125274535868,1.3128571428571427
239,2024-04-09 18:49:58.149114,1.295,1.315,1.2949901636059336,0.7614589749308129,4.072951718830204,-1.6644112438497995,1.3142857142857143
240,2024-04-09 18:49:58.173210,1.295,1.315,1.294682580607273,0.7742426735533067,4.073040312378821,-1.6643698252786818,1.3142857142857143
241,2024-04-09 18:49:58.197065,1.3,1.315,1.2994342330035775,0.7970610405218643,4.073198200680653,-1.6642960065256327,1.312142857142857
242,2024-04-09 18:49:58.220461,1.29,1.315,1.2904842149897635,0.7775007478968752,4.073063088764124,-1.664359180092465,1.3157142857142858
243,2024-04-09 18:49:58.244455,1.295,1.315,1.29450373310626,0.7975150670934257,4.073201545271012,-1.664294438851522,1.3142857142857143
244,2024-04-09 18:49:58.268198,1.285,1.315,1.2854912983102196,0.7776690932977923,4.073064493177604,-1.6643585273194277,1.3171428571428572
245,2024-04-09 18:49:58.292148,1.295,1.315,1.2941970045705329,0.8100675219065407,4.073288466145736,-1.6642537862828857,1.3135714285714286
246,2024-04-09 18:49:58.316020,1.295,1.315,1.2949333746410148,0.8127550339153687,4.073307046931937,-1.6642450964236692,1.3135714285714286
247,2024-04-09 18:49:58.339459,1.29,1.315,1.290303537248637,0.8004990676474549,4.073222406392173,-1.6642846836177312,1.315
248,2024-04-09 18:49:58.362851,1.29,1.315,1.289942589888971,0.8028087291269915,4.073238412903168,-1.6642771967390977,1.315
249,2024-04-09 18:49:58.387728,1.295,1.315,1.2946263774577382,0.8178866835572924,4.073342568641327,-1.664228475843412,1.3135714285714286
250,2024-04-09 18:49:58.411115,1.295,1.315,1.2950080487072495,0.8175640134734056,4.073340325182516,-1.6642295253331578,1.3135714285714286
251,2024-04-09 18:49:58.434843,1.295,1.315,1.2950295858121983,0.816371599395626,4.073332079676377,-1.6642333828294449,1.3135714285714286
252,2024-04-09 18:49:58.458480,1.295,1.315,1.2950235618159494,0.8154216781113938,4.073325513924579,-1.664236454685062,1.3135714285714286
253,2024-04-09 18:49:58.482519,1.3,1.315,1.2997091307899284,0.8271661355929771,4.073406556897736,-1.664198535423497,1.312142857142857
254,2024-04-09 18:49:58.506810,1.3,1.315,1.3000703600133745,0.8243332953576239,4.073386955570587,-1.664207707299367,1.312142857142857
255,2024-04-09 18:49:58.530054,1.305,1.315,1.304766957961826,0.8337483973037684,4.073451869190201,-1.664177330870754,1.3107142857142857
256,2024-04-09 18:49:58.553436,1.305,1.315,1.3051145059450846,0.8291371677405676,4.07341997793376,-1.6641922554024895,1.3107142857142857
257,2024-04-09 18:49:58.578087,1.305,1.315,1.3051074995339893,0.8248060230987665,4.073390042037776,-1.664206265770498,1.3107142857142857
258,2024-04-09 18:49:58.601346,1.325,1.315,1.3238475518713042,0.8713417774499811,4.073710926878843,-1.6640560779630056,1.3042857142857143
259,2024-04-09 18:49:58.624880,1.315,1.315,1.315906013174898,0.8347967088055991,4.073458692365097,-1.6641741421488936,1.3071428571428572
260,2024-04-09 18:49:58.650328,1.325,1.315,1.3245747745258556,0.8519773556936147,4.073577059601572,-1.6641187340365144,1.3042857142857143
261,2024-04-09 18:49:58.676065,1.325,1.315,1.3252150460951448,0.8433178706800709,4.073517206579681,-1.6641467532604608,1.3042857142857143
262,2024-04-09 18:49:58.699546,1.33,1.315,1.3298929214046986,0.8476586899321727,4.073547005431155,-1.664132802505519,1.302857142857143
263,2024-04-09 18:49:58.722922,1.33,1.315,1.330208031099808,0.8392798000340737,4.073489120234042,-1.6641599040383914,1.302857142857143
264,2024-04-09 18:49:58.748045,1.34,1.315,1.3395593897411815,0.8570842446661004,4.07361170494283,-1.6641025068283373,1.3
265,2024-04-09 18:49:58.773370,1.34,1.315,1.3402455830976072,0.8471948989692613,4.073543388906001,-1.6641344961684126,1.3
266,2024-04-09 18:49:58.796917,1.345,1.315,1.344918706553132,0.8504969536098312,4.07356600003657,-1.6641239077031125,1.2985714285714285
267,2024-04-09 18:49:58.820427,1.34,1.315,1.3405353225796437,0.82890560121635,4.073417123964108,-1.6641936287267725,1.3
268,2024-04-09 18:49:58.845797,1.34,1.315,1.3401320111290644,0.8235845792318108,4.0733804158105045,-1.6642108208491189,1.3
269,2024-04-09 18:49:58.870003,1.345,1.315,1.3447661416862535,0.8330320238327167,4.073445435892849,-1.6641803669743354,1.2985714285714285
270,2024-04-09 18:49:58.893238,1.34,1.315,1.340418242305839,0.8161571373614307,4.0733291664956965,-1.6642348283417976,1.3
271,2024-04-09 18:49:58.918321,1.34,1.315,1.3400461964073076,0.8142931044261625,4.073316325802368,-1.664240843397622,1.3
272,2024-04-09 18:49:58.945147,1.34,1.315,1.340011770958189,0.8138178445303929,4.073313054392544,-1.6642423759460176,1.3
273,2024-04-09 18:49:58.973882,1.345,1.315,1.344698515295066,0.8259897296272137,4.073396832652764,-1.664203126039545,1.2985714285714285
274,2024-04-09 18:49:59.001639,1.34,1.315,1.340370656149221,0.8110318495425719,4.073293846168652,-1.6642513780656358,1.3
275,2024-04-09 18:49:59.025731,1.34,1.315,1.3400116643428004,0.8105589226064628,4.073290605666467,-1.664252896428812,1.3
276,2024-04-09 18:49:59.049124,1.33,1.315,1.3306030273064346,0.7862099522220992,4.0731230989997655,-1.664331388077417,1.3035714285714286
277,2024-04-09 18:49:59.073302,1.33,1.315,1.329872953977406,0.791322355774638,4.073158384746908,-1.664314852526415,1.3035714285714286
278,2024-04-09 18:49:59.097225,1.345,1.315,1.3439348602224968,0.8343125432537122,4.073454177838575,-1.664176229502616,1.2985714285714285
279,2024-04-09 18:49:59.121690,1.34,1.315,1.340374896489069,0.8191885156124138,4.073350081362656,-1.664225017314958,1.3
280,2024-04-09 18:49:59.145402,1.345,1.315,1.3447540101984046,0.8291230714320496,4.073418375754052,-1.664193007119826,1.2985714285714285
281,2024-04-09 18:49:59.169530,1.34,1.315,1.3403933949800246,0.813249051872525,4.073309171366922,-1.6642441954923377,1.3
282,2024-04-09 18:49:59.193099,1.33,1.315,1.3306431430866414,0.7872821116579464,4.073130661484054,-1.6643278754483033,1.302857142857143
283,2024-04-09 18:49:59.216893,1.34,1.315,1.3392656294351983,0.8169153164288745,4.0733344657920005,-1.6642323320974972,1.3
284,2024-04-09 18:49:59.240551,1.34,1.315,1.3399798229272788,0.8177315212436737,4.07334006465382,-1.664229707185323,1.3
285,2024-04-09 18:49:59.264848,1.34,1.315,1.3400288784796304,0.8165676469938381,4.073332052312193,-1.6642334638496774,1.3
286,2024-04-09 18:49:59.288962,1.34,1.315,1.3400247266890195,0.8155706944739118,4.073325192776898,-1.6642366802161568,1.3
287,2024-04-09 18:49:59.312443,1.34,1.315,1.340018324277176,0.8148316313172078,4.0733201100213,-1.664239063621698,1.3
288,2024-04-09 18:49:59.336369,1.34,1.315,1.3400133730957746,0.8142920213109525,4.073316401096493,-1.664240802922189,1.3
289,2024-04-09 18:49:59.360802,1.345,1.315,1.3447015372220164,0.8263421422592173,4.0733991667218845,-1.6642019874874971,1.2985714285714285
290,2024-04-09 18:49:59.384206,1.34,1.315,1.34037301548841,0.8112892780745965,4.073295740540303,-1.664250495423412,1.3
291,2024-04-09 18:49:59.408902,1.345,1.315,1.3447051930574023,0.8231899788436324,4.073377471234284,-1.664212160435559,1.2985714285714285
292,2024-04-09 18:49:59.433000,1.345,1.315,1.3450456030103313,0.8210631996855168,4.073364830133405,-1.6642180900010286,1.2985714285714285
293,2024-04-09 18:49:59.456484,1.345,1.315,1.3450534742831752,0.8186184984709235,4.073413988357782,-1.664251180072487,1.2985714285714285
294,2024-04-09 18:49:59.481055,1.345,1.315,1.3450388814292893,0.8170529348969938,4.073487540603455,-1.6642906852730457,1.2985714285714285
295,2024-04-09 18:49:59.504786,1.345,1.315,1.3450283217807135,0.815912202465668,4.073527520774639,-1.6643139062519288,1.2985714285714285
296,2024-04-09 18:49:59.528148,1.345,1.345,1.345020633401227,0.8150808499078176,4.073547354091109,-1.6643270263395582,1.3085714285714287
297,2024-04-09 18:49:59.550755,1.345,1.345,1.3450150315336606,0.814474980675741,4.073556741391295,-1.6643345163217678,1.3085714285714287
298,2024-04-09 18:49:59.574186,1.345,1.345,1.345010949586968,0.8140334520523971,4.073560885117853,-1.664338871351558,1.3085714285714287
299,2024-04-09 18:49:59.597708,1.345,1.345,1.3450079751411457,0.813711695151976,4.073562472798484,-1.6643414587951828,1.3085714285714287
300,2024-04-09 18:49:59.620474,1.345,1.345,1.3450058077104403,0.8134772243905857,4.073562869979543,-1.664343032829572,1.3085714285714287
301,2024-04-09 18:49:59.643857,1.345,1.345,1.3450042283389372,0.8133063631987506,4.073562756519674,-1.6643440142320418,1.3085714285714287
302,2024-04-09 18:49:59.667163,1.345,1.345,1.345003077477161,0.8131818562501258,4.073562460437558,-1.6643446412254017,1.3085714285714287
303,2024-04-09 18:49:59.689983,1.355,1.355,1.354385830695292,0.8379766529897946,4.073652591130155,-1.664232208244626,1.3085714285714287
304,2024-04-09 18:49:59.713817,1.345,1.345,1.3457334740574722,0.8083791395299931,4.073517946218681,-1.6643554323280334,1.3085714285714287
305,2024-04-09 18:49:59.737469,1.355,1.355,1.3544012438385382,0.8325493587407661,4.0736439188951366,-1.6642614147631656,1.3085714285714287
306,2024-04-09 18:49:59.760208,1.355,1.355,1.3550845523888575,0.829147028122433,4.073624478371233,-1.6642740146982056,1.3085714285714287
307,2024-04-09 18:49:59.783648,1.355,1.355,1.355105695368719,0.8248890137175258,4.073598673358148,-1.664289148831514,1.3085714285714287
308,2024-04-09 18:49:59.806838,1.37,1.37,1.3691561339312932,0.8589654815273217,4.073813435834363,-1.6641719070317276,1.3085714285714287
309,2024-04-09 18:49:59.829719,1.36,1.36,1.3608487159912386,0.824726989883384,4.073591045081698,-1.6642871913211188,1.3085714285714287
310,2024-04-09 18:49:59.853340,1.37,1.37,1.3695091400937642,0.8445513563760759,4.0737223556308,-1.6642216258209552,1.3085714285714287
311,2024-04-09 18:49:59.876591,1.37,1.37,1.3701651992343893,0.8379001493303752,4.073677505118985,-1.664243419452002,1.3085714285714287
312,2024-04-09 18:49:59.899619,1.37,1.37,1.3701646325818593,0.8312678025327171,4.0736323324400905,-1.6642649401533869,1.3085714285714287
313,2024-04-09 18:49:59.926228,1.385,1.385,1.3841990945337208,0.8636138324632932,4.073853767797405,-1.6641609501100476,1.3085714285714287
314,2024-04-09 18:49:59.950693,1.37,1.37,1.3711882260745194,0.8156706206335002,4.073523442709777,-1.6643144668600771,1.3085714285714287
315,2024-04-09 18:49:59.973436,1.385,1.385,1.384166028638587,0.8493422603383685,4.073756198878918,-1.6642071110731569,1.3085714285714287
316,2024-04-09 18:49:59.996185,1.375,1.375,1.3757899952608574,0.8174685094151916,4.073535093907327,-1.6643085339561337,1.3085714285714287
317,2024-04-09 18:50:00.020594,1.385,1.385,1.3844607701037046,0.8392413990526467,4.073686318223517,-1.664239441610629,1.3085714285714287
318,2024-04-09 18:50:00.043339,1.385,1.385,1.3851294800913,0.8340290412137799,4.073649954349701,-1.6642560080186857,1.3085714285714287
319,2024-04-09 18:50:00.065998,1.385,1.385,1.385138564310218,0.8284467776995914,4.073611000231139,-1.664273717689094,1.3085714285714287
320,2024-04-09 18:50:00.090693,1.385,1.385,1.3851047080580114,0.8242280562184543,4.073581543623496,-1.6642870895843198,1.3085714285714287
321,2024-04-09 18:50:00.113783,1.385,1.385,1.385076611536122,0.8211411563824235,4.073559981090252,-1.6642968675477183,1.3085714285714287
322,2024-04-09 18:50:00.136633,1.39,1.39,1.3897476436402847,0.831334058725196,4.073631029080059,-1.6642646736327298,1.3085714285714287
323,2024-04-09 18:50:00.161139,1.39,1.39,1.3900984122398523,0.8273712481231752,4.073603317144438,-1.6642772241200383,1.3085714285714287
324,2024-04-09 18:50:00.183916,1.39,1.39,1.3900956020945887,0.8235195071256571,4.073576393881095,-1.664289413028765,1.3085714285714287
325,2024-04-09 18:50:00.206848,1.39,1.39,1.3900716818187593,0.8206311981824843,4.073556206292899,-1.6642985503140322,1.3085714285714287
326,2024-04-09 18:50:00.231009,1.385,1.39,1.385360604595366,0.8060762723983345,4.073454651167465,-1.664344509070255,1.3085714285714287
327,2024-04-09 18:50:00.253488,1.405,1.405,1.4037476564611324,0.8566332594163177,4.0738073261953325,-1.66418492022639,1.3085714285714287
328,2024-04-09 18:50:00.276206,1.39,1.39,1.3911173622434714,0.8115468787217912,4.073492685213286,-1.66432729226651,1.3085714285714287
329,2024-04-09 18:50:00.300621,1.4,1.4,1.3994444403880106,0.8339753980794669,4.073649113157999,-1.664256510715299,1.3085714285714287
330,2024-04-09 18:50:00.323544,1.39,1.39,1.390712416163801,0.8052245683765281,4.073448539348114,-1.664347269150558,1.3085714285714287
331,2024-04-09 18:50:00.346259,1.39,1.39,1.3899969093817397,0.8053440898708847,4.073449409386776,-1.6643468754498685,1.3085714285714287
332,2024-04-09 18:50:00.370362,1.4,1.4,1.3993371326300932,0.8321012702592981,4.073635991328384,-1.664262441371693,1.3085714285714287
333,2024-04-09 18:50:00.392925,1.4,1.4,1.4000778380214982,0.8289695508772811,4.0736140843538,-1.6642723555160293,1.3085714285714287
334,2024-04-09 18:50:00.415313,1.39,1.39,1.3907205970666745,0.7998854411779786,4.07341130244131,-1.6643641316449838,1.3085714285714287
335,2024-04-09 18:50:00.438933,1.4,1.4,1.3993480871916562,0.8261970441459768,4.07359473280989,-1.6642811080300075,1.3085714285714287
336,2024-04-09 18:50:00.461427,1.39,1.39,1.3906585213436573,0.7996175028095375,4.073409466783676,-1.664364968571035,1.3085714285714287
337,2024-04-09 18:50:00.484340,1.39,1.39,1.38995901812001,0.8012634637742245,4.0734209949822535,-1.664359749947696,1.3085714285714287
338,2024-04-09 18:50:00.507360,1.4,1.4,1.3993096385564714,0.829128190291061,4.073615168206609,-1.6642718441913402,1.3085714285714287
339,2024-04-09 18:50:00.529871,1.39,1.39,1.390674222785688,0.8019165066977694,4.073425559093822,-1.6643576904268338,1.3085714285714287
340,2024-04-09 18:50:00.552341,1.4,1.4,1.3993577505642834,0.8278391592756308,4.073606152666755,-1.6642759195123205,1.3085714285714287
341,2024-04-09 18:50:00.574744,1.39,1.39,1.3906692412853303,0.8008278339579362,4.073417994124844,-1.664361122600179,1.3085714285714287
342,2024-04-09 18:50:00.597218,1.39,1.39,1.3899671409404315,0.8021465789345315,4.0734272312945645,-1.6643569394315147,1.3085714285714287
343,2024-04-09 18:50:00.620620,1.39,1.39,1.38993199324877,0.8048851554592107,4.07344634647314,-1.664348282180112,1.3085714285714287
344,2024-04-09 18:50:00.643036,1.39,1.39,1.3899467108123893,0.8070311782766741,4.073461322891078,-1.6643414988187777,1.2571428571428571
345,2024-04-09 18:50:00.665526,1.4,1.4,1.3993444392743384,0.8125441259081827,4.073645537598639,-1.664258054512157,1.2571428571428571
346,2024-04-09 18:50:00.688613,1.47,1.47,1.4656546598181046,0.9650978898857773,3.7005402073459273,-1.5107815906891482,1.2571428571428571
347,2024-04-09 18:50:00.711848,1.47,1.47,1.470700211595371,0.9180562617420294,3.809390473087408,-1.5554188059447795,1.2571428571428571
348,2024-04-09 18:50:00.734880,1.47,1.47,1.4707060433300518,0.869841243328862,3.954173776493201,-1.6147348441069969,1.2571428571428571
349,2024-04-09 18:50:00.757390,1.39,1.39,1.3952253473934564,0.6341902337969603,5.20029538971234,-2.1250271824236853,1.2571428571428571
350,2024-04-09 18:50:00.779872,1.39,1.39,1.3891360358425011,0.6434259727765537,4.976099623107877,-2.0332413628773525,1.2571428571428571
351,2024-04-09 18:50:00.802627,1.39,1.39,1.388850079229946,0.6661605057260291,4.664056363633388,-1.905511070737208,1.2571428571428571
352,2024-04-09 18:50:00.825045,1.39,1.39,1.3890000041518036,0.6844712613913585,4.387384313406942,-1.7922714218405602,1.2571428571428571
353,2024-04-09 18:50:00.847734,1.385,1.385,1.384443489444468,0.6855613211225612,4.2329869066268,-1.729082405173065,1.2571428571428571
354,2024-04-09 18:50:00.870524,1.39,1.39,1.388894185262375,0.7108811483681832,3.92872957178923,-1.6045677954981097,1.2571428571428571
355,2024-04-09 18:50:00.893142,1.385,1.385,1.3846373894591062,0.7061811955974079,3.8305131995847215,-1.5643751007041988,1.2571428571428571
356,2024-04-09 18:50:00.915601,1.375,1.375,1.3749611325903386,0.688203676072486,3.8202000600574952,-1.5601548082674508,1.2571428571428571
357,2024-04-09 18:50:00.938096,1.375,1.375,1.3742768044751212,0.6994260346181761,3.632810925961056,-1.4834738293132794,1.2571428571428571
358,2024-04-09 18:50:00.960678,1.37,1.37,1.3696186411485702,0.697053333122663,3.5365073665394324,-1.4440662746712538,1.2571428571428571
359,2024-04-09 18:50:00.983543,1.36,1.36,1.3599325386071612,0.6818191386146863,3.5199238228393117,-1.437280333514412,1.2571428571428571
360,2024-04-09 18:50:01.007617,1.36,1.36,1.3592631975166185,0.6950988821065561,3.343714818965924,-1.3651766073491185,1.2571428571428571
361,2024-04-09 18:50:01.030313,1.355,1.355,1.3546178529508874,0.6942125249962608,3.254820269940014,-1.3288016455128362,1.2571428571428571
362,2024-04-09 18:50:01.053203,1.355,1.355,1.3543420828175008,0.7054548233640453,3.105948129173956,-1.2678845264832512,1.2571428571428571
363,2024-04-09 18:50:01.075597,1.345,1.345,1.3450060646718356,0.6893364157095581,3.1072833604554515,-1.2684308897058232,1.2571428571428571
364,2024-04-09 18:50:01.098596,1.345,1.345,1.3443488584711447,0.7009926301180645,2.9677449871069257,-1.2113332635089555,1.2571428571428571
365,2024-04-09 18:50:01.121065,1.345,1.345,1.3443919029571194,0.7115251914178132,2.840846591929997,-1.159407813610262,1.2571428571428571
366,2024-04-09 18:50:01.143550,1.345,1.345,1.3444691790894834,0.7194297782961254,2.7329239104944856,-1.1152470232046858,1.2571428571428571
367,2024-04-09 18:50:01.166387,1.33,1.33,1.3304331435848984,0.6872625697297043,2.81876710259338,-1.1503731382114062,1.2571428571428571
368,2024-04-09 18:50:01.188914,1.345,1.345,1.3434845928281902,0.736666558376398,2.525849647054099,-1.0305143729361164,1.2571428571428571
369,2024-04-09 18:50:01.212682,1.33,1.33,1.3304974373725085,0.702912456209635,2.6196769847092427,-1.0689075748160173,1.2571428571428571
370,2024-04-09 18:50:01.235891,1.325,1.325,1.324804445516715,0.6977943350949858,2.5836635611344447,-1.054171228332467,1.2571428571428571
371,2024-04-09 18:50:01.258470,1.33,1.33,1.3291323078288066,0.721057135498918,2.427566754665894,-0.9902978369549944,1.2571428571428571
372,2024-04-09 18:50:01.281342,1.325,1.325,1.3248492499398874,0.7150455333937654,2.401061144175947,-0.9794519676804048,1.2571428571428571
373,2024-04-09 18:50:01.304380,1.305,1.305,1.305763693221918,0.670866699317502,2.5323612145210257,-1.0331789135125296,1.2571428571428571
374,2024-04-09 18:50:01.326903,1.3,1.3,1.2996348268719715,0.6732721000705887,2.470940153463469,-1.0080458639980137,1.2571428571428571
375,2024-04-09 18:50:01.350293,1.3,1.3,1.2992847833533645,0.6906219175979206,2.353199007523852,-0.9598669684640122,1.2571428571428571
376,2024-04-09 18:50:01.372821,1.295,1.295,1.294681243386886,0.6919964999220949,2.301816589402472,-0.9388415882797104,1.2571428571428571
377,2024-04-09 18:50:01.395143,1.29,1.29,1.2897181845096957,0.6920863475599159,2.2573155207976865,-0.9206319834825728,1.2571428571428571
378,2024-04-09 18:50:01.418041,1.29,1.29,1.289422667179347,0.7047290714229871,2.167972462989783,-0.8840732049230697,1.2571428571428571
379,2024-04-09 18:50:01.440530,1.28,1.28,1.2800943181753657,0.6898168772032319,2.1822821819644136,-0.8899286886085551,1.2571428571428571
380,2024-04-09 18:50:01.463347,1.28,1.28,1.2794382793510195,0.702167410471406,2.098698193054537,-0.8557263668093266,1.2571428571428571
381,2024-04-09 18:50:01.485729,1.275,1.275,1.274783630243938,0.700557876625241,2.067109908822345,-0.8428005089310858,1.2571428571428571
382,2024-04-09 18:50:01.508150,1.27,1.27,1.269797679753932,0.6985226188663697,2.038119815759848,-0.8309378017418787,1.2571428571428571
383,2024-04-09 18:50:01.531979,1.265,1.265,1.2647888500507465,0.6970005467626257,2.008414749647833,-0.8187825039259666,1.2571428571428571
384,2024-04-09 18:50:01.554379,1.265,1.265,1.2644788294562153,0.7085145483334289,1.936404896699528,-0.7893160482030775,1.2571428571428571
385,2024-04-09 18:50:01.577459,1.25,1.25,1.2504456301954905,0.680227192316629,1.9968968264785096,-0.814069418009068,1.2571428571428571
386,2024-04-09 18:50:01.600881,1.25,1.25,1.2494177151622536,0.6943153808898189,1.9192180159199332,-0.7822830880114438,1.2571428571428571
387,2024-04-09 18:50:01.623354,1.245,1.245,1.2447511814961905,0.694956624218417,1.8865875721333496,-0.7689306137952887,1.2571428571428571
388,2024-04-09 18:50:01.646007,1.235,1.235,1.235081625868608,0.6820558656741461,1.897113635959792,-0.773237919832766,1.2571428571428571
389,2024-04-09 18:50:01.668812,1.23,1.23,1.229719013026425,0.6841358346893047,1.8614732168886785,-0.7586536895845483,1.2571428571428571
390,2024-04-09 18:50:01.691283,1.22,1.22,1.2200163925486374,0.6740723330771814,1.863518899134456,-0.7594907944802128,1.2571428571428571
391,2024-04-09 18:50:01.714141,1.225,1.225,1.2240624517824965,0.7035127222989805,1.7483770202874112,-0.7123739681717195,1.2571428571428571
392,2024-04-09 18:50:01.736805,1.215,1.215,1.2151048203664117,0.6903773712626088,1.76104894988513,-0.7175594187237772,1.2571428571428571
393,2024-04-09 18:50:01.759437,1.215,1.215,1.2144797526980136,0.7030473044347956,1.699123341775233,-0.6922189251255249,1.2571428571428571
394,2024-04-09 18:50:01.782878,1.205,1.205,1.2051320220172774,0.6890466821621098,1.7145998479996332,-0.6985520605828972,1.2571428571428571
395,2024-04-09 18:50:01.805447,1.205,1.205,1.2044774478262776,0.7020364028210844,1.6542575278989948,-0.673859340617048,1.2571428571428571
396,2024-04-09 18:50:01.828414,1.2,1.2,1.1998260929476467,0.7009199380229515,1.6344708886727022,-0.6657624167694282,1.2571428571428571
397,2024-04-09 18:50:01.851881,1.195,1.195,1.194842324951353,0.6992330708241595,1.616791216861629,-0.6585276701251244,1.2571428571428571
398,2024-04-09 18:50:01.874527,1.19,1.19,1.1898346843209675,0.6979514984886842,1.5985197741341617,-0.6510507439284164,1.2571428571428571
399,2024-04-09 18:50:01.897900,1.185,1.185,1.184828110304007,0.6970341050527413,1.5797894709053686,-0.6433860255555689,1.2571428571428571
400,2024-04-09 18:50:01.920878,1.185,1.185,1.184519694742299,0.7089425470846474,1.5281793835198878,-0.6222663547217268,1.2571428571428571
401,2024-04-09 18:50:01.943395,1.175,1.175,1.175186591006758,0.693594241621051,1.5479542697460391,-0.6303585753916136,1.2571428571428571
402,2024-04-09 18:50:01.967098,1.17,1.17,1.169827670225907,0.6929511756899925,1.5299377418211149,-0.6229858847377332,1.2571428571428571
403,2024-04-09 18:50:01.989585,1.16,1.16,1.1601079049209209,0.6808434883023878,1.5410683475983484,-0.6275407435460439,1.2571428571428571
404,2024-04-09 18:50:02.012171,1.16,1.16,1.1594414628265652,0.6961531438863992,1.484212704393944,-0.6042742510766681,1.2571428571428571
405,2024-04-09 18:50:02.035684,1.16,1.16,1.1594993589592018,0.7093659189644486,1.4339128136744532,-0.5836904480098829,1.2571428571428571
406,2024-04-09 18:50:02.058060,1.15,1.15,1.1501969680055644,0.6940929103914666,1.4534484963886616,-0.5916848949277883,1.2571428571428571
407,2024-04-09 18:50:02.080700,1.145,1.145,1.144840093387827,0.6934196067202135,1.4377895337284536,-0.5852768715408911,1.2571428571428571
408,2024-04-09 18:50:02.103964,1.135,1.135,1.1351202827298104,0.6812886650083789,1.4494209621919811,-0.5900367453505793,1.2571428571428571
409,2024-04-09 18:50:02.126557,1.135,1.135,1.134453114206438,0.696563005235764,1.3971900688191052,-0.5686624827356334,1.2571428571428571
410,2024-04-09 18:50:02.149671,1.125,1.125,1.12511971769287,0.6846694392514258,1.4084842913891096,-0.5732843912678461,1.2571428571428571
411,2024-04-09 18:50:02.172885,1.115,1.115,1.1150868125667632,0.6740721792965632,1.4165754803292936,-0.5765955399389345,1.2571428571428571
412,2024-04-09 18:50:02.195341,1.11,1.11,1.1097147049385412,0.6787398640363802,1.390301930996709,-0.5658436097827761,1.2571428571428571
413,2024-04-09 18:50:02.218638,1.095,1.095,1.0953325156774727,0.6581349070906474,1.420563600025574,-0.5782276379582316,1.2571428571428571
414,2024-04-09 18:50:02.241098,1.09,1.09,1.0896320638540018,0.6661737552823936,1.387468055108157,-0.5646838554043596,1.2571428571428571
415,2024-04-09 18:50:02.263598,1.085,1.085,1.0846414425043167,0.6739959274100263,1.3555871311722554,-0.5516370935948427,1.2571428571428571
416,2024-04-09 18:50:02.287125,1.08,1.08,1.0796926774233826,0.6798752992379626,1.3285725082313744,-0.5405817521836669,1.2571428571428571
417,2024-04-09 18:50:02.310253,1.07,1.07,1.070039131658824,0.6716584106031389,1.3319736215069589,-0.5419736128939479,1.2571428571428571
418,2024-04-09 18:50:02.334774,1.06,1.06,1.0600098265321718,0.6646278999446409,1.3328181927714262,-0.5423192436859402,1.2571428571428571
419,2024-04-09 18:50:02.360256,1.045,1.045,1.0452701044905337,0.6469041742534958,1.355777806886857,-0.5517152256088351,1.2571428571428571
420,2024-04-09 18:50:02.383816,1.04,1.04,1.039565568294468,0.6579904397995047,1.3192516939505412,-0.5367672450561269,1.2571428571428571
421,2024-04-09 18:50:02.406409,1.03,1.03,1.0298987291288615,0.6555870268861816,1.3108286915385643,-0.5333201958235314,1.2571428571428571
422,2024-04-09 18:50:02.429180,1.015,1.015,1.0152103182233934,0.6404384794478842,1.3281352172350602,-0.540402783566509,1.2571428571428571
423,2024-04-09 18:50:02.451725,1.01,1.01,1.00952491712093,0.6533259961141294,1.289453826113062,-0.5245726097577151,1.2571428571428571
424,2024-04-09 18:50:02.474266,1.0,1.0,0.9998705539986196,0.652231271881046,1.2790241903298671,-0.5203043161679891,1.2571428571428571
425,2024-04-09 18:50:02.496981,0.98,0.98,0.9804964229692816,0.6255180389877972,1.3186088806919918,-0.5365042765645869,1.2571428571428571
426,2024-04-09 18:50:02.519514,0.955,0.955,0.9556731257518044,0.591355707783563,1.37173554975114,-0.558246345234373,1.2571428571428571
427,2024-04-09 18:50:02.542181,0.945,0.945,0.94455446067301,0.6027899900878749,1.336926785767912,-0.5440008199069333,1.2571428571428571
428,2024-04-09 18:50:02.564992,0.91,0.91,0.9110858841998024,0.5516209562340919,1.4209146461528377,-0.5783730722728155,1.2571428571428571
429,2024-04-09 18:50:02.587627,0.895,0.895,0.8946376292642867,0.5593835572060585,1.3931648399164178,-0.5670163487658467,1.2571428571428571
