datetime,z_ref,z,z_hat,v_hat,alpha_1,alpha_0,tau
2024-04-09 18:49:52.379225,1.37,1.315,1.3694428677329429,0.0944671609015476,4.074833364757089,-1.6646842586894093,0.39071428571428574
2024-04-09 18:49:52.405685,1.37,1.315,1.3701604834344348,0.08800488840037411,4.074789424689194,-1.6647066424611734,0.39071428571428574
2024-04-09 18:49:52.430490,1.37,1.315,1.3701648755466351,0.08136124283666177,4.074744288530631,-1.6647296360380957,0.39071428571428574
2024-04-09 18:49:52.453831,1.375,1.315,1.3748159889069886,0.08880056332836629,4.0747946560136565,-1.6647039769283927,0.3892857142857143
2024-04-09 18:49:52.477689,1.375,1.315,1.3751485465707853,0.08281672292138795,4.0747540016809305,-1.6647246882380455,0.3892857142857143
2024-04-09 18:49:52.502136,1.37,1.315,1.3704403513436536,0.06504686671029483,4.074633503203109,-1.6647860773953496,0.39071428571428574
2024-04-09 18:49:52.525468,1.375,1.315,1.3747323871509194,0.07585161970193438,4.0747067227926586,-1.6647487741356193,0.3892857142857143
2024-04-09 18:49:52.549231,1.375,1.315,1.375063560177343,0.07329123113184048,4.074689335034659,-1.6647576328859288,0.3892857142857143
2024-04-09 18:49:52.573510,1.385,1.315,1.3844517923669786,0.09543074644472894,4.074839283418257,-1.6646812352290867,0.38642857142857145
2024-04-09 18:49:52.597645,1.375,1.315,1.3757833701030784,0.0638185978688337,4.074625042711796,-1.6647903917323406,0.3892857142857143
2024-04-09 18:49:52.620975,1.375,1.315,1.3750541559542124,0.061630429458783234,4.074610233922134,-1.6647979370331305,0.3892857142857143
2024-04-09 18:49:52.644811,1.385,1.315,1.384379320993932,0.08668884984334037,4.074779932743702,-1.6647114710695825,0.38642857142857145
2024-04-09 18:49:52.668564,1.375,1.315,1.3757250073391383,0.05742781122589205,4.074581737760905,-1.664812458745622,0.3892857142857143
2024-04-09 18:49:52.692215,1.385,1.315,1.384394761781174,0.08186014181111138,4.074747168094544,-1.6647281640538583,0.38642857142857145
2024-04-09 18:49:52.715480,1.37,1.315,1.3710043871417041,0.04131555364878149,4.074472676811262,-1.6648680335450312,0.39071428571428574
2024-04-09 18:49:52.739099,1.375,1.315,1.3746208447925474,0.05660926697533518,4.074576282383877,-1.6648152392608955,0.39
2024-04-09 18:49:52.764762,1.375,1.315,1.3749380511622364,0.05910460455645206,4.074593207746979,-1.664806614419175,0.39
2024-04-09 18:49:52.788764,1.375,1.315,1.3749729879851915,0.05989980422393932,4.074600586799753,-1.6648028541139195,0.39
2024-04-09 18:49:52.813226,1.385,1.315,1.3843636483405282,0.08528737326815876,4.074013034448147,-1.6644032382043907,0.38642857142857145
2024-04-09 18:49:52.836692,1.385,1.315,1.3850990779387262,0.08101138470485444,4.074200857974376,-1.6645048132106106,0.38642857142857145
2024-04-09 18:49:52.860261,1.385,1.315,1.385118026840915,0.07626074063467715,4.074509151259184,-1.664660351306528,0.38642857142857145
2024-04-09 18:49:52.884741,1.375,1.315,1.3757062693879245,0.047774376861038435,4.075877563742156,-1.6653964374914783,0.3892857142857143
2024-04-09 18:49:52.908301,1.385,1.315,1.3843339632948175,0.07463947480135588,4.074981922532366,-1.6648635998481838,0.38642857142857145
2024-04-09 18:49:52.935149,1.385,1.315,1.3850315030156415,0.07337380615513754,4.075010408082543,-1.6648831322277047,0.38642857142857145
2024-04-09 18:49:52.959155,1.385,1.315,1.3850666924499289,0.07068681265490223,4.075049256844816,-1.6649157152030905,0.38642857142857145
2024-04-09 18:49:52.982569,1.385,1.315,1.385052290143634,0.06857929248385268,4.07506745544765,-1.6649362513000174,0.38642857142857145
2024-04-09 18:49:53.006993,1.385,1.315,1.3850384059432799,0.06703083107892661,4.075074260197309,-1.6649486527183228,0.38642857142857145
2024-04-09 18:49:53.032015,1.385,1.315,1.3850280018510963,0.06590136780587912,4.075075735726978,-1.66495626965861,0.38642857142857145
2024-04-09 18:49:53.055412,1.385,1.315,1.3850203962709842,0.0650782269235195,4.075074960566825,-1.6649610613637078,0.38642857142857145
2024-04-09 18:49:53.079250,1.375,1.315,1.375631248990905,0.03959178060955692,4.075009257522072,-1.6650923000867774,0.39
2024-04-09 18:49:53.104590,1.385,1.315,1.3842789679058014,0.06868750559141856,4.075119015438999,-1.6649565981272698,0.38642857142857145
2024-04-09 18:49:53.128110,1.375,1.315,1.375607797884352,0.044149363812854274,4.075005181058733,-1.6650622623645022,0.39
2024-04-09 18:49:53.151875,1.375,1.315,1.374922021192972,0.0472846769174541,4.075021777331917,-1.6650495220489636,0.39
2024-04-09 18:49:53.176472,1.37,1.315,1.3702072790424962,0.038904321001389575,4.074973806751514,-1.6650818061023622,0.3914285714285714
2024-04-09 18:49:53.200981,1.36,1.315,1.360481393107226,0.019450984265453285,4.074855879231311,-1.665154105531961,0.3942857142857143
2024-04-09 18:49:53.224582,1.37,1.315,1.3691455594959754,0.053921932488864836,4.075073613797238,-1.665029246195148,0.3914285714285714
2024-04-09 18:49:53.249389,1.36,1.315,1.3605085364957987,0.033381855905564875,4.074940378713227,-1.6651020529454772,0.3942857142857143
2024-04-09 18:49:53.274222,1.37,1.315,1.369233120626357,0.06432616842621396,4.075145296641637,-1.6649939168602388,0.3914285714285714
2024-04-09 18:49:53.298787,1.36,1.315,1.3605780783416388,0.040984619647855325,4.074988639077167,-1.6650745179363085,0.3942857142857143
2024-04-09 18:49:53.323809,1.36,1.315,1.359900677561573,0.0449798854305957,4.075015828098794,-1.6650607841001879,0.3942857142857143
2024-04-09 18:49:53.347335,1.36,1.315,1.359883554532232,0.049669011021511174,4.075047936274439,-1.6650447809345996,0.3942857142857143
2024-04-09 18:49:53.371816,1.36,1.315,1.359911408634265,0.05323638890227264,4.075072491561471,-1.6650326606356092,0.3942857142857143
2024-04-09 18:49:53.397287,1.36,1.315,1.3599351192657627,0.055848621628526586,4.075090542140446,-1.665023813738897,0.3942857142857143
2024-04-09 18:49:53.426040,1.36,1.315,1.3599526857982671,0.05775319515466032,4.075103740708332,-1.6650173780130753,0.3942857142857143
2024-04-09 18:49:53.450363,1.355,1.315,1.3552737095000549,0.04669702681658376,4.075027242644161,-1.6650545403654238,0.39571428571428574
2024-04-09 18:49:53.474269,1.36,1.315,1.359608935982595,0.06247547147936228,4.075136686371505,-1.6650015165815377,0.3942857142857143
2024-04-09 18:49:53.498148,1.36,1.315,1.359973435966993,0.06354633299041003,4.075144127572818,-1.6649979184737163,0.3942857142857143
2024-04-09 18:49:53.523588,1.36,1.315,1.36000250576371,0.06344411216098096,4.075143425201266,-1.6649982576187692,0.3942857142857143
2024-04-09 18:49:53.547115,1.355,1.315,1.3553118662758203,0.05085083914492905,4.07505597120625,-1.665040442589798,0.39571428571428574
2024-04-09 18:49:53.570349,1.36,1.315,1.3596368970745094,0.06550287108774498,4.075157820382338,-1.664991349481598,0.3942857142857143
2024-04-09 18:49:53.594543,1.355,1.315,1.3553020230016692,0.05330832448343728,4.075073090833693,-1.6650321695913983,0.39571428571428574
2024-04-09 18:49:53.618018,1.355,1.315,1.3549596401866746,0.0549305498100018,4.0750844141890825,-1.6650267163182382,0.39571428571428574
2024-04-09 18:49:53.641285,1.36,1.315,1.3596403382065712,0.06944616065360712,4.075185322099718,-1.6649781317130452,0.3942857142857143
2024-04-09 18:49:53.665556,1.355,1.315,1.3553265464603592,0.05626389403109303,4.075093708122023,-1.6650222340804655,0.39571428571428574
2024-04-09 18:49:53.689768,1.37,1.315,1.3690547765338514,0.0944233880986785,4.075358877413838,-1.6648945972972204,0.39071428571428574
2024-04-09 18:49:53.713761,1.355,1.315,1.3560608409142294,0.05160817657524678,4.075061299375983,-1.6650378242412627,0.39571428571428574
2024-04-09 18:49:53.737297,1.36,1.315,1.3596877327199375,0.06420807863793634,4.075148884759888,-1.6649956700858126,0.3942857142857143
2024-04-09 18:49:53.761854,1.36,1.315,1.359988974897521,0.06465260890168197,4.07515197674223,-1.6649941819566425,0.3942857142857143
2024-04-09 18:49:53.787369,1.37,1.315,1.369393885829702,0.08912513166174617,4.075321939650228,-1.66491238071276,0.39071428571428574
2024-04-09 18:49:53.815602,1.37,1.315,1.3701244815088405,0.08411375662810139,4.075287037908213,-1.6649291788172031,0.39071428571428574
2024-04-09 18:49:53.842184,1.375,1.315,1.3748304198758816,0.09097250023707916,4.075334577749734,-1.664906297439317,0.3892857142857143
2024-04-09 18:49:53.868299,1.375,1.315,1.375162778828275,0.08441593648064294,4.0752889509759305,-1.6649282587512892,0.3892857142857143
2024-04-09 18:49:53.891804,1.37,1.315,1.3704510418640539,0.06621622772632571,4.07516254234886,-1.6649891046559042,0.39071428571428574
2024-04-09 18:49:53.916996,1.37,1.315,1.37004840579365,0.06426235376965093,4.075148978139665,-1.6649956339573708,0.3914285714285714
2024-04-09 18:49:53.942408,1.37,1.315,1.37001154129065,0.06379573635254514,4.075145744525046,-1.6649971905651142,0.3914285714285714
2024-04-09 18:49:53.966847,1.37,1.315,1.3700063921665966,0.06353673532759337,4.075143953843541,-1.664998052607749,0.3914285714285714
2024-04-09 18:49:53.990186,1.375,1.315,1.3746962786834644,0.07579889217411681,4.07522902486914,-1.6649570971195755,0.3892857142857143
2024-04-09 18:49:54.015058,1.385,1.315,1.3844445630032063,0.098232027228251,4.075384577430311,-1.6648822063904611,0.38642857142857145
2024-04-09 18:49:54.040190,1.375,1.315,1.3758001500206916,0.06594508911972832,4.075160525006166,-1.6649900815108007,0.3892857142857143
2024-04-09 18:49:54.063533,1.375,1.315,1.3750682531396876,0.06318967217698225,4.075141416063096,-1.664999282389007,0.3892857142857143
2024-04-09 18:49:54.087286,1.375,1.315,1.3750061513301786,0.0629400096907404,4.075139694119775,-1.6650001115380277,0.3892857142857143
2024-04-09 18:49:54.112943,1.375,1.315,1.3750007841572185,0.0629069016610205,4.075139474642915,-1.6650002172255491,0.3892857142857143
2024-04-09 18:49:54.137206,1.385,1.315,1.3843838503446573,0.08778339181405528,4.07531190256664,-1.6649171817097752,0.38642857142857145
2024-04-09 18:49:54.161559,1.385,1.315,1.3851155907954174,0.08313012599241615,4.075279559554381,-1.6649327577881337,0.38642857142857145
2024-04-09 18:49:54.185198,1.385,1.315,1.3851320067297648,0.0778111654314747,4.07524262871764,-1.6649505441945864,0.38642857142857145
2024-04-09 18:49:54.209839,1.375,1.315,1.3757166249785548,0.04888411396768831,4.075042171857399,-1.6650470917809759,0.3892857142857143
2024-04-09 18:49:54.233931,1.375,1.315,1.3749579197932047,0.05057303343974895,4.075053940945216,-1.6650414230643191,0.39
2024-04-09 18:49:54.257160,1.37,1.315,1.3702297654123692,0.04128684836737711,4.074989689100671,-1.6650723722342242,0.3914285714285714
2024-04-09 18:49:54.281792,1.375,1.315,1.3745728713463923,0.058517965296538674,4.075109114229416,-1.6650148440605124,0.39
2024-04-09 18:49:54.306980,1.375,1.315,1.3749468138860932,0.060661259337048565,4.075123982874416,-1.6650076813445973,0.39
2024-04-09 18:49:54.330367,1.37,1.315,1.3702912772011395,0.04889769635423908,4.075042565741196,-1.665046904597174,0.3914285714285714
2024-04-09 18:49:54.354138,1.37,1.315,1.369931785162865,0.051641869099063306,4.075061630196438,-1.665037719713523,0.3914285714285714
2024-04-09 18:49:54.379320,1.37,1.315,1.3699265445734758,0.05459933420055246,4.075082156263264,-1.6650278301652568,0.3914285714285714
2024-04-09 18:49:54.403011,1.37,1.315,1.3699444550152218,0.056835467913257665,4.075097675239447,-1.6650203526857088,0.3914285714285714
2024-04-09 18:49:54.426885,1.37,1.315,1.3699593453076524,0.05847176745522389,4.07510903228363,-1.6650148802719285,0.3914285714285714
2024-04-09 18:49:54.452947,1.37,1.315,1.369970351319627,0.05966469557909736,4.075117313544924,-1.665010889733118,0.3914285714285714
2024-04-09 18:49:54.477393,1.37,1.315,1.3699783844156372,0.06053401405586889,4.07512335017614,-1.6650079806835063,0.3914285714285714
2024-04-09 18:49:54.504297,1.37,1.315,1.3699842391315225,0.06116747813144846,4.075127751105678,-1.665005859773103,0.3914285714285714
2024-04-09 18:49:54.528080,1.36,1.315,1.3606049050698232,0.03674115939463813,4.074958867239524,-1.6650872528537433,0.3942857142857143
2024-04-09 18:49:54.551755,1.36,1.315,1.3598761692680978,0.04172343190571938,4.074993434591123,-1.6650705923994218,0.3942857142857143
2024-04-09 18:49:54.576281,1.36,1.315,1.3598619669193044,0.04728221861184268,4.075031960920998,-1.6650520229180907,0.3942857142857143
2024-04-09 18:49:54.604686,1.355,1.315,1.3552035625992753,0.03905208925613847,4.074975152947378,-1.6650794054010625,0.39571428571428574
2024-04-09 18:49:54.633538,1.36,1.315,1.359557478098769,0.05690335025771562,4.075098629072919,-1.6650198847178392,0.3942857142857143
2024-04-09 18:49:54.661747,1.345,1.315,1.34586051036304,0.022154108283284048,4.074858557187006,-1.6651356151556498,0.3985714285714286
2024-04-09 18:49:54.692733,1.355,1.315,1.3541855923028228,0.055010304000393466,4.0750857340538325,-1.6650260955762157,0.39571428571428574
2024-04-09 18:49:54.716242,1.345,1.315,1.3455177164486423,0.034100644124224505,4.074941339339022,-1.665095710174455,0.3985714285714286
2024-04-09 18:49:54.741750,1.345,1.315,1.3448545156168028,0.03995563464867818,4.074981910073524,-1.6650761495259978,0.3985714285714286
2024-04-09 18:49:54.766139,1.355,1.315,1.3542333333464387,0.07089518508478224,4.0751956768890585,-1.6649730795888442,0.39571428571428574
2024-04-09 18:49:54.790613,1.345,1.315,1.345618593461974,0.04592231515306698,4.075023221678346,-1.6650562347831215,0.3985714285714286
2024-04-09 18:49:54.815593,1.345,1.315,1.3449336171259798,0.04859078068511089,4.075041725625926,-1.6650473120319744,0.3985714285714286
2024-04-09 18:49:54.841039,1.345,1.315,1.3449078469159907,0.05230139447481851,4.075067409209291,-1.6650349265951208,0.3985714285714286
2024-04-09 18:49:54.866335,1.345,1.315,1.3449291352719486,0.055154754235713935,4.0750871567642895,-1.6650254032316718,0.3985714285714286
2024-04-09 18:49:54.891142,1.345,1.315,1.3449480391412556,0.05724660802246362,4.075101634380278,-1.6650184209818155,0.3985714285714286
2024-04-09 18:49:54.914529,1.345,1.315,1.3449621011630133,0.0587719816834209,4.075112192442149,-1.6650133288008038,0.3985714285714286
2024-04-09 18:49:54.939177,1.345,1.315,1.3449723722465783,0.059883589577040375,4.075119888025363,-1.6650096170188258,0.3985714285714286
2024-04-09 18:49:54.963267,1.345,1.315,1.3449798586907293,0.06069360970449512,4.075125497489475,-1.6650069112943169,0.3985714285714286
2024-04-09 18:49:54.986875,1.345,1.315,1.3449853141281096,0.06099277973145409,4.075129586998586,-1.665004938623338,0.3985714285714286
2024-04-09 18:49:55.010567,1.345,1.315,1.3449874952233776,0.06149510038594749,4.075118107350597,-1.6649971469440472,0.3985714285714286
2024-04-09 18:49:55.035696,1.345,1.315,1.3449907280177298,0.0618672950584357,4.075111672774016,-1.6649922185140171,0.3985714285714286
2024-04-09 18:49:55.060191,1.345,1.315,1.3449932228161694,0.062139053636249934,4.0751087045297805,-1.664989325160718,0.3985714285714286
2024-04-09 18:49:55.083751,1.345,1.315,1.344995052516584,0.06233713926143746,4.075107499376588,-1.6649876059899178,0.3985714285714286
2024-04-09 18:49:55.107203,1.435,1.315,1.4294487810510341,0.2864389271380563,4.074545221829713,-1.6633815203571378,0.3707142857142857
2024-04-09 18:49:55.130666,1.44,1.315,1.4407281565183796,0.2571781389947413,4.074543439359577,-1.663561311567134,0.3678571428571429
2024-04-09 18:49:55.154005,1.44,1.315,1.4412429989148583,0.20711280417611413,4.074446444418768,-1.6638298060227077,0.3678571428571429
2024-04-09 18:49:55.177556,1.44,1.315,1.4409660450750525,0.16819726278481476,4.0743178639042945,-1.664016716640958,0.36857142857142855
2024-04-09 18:49:55.201604,1.44,1.315,1.4407090364014843,0.1396337338817758,4.0741950480362945,-1.6641422609605985,0.3692857142857143
2024-04-09 18:49:55.224959,1.44,1.315,1.4405170860994083,0.11880226347053482,4.074090371505709,-1.664227630503855,0.3692857142857143
2024-04-09 18:49:55.248443,1.44,1.315,1.440376819394099,0.1036210908332208,4.074006070763323,-1.6642865555513755,0.3692857142857143
2024-04-09 18:49:55.272524,1.44,1.315,1.4402745757181514,0.09255861252947514,4.07394038876673,-1.6643277461926378,0.37
2024-04-09 18:49:55.296891,1.435,1.315,1.435508269971529,0.07205377885098405,4.073813070519946,-1.6644016377722513,0.37142857142857144
2024-04-09 18:49:55.320726,1.44,1.315,1.43977985522397,0.08094644502239551,4.073870022473503,-1.6643703779758725,0.37
2024-04-09 18:49:55.345876,1.435,1.315,1.435406182586506,0.06455621709735523,4.073762516957689,-1.6644270521958695,0.37142857142857144
2024-04-09 18:49:55.370485,1.435,1.315,1.4350355386238085,0.06312091256437224,4.073752956624327,-1.664431946847513,0.37142857142857144
2024-04-09 18:49:55.393999,1.435,1.315,1.4350038430530798,0.06296445833523967,4.0737519106851705,-1.6644324710859442,0.37142857142857144
2024-04-09 18:49:55.418167,1.43,1.315,1.43030912535054,0.05048190740056219,4.073667071634416,-1.6644743421451762,0.37285714285714283
2024-04-09 18:49:55.443152,1.43,1.315,1.4299427842761747,0.052782999166612866,4.07368286905379,-1.66446663255161,0.37357142857142855
2024-04-09 18:49:55.467478,1.43,1.315,1.429934389783577,0.055424441787802856,4.073701062570366,-1.6644578256979945,0.37357142857142855
2024-04-09 18:49:55.491288,1.43,1.315,1.4299501575035531,0.05743087467057226,4.07371492656979,-1.6644511542462483,0.37285714285714283
2024-04-09 18:49:55.514809,1.425,1.315,1.4252717002692055,0.04645600502592417,4.073639184343115,-1.6644874455788905,0.375
2024-04-09 18:49:55.540468,1.425,1.315,1.4249156567560783,0.049849941342789986,4.073662733688466,-1.664476197189082,0.375
2024-04-09 18:49:55.563790,1.42,1.315,1.4202228353663018,0.04084339571694433,4.073600447637218,-1.664505881236495,0.37642857142857145
2024-04-09 18:49:55.586890,1.415,1.315,1.4151862423672568,0.033308808447308554,4.073548350220172,-1.6645306692574888,0.37785714285714284
2024-04-09 18:49:55.612251,1.41,1.315,1.4101375342252096,0.027736242755911092,4.073509858038745,-1.6645489624751517,0.3792857142857143
2024-04-09 18:49:55.636056,1.41,1.315,1.4097919748610201,0.03611248672814512,4.073568098355994,-1.6645213072050387,0.3792857142857143
2024-04-09 18:49:55.659216,1.41,1.315,1.4098223161333119,0.043268822893643734,4.073617854350377,-1.6644976947252477,0.3792857142857143
2024-04-09 18:49:55.683800,1.405,1.315,1.4051765077799077,0.03612881425919685,4.073568422198834,-1.6645211437366114,0.3807142857142857
2024-04-09 18:49:55.707325,1.4,1.315,1.4001543203401086,0.02988027637262817,4.073525201971554,-1.6645416401032027,0.3821428571428571
2024-04-09 18:49:55.731048,1.28,1.315,1.287203049080552,-0.2609692893917337,4.071507873593549,-1.665498133620038,0.41928571428571426
2024-04-09 18:49:55.754953,1.275,1.315,1.2737557549769538,-0.21093170041220077,4.071856328489932,-1.6653329384575917,0.4228571428571429
2024-04-09 18:49:55.779168,1.275,1.315,1.2732353554850058,-0.13985189966978456,4.07235048753116,-1.6650986858263388,0.42214285714285715
2024-04-09 18:49:55.803000,1.27,1.315,1.268949703431911,-0.09757076319242022,4.0726445786406416,-1.6649592795309525,0.4228571428571429
2024-04-09 18:49:55.826162,1.265,1.315,1.2642544096698494,-0.06756638988023,4.072853327701096,-1.6648603287386907,0.42428571428571427
2024-04-09 18:49:55.850052,1.265,1.315,1.264149975266107,-0.03332699817235258,4.073091288651207,-1.6647475303041042,0.4235714285714286
2024-04-09 18:49:55.873731,1.255,1.315,1.2549710342491793,-0.032217368807101944,4.07309939649863,-1.6647436869386754,0.42642857142857143
2024-04-09 18:49:55.898154,1.25,1.315,1.2497202846803477,-0.020982861488712087,4.073177682000999,-1.664706576111684,0.4278571428571429
2024-04-09 18:49:55.921145,1.25,1.315,1.2494658909492684,0.0005298467453680525,4.0733271463642575,-1.6646357206455251,0.4278571428571429
2024-04-09 18:49:55.945552,1.255,1.315,1.2542746401997522,0.02977759841972697,4.073530102702903,-1.6645395024756127,0.42642857142857143
2024-04-09 18:49:55.968746,1.25,1.315,1.250059573271666,0.02735114551179276,4.07351343632832,-1.6645474040947896,0.42714285714285716
2024-04-09 18:49:55.992228,1.255,1.315,1.2544765948508543,0.04846129322822411,4.073659845273786,-1.664477987341237,0.4257142857142857
2024-04-09 18:49:56.015912,1.255,1.315,1.254879010355803,0.053336617974159485,4.073693684258411,-1.6644619424548797,0.4257142857142857
2024-04-09 18:49:56.039094,1.265,1.315,1.2643174706346776,0.08088738622970602,4.073884550739614,-1.664371437515303,0.4228571428571429
2024-04-09 18:49:56.062221,1.27,1.315,1.2697609156755074,0.0905506764038686,4.073951400280341,-1.6643397371100859,0.4207142857142857
2024-04-09 18:49:56.086455,1.275,1.315,1.2748478262985354,0.09671080554349427,4.073993943053654,-1.6643195619821154,0.41928571428571426
2024-04-09 18:49:56.109848,1.28,1.315,1.2798911621946283,0.10112498078403619,4.074024366244149,-1.6643051335340515,0.41785714285714287
2024-04-09 18:49:56.133655,1.29,1.315,1.2896128466589567,0.11677896116002051,4.074132571096642,-1.6642538135937157,0.415
2024-04-09 18:49:56.157367,1.295,1.315,1.2950004031267803,0.11679471984851542,4.074132458443293,-1.664253867026546,0.41285714285714287
2024-04-09 18:49:56.181824,1.295,1.315,1.2953325905982112,0.10339825138695101,4.074039529465855,-1.66429794686482,0.41285714285714287
2024-04-09 18:49:56.204926,1.305,1.315,1.3046540715227808,0.11738908396561515,4.074136171543667,-1.6642521031380497,0.41
2024-04-09 18:49:56.228502,1.315,1.315,1.3146985043729926,0.12959445016121962,4.074220388539303,-1.6642121511617827,0.40714285714285714
2024-04-09 18:49:56.252300,1.325,1.315,1.3247764923179468,0.1386584535630473,4.07428281231052,-1.6641825360470213,0.4035714285714286
2024-04-09 18:49:56.275440,1.34,1.315,1.339528979957485,0.15772137596393898,4.074414345635485,-1.664120130365597,0.3992857142857143
2024-04-09 18:49:56.299017,1.345,1.315,1.3452476536198386,0.14777918176325,4.0743451975751706,-1.6641529393855479,0.39785714285714285
2024-04-09 18:49:56.322688,1.44,1.315,1.4346830314865153,0.36250457538538505,4.075829554595915,-1.6634486087870226,0.36857142857142855
2024-04-09 18:49:56.345823,1.445,1.315,1.4462114880512238,0.31377219838728765,4.075491386657254,-1.6636090794127656,0.3657142857142857
2024-04-09 18:49:56.369119,1.45,1.315,1.451313456420462,0.26089296406478657,4.075124807279955,-1.663783042086557,0.36428571428571427
2024-04-09 18:49:56.393208,1.455,1.315,1.4559937278089716,0.22089052212900023,4.0748475014974215,-1.663914646936986,0.36357142857142855
2024-04-09 18:49:56.416584,1.46,1.315,1.460727394363868,0.19161690092372374,4.074644546107053,-1.6640109718177707,0.3628571428571429
2024-04-09 18:49:56.440549,1.46,1.315,1.4608386996179334,0.1578313795256978,4.0744105674002045,-1.6641220270793098,0.3628571428571429
2024-04-09 18:49:56.464307,1.465,1.315,1.4653290626188935,0.14460194958735964,4.07431877901493,-1.6641655958632426,0.36142857142857143
2024-04-09 18:49:56.487640,1.46,1.315,1.46083248867447,0.1110384447652733,4.074086597917504,-1.6642758105487,0.36357142857142855
2024-04-09 18:49:56.511736,1.46,1.315,1.4603483908875312,0.09700002378217862,4.073989445253163,-1.6643219308579045,0.36357142857142855
2024-04-09 18:49:56.535513,1.46,1.315,1.4602320004892415,0.08765231858065385,4.073924758360686,-1.6643526407763778,0.36357142857142855
2024-04-09 18:49:56.559854,1.465,1.315,1.46485899354478,0.09335915142921253,4.073964068619133,-1.664333977274046,0.36214285714285716
2024-04-09 18:49:56.582956,1.46,1.315,1.4604875885836595,0.07368977984063427,4.073828155929705,-1.6643985088266846,0.36357142857142855
2024-04-09 18:49:56.606180,1.46,1.315,1.4600968670438264,0.0697838789755094,4.0738011585164315,-1.6644113279733177,0.36428571428571427
2024-04-09 18:49:56.630113,1.46,1.315,1.460048701958285,0.06782027002508563,4.073787586879881,-1.6644177725444897,0.36428571428571427
2024-04-09 18:49:56.653863,1.455,1.315,1.4553418285794975,0.05402041572826197,4.073692343694576,-1.6644630019155373,0.3657142857142857
2024-04-09 18:49:56.677237,1.455,1.315,1.4549666156721581,0.05536144420925416,4.073701644230611,-1.6644585849964788,0.3657142857142857
2024-04-09 18:49:56.701655,1.345,1.315,1.351732193205161,-0.216458113821815,4.071826383007796,-1.6653492164908734,0.3992857142857143
2024-04-09 18:49:56.725624,1.34,1.315,1.339001151973393,-0.1763011867261708,4.0721045749418945,-1.6652170852194936,0.40285714285714286
2024-04-09 18:49:56.748810,1.34,1.315,1.3384639840409793,-0.11443145335080335,4.072532315881158,-1.6650139118918499,0.40285714285714286
2024-04-09 18:49:56.772794,1.33,1.315,1.3294287193424115,-0.09147527120140533,4.072691380885035,-1.6649383530485873,0.405
2024-04-09 18:49:56.797377,1.325,1.315,1.3243215150564875,-0.06417665382592247,4.072880269343111,-1.66484862238959,0.4064285714285714
2024-04-09 18:49:56.820670,1.305,1.315,1.305407815537338,-0.08072086634967866,4.072766750196398,-1.6649025522529382,0.41214285714285714
2024-04-09 18:49:56.844474,1.3,1.315,1.2994481707249415,-0.05852934193797156,4.072920335721357,-1.664829583782185,0.4135714285714286
2024-04-09 18:49:56.868703,1.295,1.315,1.294525834432357,-0.039459931819914876,4.073052287673678,-1.6647668898478174,0.415
2024-04-09 18:49:56.892239,1.285,1.315,1.2849563914635245,-0.037762643275137515,4.073064421496008,-1.6647611244129144,0.41785714285714287
2024-04-09 18:49:56.915653,1.285,1.315,1.2843769916456624,-0.012670973156115758,4.073237746157149,-1.6646787638078742,0.41785714285714287
2024-04-09 18:49:56.940095,1.285,1.315,1.2844959739249187,0.0076320904474043265,4.073377950000889,-1.6646121377978007,0.41714285714285715
2024-04-09 18:49:56.963350,1.275,1.315,1.275244885634064,-0.002289808031872771,4.073309840028139,-1.6646445060537987,0.42
2024-04-09 18:49:56.986702,1.28,1.315,1.2793052719088638,0.025719216053812933,4.073503038103993,-1.6645526863074975,0.4185714285714286
2024-04-09 18:49:57.010593,1.275,1.315,1.2750364406690498,0.024224350032837322,4.073492905644548,-1.6645575021564192,0.42
2024-04-09 18:49:57.033979,1.27,1.315,1.2700722939967537,0.021281010267284226,4.073472806784834,-1.664567055470969,0.42142857142857143
2024-04-09 18:49:57.056918,1.275,1.315,1.2744399535287614,0.04386664260177604,4.073628487191165,-1.6644930538413094,0.42
2024-04-09 18:49:57.080686,1.275,1.315,1.274848424183924,0.0499740303930061,4.073670616134867,-1.6644730269953794,0.42
2024-04-09 18:49:57.104143,1.28,1.315,1.2796030540678263,0.0659919535888856,4.073780928153173,-1.6644205849687628,0.41785714285714287
2024-04-09 18:49:57.127649,1.275,1.315,1.2753030882119551,0.05375576786449618,4.073696710837162,-1.664460623918049,0.41928571428571426
2024-04-09 18:49:57.151391,1.28,1.315,1.279654395115191,0.06770309575513252,4.0737927289475335,-1.6644149719966905,0.41785714285714287
2024-04-09 18:49:57.175114,1.28,1.315,1.2800086004540443,0.06735788720423193,4.073790339840263,-1.6644161079648954,0.41785714285714287
2024-04-09 18:49:57.198449,1.285,1.315,1.2847201033723155,0.07866051763188263,4.073868081351706,-1.664379141483371,0.4164285714285714
2024-04-09 18:49:57.222159,1.29,1.315,1.2897720039622265,0.08758354045890199,4.073931398844996,-1.6643490319898449,0.415
2024-04-09 18:49:57.245554,1.295,1.315,1.2948302163048715,0.09444970907341205,4.073775406170445,-1.6642436240891774,0.4135714285714286
2024-04-09 18:49:57.268563,1.3,1.315,1.2998761555446472,0.09946652209901787,4.073689366758895,-1.6641780750245188,0.4114285714285714
2024-04-09 18:49:57.292589,1.3,1.315,1.3002181308599283,0.09068342427216954,4.073785068758861,-1.6642707098634495,0.4114285714285714
2024-04-09 18:49:57.318477,1.305,1.315,1.304876843138212,0.09567102261928993,4.073754975165053,-1.664228191463958,0.41
2024-04-09 18:49:57.344235,1.315,1.315,1.3145783596844505,0.11271139105279918,4.073711945715928,-1.6641071475548348,0.40714285714285714
2024-04-09 18:49:57.368850,1.325,1.315,1.324665034591616,0.12626365868477815,4.073712509938925,-1.6640251904544123,0.4042857142857143
2024-04-09 18:49:57.392118,1.33,1.315,1.3300621416465368,0.12379262680805189,4.07370770824776,-1.6640384743944883,0.40214285714285714
2024-04-09 18:49:57.415901,1.34,1.315,1.3397631813853585,0.13338981706557357,4.073739048360424,-1.6639931837231021,0.3992857142857143
2024-04-09 18:49:57.438889,1.345,1.315,1.3451121281258982,0.12890486627929743,4.07371971134056,-1.664012787292778,0.39785714285714285
2024-04-09 18:49:57.461858,1.345,1.315,1.3454141876554722,0.11222187434132898,4.073636179425718,-1.6640802453637373,0.39785714285714285
2024-04-09 18:49:57.485897,1.345,1.315,1.3453299486502217,0.09892965368282469,4.073562614260783,-1.6641311063490758,0.39785714285714285
2024-04-09 18:49:57.508805,1.355,1.315,1.354626399498087,0.11403448742416628,4.0736517020833425,-1.6640758914307376,0.395
2024-04-09 18:49:57.532135,1.36,1.315,1.3599843614782985,0.11469606290415632,4.073655607649074,-1.6640736526726476,0.39357142857142857
2024-04-09 18:49:57.555887,1.37,1.315,1.3697023027802497,0.1267459917561865,4.073732398959633,-1.6640320415006966,0.39071428571428574
2024-04-09 18:49:57.579145,1.36,1.315,1.360992017916387,0.08673158394985517,4.073470581872278,-1.6641682569161333,0.39357142857142857
2024-04-09 18:49:57.602505,1.37,1.315,1.3695920058907576,0.10321772651052318,4.07358003260246,-1.6641129686533265,0.39071428571428574
2024-04-09 18:49:57.626408,1.37,1.315,1.3702237552437193,0.09420723413569283,4.073519301239352,-1.6641429963640946,0.39071428571428574
2024-04-09 18:49:57.649725,1.375,1.315,1.3748989418319126,0.09830548390038296,4.073546961464642,-1.6641295314503814,0.3892857142857143
2024-04-09 18:49:57.673111,1.37,1.315,1.37052059206005,0.07730728471778057,4.073403610084017,-1.6641985293660413,0.39071428571428574
2024-04-09 18:49:57.697019,1.37,1.315,1.370121248716115,0.07241968632986234,4.073370077705556,-1.6642145370369372,0.39071428571428574
2024-04-09 18:49:57.720826,1.36,1.315,1.3606829047715885,0.04485242933882497,4.073180626265926,-1.6643044389668893,0.3942857142857143
2024-04-09 18:49:57.743933,1.36,1.315,1.3599311608436337,0.04761986748666282,4.073199766114604,-1.6642953956311202,0.3942857142857143
2024-04-09 18:49:57.768572,1.36,1.315,1.3599018849610467,0.051570996143518864,4.073227088855918,-1.6642825264237828,0.3942857142857143
2024-04-09 18:49:57.792070,1.37,1.315,1.3693080348798612,0.0795010320823602,4.073419999273281,-1.6641918700956762,0.3914285714285714
2024-04-09 18:49:57.815438,1.36,1.315,1.3606764363246702,0.05219925545911786,4.0732312724290125,-1.6642804155113498,0.3942857142857143
2024-04-09 18:49:57.838850,1.355,1.315,1.3552842599740664,0.04071490604309465,4.073151921783761,-1.664317600976022,0.39571428571428574
2024-04-09 18:49:57.863186,1.345,1.315,1.3454974846674181,0.02061472608191173,4.073013001910953,-1.6643826474082908,0.3992857142857143
2024-04-09 18:49:57.886427,1.345,1.315,1.3447702996352335,0.02986220523522463,4.073077158233858,-1.6643526252915284,0.3992857142857143
2024-04-09 18:49:57.910225,1.345,1.315,1.3447824887352053,0.038623175098864454,4.073137917325036,-1.664324204682748,0.3992857142857143
2024-04-09 18:49:57.934759,1.345,1.315,1.34483725379634,0.04517834862904514,4.073183380734365,-1.6643029448003617,0.3985714285714286
2024-04-09 18:49:57.959923,1.34,1.315,1.3401892467085021,0.0375259273692116,4.073130514404496,-1.664327661810121,0.4
2024-04-09 18:49:57.983107,1.33,1.315,1.3304719673476155,0.018454143987866153,4.0729986746112115,-1.664389294508736,0.4035714285714286
2024-04-09 18:49:58.006478,1.33,1.315,1.3297554062229726,0.028301676297770022,4.073066995275774,-1.6643573580682827,0.4035714285714286
2024-04-09 18:49:58.030513,1.315,1.315,1.3156965581426967,0.00015657995866638283,4.072872446849188,-1.6644482965772545,0.40785714285714286
2024-04-09 18:49:58.053746,1.315,1.315,1.3146564407970553,0.013988735539701497,4.072968393421696,-1.6644034481878287,0.4085714285714286
2024-04-09 18:49:58.077494,1.315,1.315,1.3146776063257082,0.026974743462608402,4.073058419319049,-1.6643613667494188,0.40785714285714286
2024-04-09 18:49:58.102364,1.305,1.315,1.3053753789689808,0.011796381691215553,4.072953609802726,-1.6644103599397295,0.4107142857142857
2024-04-09 18:49:58.125894,1.3,1.315,1.3000166085699896,0.011094029923040363,4.07294897308658,-1.6644125274535868,0.41285714285714287
2024-04-09 18:49:58.149114,1.295,1.315,1.2949901636059336,0.011458974930812934,4.072951718830204,-1.6644112438497995,0.4142857142857143
2024-04-09 18:49:58.173210,1.295,1.315,1.294682580607273,0.02424267355330672,4.073040312378821,-1.6643698252786818,0.4142857142857143
2024-04-09 18:49:58.197065,1.3,1.315,1.2994342330035777,0.04706104052186433,4.073198200680653,-1.6642960065256327,0.41214285714285714
2024-04-09 18:49:58.220461,1.29,1.315,1.2904842149897635,0.02750074789687521,4.073063088764124,-1.664359180092465,0.4157142857142857
2024-04-09 18:49:58.244455,1.295,1.315,1.29450373310626,0.04751506709342576,4.073201545271012,-1.664294438851522,0.4142857142857143
2024-04-09 18:49:58.268198,1.285,1.315,1.2854912983102196,0.027669093297792366,4.073064493177604,-1.6643585273194277,0.41714285714285715
2024-04-09 18:49:58.292148,1.295,1.315,1.2941970045705329,0.060067521906540855,4.073288466145736,-1.6642537862828857,0.4135714285714286
2024-04-09 18:49:58.316020,1.295,1.315,1.2949333746410148,0.06275503391536878,4.073307046931937,-1.6642450964236692,0.4135714285714286
2024-04-09 18:49:58.339459,1.29,1.315,1.290303537248637,0.050499067647454925,4.073222406392173,-1.6642846836177312,0.415
2024-04-09 18:49:58.362851,1.29,1.315,1.289942589888971,0.052808729126991596,4.073238412903168,-1.6642771967390977,0.415
2024-04-09 18:49:58.387728,1.295,1.315,1.2946263774577382,0.06788668355729244,4.073342568641327,-1.664228475843412,0.4135714285714286
2024-04-09 18:49:58.411115,1.295,1.315,1.2950080487072495,0.06756401347340568,4.0733403251825155,-1.6642295253331578,0.4135714285714286
2024-04-09 18:49:58.434843,1.295,1.315,1.2950295858121985,0.06637159939562605,4.073332079676377,-1.6642333828294447,0.4135714285714286
2024-04-09 18:49:58.458480,1.295,1.315,1.2950235618159494,0.06542167811139385,4.073325513924579,-1.6642364546850619,0.4135714285714286
2024-04-09 18:49:58.482519,1.3,1.315,1.2997091307899284,0.07716613559297719,4.073406556897736,-1.664198535423497,0.41214285714285714
2024-04-09 18:49:58.506810,1.3,1.315,1.3000703600133743,0.07433329535762391,4.073386955570587,-1.664207707299367,0.41214285714285714
2024-04-09 18:49:58.530054,1.305,1.315,1.304766957961826,0.08374839730376844,4.073451869190201,-1.6641773308707541,0.4107142857142857
2024-04-09 18:49:58.553436,1.305,1.315,1.3051145059450846,0.07913716774056766,4.07341997793376,-1.6641922554024895,0.4107142857142857
2024-04-09 18:49:58.578087,1.305,1.315,1.3051074995339893,0.07480602309876656,4.073390042037776,-1.6642062657704981,0.4107142857142857
2024-04-09 18:49:58.601346,1.325,1.315,1.3238475518713042,0.12134177744998118,4.073710926878843,-1.6640560779630056,0.4042857142857143
2024-04-09 18:49:58.624880,1.315,1.315,1.3159060131748979,0.08479670880559911,4.073458692365097,-1.6641741421488936,0.40714285714285714
2024-04-09 18:49:58.650328,1.325,1.315,1.3245747745258556,0.10197735569361475,4.073577059601572,-1.6641187340365144,0.4042857142857143
2024-04-09 18:49:58.676065,1.325,1.315,1.3252150460951448,0.09331787068007091,4.073517206579681,-1.6641467532604608,0.4042857142857143
2024-04-09 18:49:58.699546,1.33,1.315,1.3298929214046986,0.09765868993217276,4.073547005431155,-1.6641328025055193,0.40285714285714286
2024-04-09 18:49:58.722922,1.33,1.315,1.330208031099808,0.08927980003407376,4.073489120234042,-1.6641599040383914,0.40285714285714286
2024-04-09 18:49:58.748045,1.34,1.315,1.3395593897411817,0.10708424466610059,4.07361170494283,-1.6641025068283373,0.4
2024-04-09 18:49:58.773370,1.34,1.315,1.3402455830976072,0.09719489896926131,4.073543388906001,-1.6641344961684126,0.4
2024-04-09 18:49:58.796917,1.345,1.315,1.344918706553132,0.10049695360983137,4.07356600003657,-1.6641239077031125,0.3985714285714286
2024-04-09 18:49:58.820427,1.34,1.315,1.3405353225796435,0.07890560121635004,4.073417123964108,-1.6641936287267725,0.4
2024-04-09 18:49:58.845797,1.34,1.315,1.3401320111290644,0.07358457923181085,4.0733804158105045,-1.6642108208491189,0.4
2024-04-09 18:49:58.870003,1.345,1.315,1.3447661416862537,0.0830320238327167,4.073445435892849,-1.6641803669743354,0.3985714285714286
2024-04-09 18:49:58.893238,1.34,1.315,1.340418242305839,0.06615713736143078,4.0733291664956965,-1.6642348283417976,0.4
2024-04-09 18:49:58.918321,1.34,1.315,1.3400461964073076,0.0642931044261626,4.0733163258023675,-1.6642408433976221,0.4
2024-04-09 18:49:58.945147,1.34,1.315,1.340011770958189,0.06381784453039292,4.073313054392544,-1.6642423759460176,0.4
2024-04-09 18:49:58.973882,1.345,1.315,1.3446985152950661,0.07598972962721376,4.073396832652764,-1.6642031260395447,0.3985714285714286
2024-04-09 18:49:59.001639,1.34,1.315,1.340370656149221,0.061031849542571986,4.073293846168652,-1.6642513780656358,0.4
2024-04-09 18:49:59.025731,1.34,1.315,1.3400116643428004,0.060558922606462846,4.073290605666467,-1.664252896428812,0.4
2024-04-09 18:49:59.049124,1.33,1.315,1.3306030273064346,0.03620995222209922,4.0731230989997655,-1.664331388077417,0.4035714285714286
2024-04-09 18:49:59.073302,1.33,1.315,1.329872953977406,0.041322355774638136,4.0731583847469075,-1.664314852526415,0.4035714285714286
2024-04-09 18:49:59.097225,1.345,1.315,1.3439348602224968,0.08431254325371224,4.073454177838575,-1.6641762295026161,0.3985714285714286
2024-04-09 18:49:59.121690,1.34,1.315,1.340374896489069,0.0691885156124138,4.073350081362656,-1.664225017314958,0.4
2024-04-09 18:49:59.145402,1.345,1.315,1.3447540101984046,0.07912307143204962,4.073418375754052,-1.664193007119826,0.3985714285714286
2024-04-09 18:49:59.169530,1.34,1.315,1.3403933949800246,0.06324905187252508,4.073309171366922,-1.6642441954923377,0.4
2024-04-09 18:49:59.193099,1.33,1.315,1.3306431430866414,0.03728211165794644,4.073130661484054,-1.6643278754483033,0.40285714285714286
2024-04-09 18:49:59.216893,1.34,1.315,1.3392656294351983,0.06691531642887452,4.0733344657920005,-1.6642323320974972,0.4
2024-04-09 18:49:59.240551,1.34,1.315,1.3399798229272788,0.06773152124367374,4.07334006465382,-1.664229707185323,0.4
2024-04-09 18:49:59.264848,1.34,1.315,1.3400288784796304,0.06656764699383813,4.073332052312193,-1.6642334638496774,0.4
2024-04-09 18:49:59.288962,1.34,1.315,1.3400247266890197,0.06557069447391192,4.073325192776898,-1.6642366802161568,0.4
2024-04-09 18:49:59.312443,1.34,1.315,1.340018324277176,0.0648316313172078,4.0733201100212995,-1.664239063621698,0.4
2024-04-09 18:49:59.336369,1.34,1.315,1.3400133730957746,0.06429202131095256,4.073316401096493,-1.664240802922189,0.4
2024-04-09 18:49:59.360802,1.345,1.315,1.3447015372220164,0.0763421422592173,4.0733991667218845,-1.6642019874874971,0.3985714285714286
2024-04-09 18:49:59.384206,1.34,1.315,1.34037301548841,0.061289278074596595,4.073295740540303,-1.664250495423412,0.4
2024-04-09 18:49:59.408902,1.345,1.315,1.3447051930574025,0.07318997884363246,4.073377471234284,-1.664212160435559,0.3985714285714286
2024-04-09 18:49:59.433000,1.345,1.315,1.3450456030103313,0.0710631996855168,4.073364830133405,-1.6642180900010286,0.3985714285714286
2024-04-09 18:49:59.456484,1.345,1.315,1.3450534742831752,0.06861849847092359,4.073413988357782,-1.664251180072487,0.3985714285714286
2024-04-09 18:49:59.481055,1.345,1.315,1.3450388814292893,0.06705293489699385,4.073487540603455,-1.6642906852730455,0.3985714285714286
2024-04-09 18:49:59.504786,1.345,1.315,1.3450283217807135,0.06591220246566808,4.073527520774639,-1.6643139062519288,0.3985714285714286
2024-04-09 18:49:59.528148,1.345,1.345,1.345020633401227,0.06508084990781761,4.073547354091109,-1.6643270263395582,0.4085714285714286
2024-04-09 18:49:59.550755,1.345,1.345,1.3450150315336606,0.064474980675741,4.073556741391295,-1.6643345163217678,0.4085714285714286
2024-04-09 18:49:59.574186,1.345,1.345,1.345010949586968,0.06403345205239713,4.073560885117853,-1.664338871351558,0.4085714285714286
2024-04-09 18:49:59.597708,1.345,1.345,1.3450079751411455,0.0637116951519761,4.073562472798484,-1.6643414587951828,0.4085714285714286
2024-04-09 18:49:59.620474,1.345,1.345,1.3450058077104405,0.06347722439058577,4.073562869979543,-1.6643430328295719,0.4085714285714286
2024-04-09 18:49:59.643857,1.345,1.345,1.3450042283389372,0.06330636319875063,4.073562756519674,-1.6643440142320418,0.4085714285714286
2024-04-09 18:49:59.667163,1.345,1.345,1.345003077477161,0.06318185625012597,4.073562460437558,-1.6643446412254015,0.4085714285714286
2024-04-09 18:49:59.689983,1.355,1.355,1.354385830695292,0.08797665298979469,4.073652591130155,-1.664232208244626,0.4085714285714286
2024-04-09 18:49:59.713817,1.345,1.345,1.3457334740574722,0.05837913952999316,4.073517946218681,-1.6643554323280334,0.4085714285714286
2024-04-09 18:49:59.737469,1.355,1.355,1.3544012438385382,0.08254935874076617,4.0736439188951366,-1.6642614147631656,0.4085714285714286
2024-04-09 18:49:59.760208,1.355,1.355,1.3550845523888575,0.079147028122433,4.073624478371233,-1.6642740146982056,0.4085714285714286
2024-04-09 18:49:59.783648,1.355,1.355,1.355105695368719,0.0748890137175258,4.073598673358148,-1.664289148831514,0.4085714285714286
2024-04-09 18:49:59.806838,1.37,1.37,1.3691561339312932,0.10896548152732176,4.073813435834363,-1.6641719070317276,0.4085714285714286
2024-04-09 18:49:59.829719,1.36,1.36,1.3608487159912386,0.07472698988338404,4.073591045081698,-1.6642871913211188,0.4085714285714286
2024-04-09 18:49:59.853340,1.37,1.37,1.3695091400937642,0.09455135637607598,4.0737223556308,-1.6642216258209552,0.4085714285714286
2024-04-09 18:49:59.876591,1.37,1.37,1.3701651992343893,0.08790014933037527,4.073677505118985,-1.664243419452002,0.4085714285714286
2024-04-09 18:49:59.899619,1.37,1.37,1.3701646325818593,0.08126780253271723,4.0736323324400905,-1.6642649401533867,0.4085714285714286
2024-04-09 18:49:59.926228,1.385,1.385,1.3841990945337208,0.11361383246329326,4.073853767797405,-1.6641609501100476,0.4085714285714286
2024-04-09 18:49:59.950693,1.37,1.37,1.3711882260745194,0.06567062063350029,4.073523442709777,-1.6643144668600771,0.4085714285714286
2024-04-09 18:49:59.973436,1.385,1.385,1.384166028638587,0.09934226033836854,4.073756198878918,-1.6642071110731567,0.4085714285714286
2024-04-09 18:49:59.996185,1.375,1.375,1.3757899952608574,0.06746850941519168,4.073535093907327,-1.6643085339561337,0.4085714285714286
2024-04-09 18:50:00.020594,1.385,1.385,1.3844607701037046,0.08924139905264676,4.073686318223517,-1.664239441610629,0.4085714285714286
2024-04-09 18:50:00.043339,1.385,1.385,1.3851294800912999,0.08402904121377999,4.073649954349701,-1.6642560080186857,0.4085714285714286
2024-04-09 18:50:00.065998,1.385,1.385,1.3851385643102179,0.07844677769959146,4.073611000231139,-1.664273717689094,0.4085714285714286
2024-04-09 18:50:00.090693,1.385,1.385,1.3851047080580114,0.07422805621845434,4.0735815436234954,-1.6642870895843198,0.4085714285714286
2024-04-09 18:50:00.113783,1.385,1.385,1.385076611536122,0.07114115638242359,4.073559981090252,-1.6642968675477183,0.4085714285714286
2024-04-09 18:50:00.136633,1.39,1.39,1.3897476436402847,0.08133405872519595,4.073631029080059,-1.6642646736327298,0.4085714285714286
2024-04-09 18:50:00.161139,1.39,1.39,1.3900984122398523,0.07737124812317522,4.073603317144438,-1.6642772241200385,0.4085714285714286
2024-04-09 18:50:00.183916,1.39,1.39,1.3900956020945887,0.0735195071256571,4.073576393881095,-1.664289413028765,0.4085714285714286
2024-04-09 18:50:00.206848,1.39,1.39,1.3900716818187593,0.07063119818248435,4.073556206292899,-1.6642985503140322,0.4085714285714286
2024-04-09 18:50:00.231009,1.385,1.39,1.385360604595366,0.0560762723983345,4.073454651167465,-1.664344509070255,0.4085714285714286
2024-04-09 18:50:00.253488,1.405,1.405,1.4037476564611324,0.10663325941631785,4.0738073261953325,-1.6641849202263899,0.4085714285714286
2024-04-09 18:50:00.276206,1.39,1.39,1.3911173622434714,0.061546878721791265,4.073492685213286,-1.66432729226651,0.4085714285714286
2024-04-09 18:50:00.300621,1.4,1.4,1.3994444403880106,0.08397539807946695,4.073649113157999,-1.6642565107152987,0.4085714285714286
2024-04-09 18:50:00.323544,1.39,1.39,1.390712416163801,0.05522456837652818,4.073448539348114,-1.6643472691505579,0.4085714285714286
2024-04-09 18:50:00.346259,1.39,1.39,1.3899969093817395,0.05534408987088475,4.073449409386776,-1.6643468754498683,0.4085714285714286
2024-04-09 18:50:00.370362,1.4,1.4,1.3993371326300932,0.08210127025929814,4.073635991328384,-1.6642624413716933,0.4085714285714286
2024-04-09 18:50:00.392925,1.4,1.4,1.4000778380214982,0.07896955087728116,4.0736140843538,-1.6642723555160293,0.4085714285714286
2024-04-09 18:50:00.415313,1.39,1.39,1.3907205970666743,0.04988544117797861,4.07341130244131,-1.6643641316449838,0.4085714285714286
2024-04-09 18:50:00.438933,1.4,1.4,1.3993480871916562,0.07619704414597683,4.07359473280989,-1.6642811080300077,0.4085714285714286
2024-04-09 18:50:00.461427,1.39,1.39,1.3906585213436573,0.049617502809537584,4.073409466783676,-1.6643649685710353,0.4085714285714286
2024-04-09 18:50:00.484340,1.39,1.39,1.3899590181200099,0.0512634637742245,4.0734209949822535,-1.6643597499476959,0.4085714285714286
2024-04-09 18:50:00.507360,1.4,1.4,1.3993096385564714,0.07912819029106108,4.073615168206609,-1.6642718441913402,0.4085714285714286
2024-04-09 18:50:00.529871,1.39,1.39,1.390674222785688,0.05191650669776944,4.073425559093822,-1.6643576904268338,0.4085714285714286
2024-04-09 18:50:00.552341,1.4,1.4,1.3993577505642834,0.07783915927563087,4.073606152666755,-1.6642759195123205,0.4085714285714286
2024-04-09 18:50:00.574744,1.39,1.39,1.3906692412853303,0.050827833957936275,4.073417994124844,-1.664361122600179,0.4085714285714286
2024-04-09 18:50:00.597218,1.39,1.39,1.3899671409404317,0.0521465789345315,4.0734272312945645,-1.6643569394315147,0.4085714285714286
2024-04-09 18:50:00.620620,1.39,1.39,1.38993199324877,0.054885155459210785,4.07344634647314,-1.664348282180112,0.4085714285714286
2024-04-09 18:50:00.643036,1.39,1.39,1.3899467108123893,0.057031178276674234,4.073461322891078,-1.6643414988187777,0.35714285714285715
2024-04-09 18:50:00.665526,1.4,1.4,1.3993444392743384,0.06254412590818276,4.0736455375986385,-1.664258054512157,0.35714285714285715
2024-04-09 18:50:00.688613,1.47,1.47,1.4656546598181046,0.21509788988577733,3.7005402073459273,-1.5107815906891482,0.35714285714285715
2024-04-09 18:50:00.711848,1.47,1.47,1.4707002115953707,0.16805626174202942,3.8093904730874075,-1.5554188059447795,0.35714285714285715
2024-04-09 18:50:00.734880,1.47,1.47,1.4707060433300518,0.11984124332886203,3.954173776493201,-1.6147348441069969,0.35714285714285715
2024-04-09 18:50:00.757390,1.39,1.39,1.3952253473934564,-0.1158097662030397,5.20029538971234,-2.1250271824236853,0.35714285714285715
2024-04-09 18:50:00.779872,1.39,1.39,1.3891360358425011,-0.10657402722344636,4.976099623107877,-2.0332413628773525,0.35714285714285715
2024-04-09 18:50:00.802627,1.39,1.39,1.388850079229946,-0.08383949427397083,4.664056363633388,-1.9055110707372078,0.35714285714285715
2024-04-09 18:50:00.825045,1.39,1.39,1.3890000041518036,-0.06552873860864152,4.387384313406942,-1.7922714218405602,0.35714285714285715
2024-04-09 18:50:00.847734,1.385,1.385,1.384443489444468,-0.06443867887743882,4.2329869066268,-1.729082405173065,0.35714285714285715
2024-04-09 18:50:00.870524,1.39,1.39,1.388894185262375,-0.039118851631816824,3.92872957178923,-1.6045677954981097,0.35714285714285715
2024-04-09 18:50:00.893142,1.385,1.385,1.3846373894591062,-0.04381880440259216,3.8305131995847224,-1.5643751007041988,0.35714285714285715
2024-04-09 18:50:00.915601,1.375,1.375,1.3749611325903386,-0.06179632392751401,3.8202000600574952,-1.5601548082674508,0.35714285714285715
2024-04-09 18:50:00.938096,1.375,1.375,1.3742768044751212,-0.0505739653818239,3.632810925961056,-1.4834738293132794,0.35714285714285715
2024-04-09 18:50:00.960678,1.37,1.37,1.3696186411485702,-0.05294666687733701,3.5365073665394324,-1.4440662746712538,0.35714285714285715
2024-04-09 18:50:00.983543,1.36,1.36,1.3599325386071612,-0.06818086138531379,3.5199238228393113,-1.437280333514412,0.35714285714285715
2024-04-09 18:50:01.007617,1.36,1.36,1.3592631975166183,-0.0549011178934439,3.3437148189659234,-1.3651766073491185,0.35714285714285715
2024-04-09 18:50:01.030313,1.355,1.355,1.3546178529508874,-0.05578747500373912,3.254820269940014,-1.3288016455128362,0.35714285714285715
2024-04-09 18:50:01.053203,1.355,1.355,1.3543420828175008,-0.044545176635954795,3.105948129173956,-1.2678845264832512,0.35714285714285715
2024-04-09 18:50:01.075597,1.345,1.345,1.3450060646718356,-0.06066358429044195,3.1072833604554515,-1.2684308897058232,0.35714285714285715
2024-04-09 18:50:01.098596,1.345,1.345,1.3443488584711447,-0.049007369881935575,2.9677449871069257,-1.2113332635089555,0.35714285714285715
2024-04-09 18:50:01.121065,1.345,1.345,1.3443919029571194,-0.0384748085821868,2.8408465919299966,-1.159407813610262,0.35714285714285715
2024-04-09 18:50:01.143550,1.345,1.345,1.3444691790894834,-0.030570221703874637,2.7329239104944856,-1.1152470232046858,0.35714285714285715
2024-04-09 18:50:01.166387,1.33,1.33,1.3304331435848984,-0.06273743027029573,2.8187671025933794,-1.1503731382114062,0.35714285714285715
2024-04-09 18:50:01.188914,1.345,1.345,1.3434845928281902,-0.013333441623602088,2.525849647054099,-1.0305143729361164,0.35714285714285715
2024-04-09 18:50:01.212682,1.33,1.33,1.3304974373725085,-0.04708754379036506,2.6196769847092427,-1.0689075748160173,0.35714285714285715
2024-04-09 18:50:01.235891,1.325,1.325,1.324804445516715,-0.052205664905014285,2.5836635611344447,-1.0541712283324667,0.35714285714285715
2024-04-09 18:50:01.258470,1.33,1.33,1.3291323078288066,-0.028942864501082063,2.427566754665894,-0.9902978369549944,0.35714285714285715
2024-04-09 18:50:01.281342,1.325,1.325,1.3248492499398874,-0.034954466606234656,2.401061144175947,-0.9794519676804049,0.35714285714285715
2024-04-09 18:50:01.304380,1.305,1.305,1.305763693221918,-0.07913330068249808,2.5323612145210257,-1.0331789135125296,0.35714285714285715
2024-04-09 18:50:01.326903,1.3,1.3,1.2996348268719715,-0.07672789992941131,2.470940153463469,-1.0080458639980137,0.35714285714285715
2024-04-09 18:50:01.350293,1.3,1.3,1.2992847833533643,-0.05937808240207944,2.353199007523852,-0.9598669684640122,0.35714285714285715
2024-04-09 18:50:01.372821,1.295,1.295,1.294681243386886,-0.05800350007790518,2.301816589402472,-0.9388415882797104,0.35714285714285715
2024-04-09 18:50:01.395143,1.29,1.29,1.2897181845096957,-0.05791365244008411,2.2573155207976865,-0.9206319834825729,0.35714285714285715
2024-04-09 18:50:01.418041,1.29,1.29,1.289422667179347,-0.04527092857701294,2.167972462989783,-0.8840732049230697,0.35714285714285715
2024-04-09 18:50:01.440530,1.28,1.28,1.2800943181753657,-0.060183122796768136,2.1822821819644136,-0.8899286886085551,0.35714285714285715
2024-04-09 18:50:01.463347,1.28,1.28,1.2794382793510195,-0.047832589528594066,2.098698193054537,-0.8557263668093266,0.35714285714285715
2024-04-09 18:50:01.485729,1.275,1.275,1.274783630243938,-0.04944212337475909,2.067109908822345,-0.8428005089310858,0.35714285714285715
2024-04-09 18:50:01.508150,1.27,1.27,1.2697976797539319,-0.051477381133630304,2.038119815759848,-0.8309378017418787,0.35714285714285715
2024-04-09 18:50:01.531979,1.265,1.265,1.2647888500507463,-0.05299945323737432,2.008414749647833,-0.8187825039259666,0.35714285714285715
2024-04-09 18:50:01.554379,1.265,1.265,1.2644788294562153,-0.041485451666571124,1.9364048966995278,-0.7893160482030775,0.35714285714285715
2024-04-09 18:50:01.577459,1.25,1.25,1.2504456301954905,-0.06977280768337106,1.9968968264785096,-0.814069418009068,0.35714285714285715
2024-04-09 18:50:01.600881,1.25,1.25,1.2494177151622536,-0.05568461911018119,1.9192180159199335,-0.7822830880114438,0.35714285714285715
2024-04-09 18:50:01.623354,1.245,1.245,1.2447511814961905,-0.055043375781583054,1.8865875721333498,-0.7689306137952887,0.35714285714285715
2024-04-09 18:50:01.646007,1.235,1.235,1.2350816258686081,-0.06794413432585399,1.8971136359597922,-0.773237919832766,0.35714285714285715
2024-04-09 18:50:01.668812,1.23,1.23,1.229719013026425,-0.06586416531069536,1.8614732168886783,-0.7586536895845483,0.35714285714285715
2024-04-09 18:50:01.691283,1.22,1.22,1.2200163925486374,-0.07592766692281862,1.863518899134456,-0.7594907944802128,0.35714285714285715
2024-04-09 18:50:01.714141,1.225,1.225,1.2240624517824965,-0.04648727770101943,1.7483770202874112,-0.7123739681717195,0.35714285714285715
2024-04-09 18:50:01.736805,1.215,1.215,1.2151048203664117,-0.05962262873739129,1.76104894988513,-0.7175594187237772,0.35714285714285715
2024-04-09 18:50:01.759437,1.215,1.215,1.2144797526980136,-0.04695269556520443,1.699123341775233,-0.6922189251255249,0.35714285714285715
2024-04-09 18:50:01.782878,1.205,1.205,1.2051320220172774,-0.060953317837890215,1.7145998479996332,-0.6985520605828972,0.35714285714285715
2024-04-09 18:50:01.805447,1.205,1.205,1.2044774478262776,-0.04796359717891563,1.6542575278989948,-0.673859340617048,0.35714285714285715
2024-04-09 18:50:01.828414,1.2,1.2,1.1998260929476467,-0.04908006197704853,1.6344708886727022,-0.6657624167694282,0.35714285714285715
2024-04-09 18:50:01.851881,1.195,1.195,1.194842324951353,-0.05076692917584052,1.616791216861629,-0.6585276701251244,0.35714285714285715
2024-04-09 18:50:01.874527,1.19,1.19,1.1898346843209677,-0.052048501511315806,1.5985197741341615,-0.6510507439284164,0.35714285714285715
2024-04-09 18:50:01.897900,1.185,1.185,1.184828110304007,-0.05296589494725877,1.5797894709053686,-0.6433860255555689,0.35714285714285715
2024-04-09 18:50:01.920878,1.185,1.185,1.184519694742299,-0.04105745291535267,1.5281793835198878,-0.6222663547217268,0.35714285714285715
2024-04-09 18:50:01.943395,1.175,1.175,1.175186591006758,-0.056405758378949025,1.5479542697460391,-0.6303585753916136,0.35714285714285715
2024-04-09 18:50:01.967098,1.17,1.17,1.169827670225907,-0.05704882431000755,1.5299377418211149,-0.6229858847377332,0.35714285714285715
2024-04-09 18:50:01.989585,1.16,1.16,1.1601079049209209,-0.0691565116976122,1.5410683475983484,-0.6275407435460439,0.35714285714285715
2024-04-09 18:50:02.012171,1.16,1.16,1.1594414628265652,-0.053846856113600836,1.484212704393944,-0.6042742510766681,0.35714285714285715
2024-04-09 18:50:02.035684,1.16,1.16,1.1594993589592018,-0.040634081035551446,1.4339128136744532,-0.5836904480098829,0.35714285714285715
2024-04-09 18:50:02.058060,1.15,1.15,1.1501969680055644,-0.055907089608533446,1.4534484963886616,-0.5916848949277883,0.35714285714285715
2024-04-09 18:50:02.080700,1.145,1.145,1.1448400933878273,-0.05658039327978656,1.4377895337284536,-0.5852768715408911,0.35714285714285715
2024-04-09 18:50:02.103964,1.135,1.135,1.1351202827298104,-0.06871133499162116,1.4494209621919811,-0.5900367453505793,0.35714285714285715
2024-04-09 18:50:02.126557,1.135,1.135,1.134453114206438,-0.053436994764236065,1.3971900688191052,-0.5686624827356334,0.35714285714285715
2024-04-09 18:50:02.149671,1.125,1.125,1.12511971769287,-0.06533056074857423,1.4084842913891096,-0.5732843912678461,0.35714285714285715
2024-04-09 18:50:02.172885,1.115,1.115,1.1150868125667632,-0.07592782070343698,1.4165754803292936,-0.5765955399389345,0.35714285714285715
2024-04-09 18:50:02.195341,1.11,1.11,1.1097147049385412,-0.07126013596361984,1.390301930996709,-0.5658436097827761,0.35714285714285715
2024-04-09 18:50:02.218638,1.095,1.095,1.0953325156774727,-0.09186509290935267,1.4205636000255741,-0.5782276379582316,0.35714285714285715
2024-04-09 18:50:02.241098,1.09,1.09,1.0896320638540018,-0.08382624471760634,1.387468055108157,-0.5646838554043596,0.35714285714285715
2024-04-09 18:50:02.263598,1.085,1.085,1.0846414425043167,-0.07600407258997374,1.3555871311722554,-0.5516370935948427,0.35714285714285715
2024-04-09 18:50:02.287125,1.08,1.08,1.0796926774233826,-0.07012470076203735,1.3285725082313744,-0.5405817521836669,0.35714285714285715
2024-04-09 18:50:02.310253,1.07,1.07,1.070039131658824,-0.07834158939686117,1.3319736215069589,-0.5419736128939479,0.35714285714285715
2024-04-09 18:50:02.334774,1.06,1.06,1.0600098265321718,-0.08537210005535911,1.3328181927714262,-0.5423192436859402,0.35714285714285715
2024-04-09 18:50:02.360256,1.045,1.045,1.0452701044905335,-0.10309582574650421,1.3557778068868567,-0.5517152256088351,0.35714285714285715
2024-04-09 18:50:02.383816,1.04,1.04,1.039565568294468,-0.09200956020049539,1.3192516939505412,-0.5367672450561269,0.35714285714285715
2024-04-09 18:50:02.406409,1.03,1.03,1.0298987291288617,-0.09441297311381841,1.3108286915385645,-0.5333201958235314,0.35714285714285715
2024-04-09 18:50:02.429180,1.015,1.015,1.0152103182233934,-0.10956152055211589,1.3281352172350602,-0.540402783566509,0.35714285714285715
2024-04-09 18:50:02.451725,1.01,1.01,1.00952491712093,-0.09667400388587066,1.289453826113062,-0.5245726097577151,0.35714285714285715
2024-04-09 18:50:02.474266,1.0,1.0,0.9998705539986197,-0.09776872811895405,1.2790241903298671,-0.5203043161679891,0.35714285714285715
2024-04-09 18:50:02.496981,0.98,0.98,0.9804964229692815,-0.12448196101220287,1.3186088806919918,-0.5365042765645869,0.35714285714285715
2024-04-09 18:50:02.519514,0.955,0.955,0.9556731257518043,-0.158644292216437,1.37173554975114,-0.558246345234373,0.35714285714285715
2024-04-09 18:50:02.542181,0.945,0.945,0.9445544606730101,-0.1472100099121251,1.336926785767912,-0.5440008199069333,0.35714285714285715
2024-04-09 18:50:02.564992,0.91,0.91,0.9110858841998024,-0.1983790437659081,1.4209146461528377,-0.5783730722728155,0.35714285714285715
2024-04-09 18:50:02.587627,0.895,0.895,0.8946376292642867,-0.19061644279394155,1.3931648399164178,-0.5670163487658467,0.35714285714285715
2024-04-09 18:50:02.610666,0.88,0.88,0.8795991707574056,-0.18113570862564166,1.3627712079173735,-0.554577581624901,0.35714285714285715
2024-04-09 18:50:02.633151,0.87,0.87,0.8693521452309628,-0.16137764465756527,1.3141238868582925,-0.534668312296099,0.35714285714285715
