Date_Time,Altitude
2024-04-24 14:06:28.690133,0.635
2024-04-24 14:06:28.699363,0.635
2024-04-24 14:06:28.708042,0.645
2024-04-24 14:06:28.714489,0.635
2024-04-24 14:06:28.718977,0.635
2024-04-24 14:06:28.723083,0.635
2024-04-24 14:06:28.730859,0.635
2024-04-24 14:06:28.734140,0.635
2024-04-24 14:06:28.736003,0.635
2024-04-24 14:06:28.737828,0.635
2024-04-24 14:06:28.738572,0.635
2024-04-24 14:06:28.739355,0.64
2024-04-24 14:06:28.740070,0.635
2024-04-24 14:06:28.740845,0.64
2024-04-24 14:06:28.741594,0.635
2024-04-24 14:06:28.746025,0.635
2024-04-24 14:06:28.747200,0.635
2024-04-24 14:06:28.748082,0.635
2024-04-24 14:06:28.748802,0.635
2024-04-24 14:06:28.749437,0.64
2024-04-24 14:06:28.750068,0.64
2024-04-24 14:06:28.751131,0.64
2024-04-24 14:06:28.751853,0.635
2024-04-24 14:06:28.752507,0.64
2024-04-24 14:06:28.753164,0.64
2024-04-24 14:06:28.753820,0.635
2024-04-24 14:06:28.754515,0.635
2024-04-24 14:06:28.755190,0.635
2024-04-24 14:06:28.755866,0.635
2024-04-24 14:06:28.758918,0.635
2024-04-24 14:06:28.764064,0.635
2024-04-24 14:06:28.767192,0.635
2024-04-24 14:06:28.771226,0.635
2024-04-24 14:06:28.775397,0.635
2024-04-24 14:06:28.779548,0.635
2024-04-24 14:06:28.783793,0.635
2024-04-24 14:06:28.787943,0.635
2024-04-24 14:06:28.792124,0.635
2024-04-24 14:06:28.799927,0.64
2024-04-24 14:06:28.800856,0.635
2024-04-24 14:06:28.805151,0.635
2024-04-24 14:06:28.808774,0.635
2024-04-24 14:06:28.813304,0.635
2024-04-24 14:06:28.817112,0.635
2024-04-24 14:06:28.821373,0.64
2024-04-24 14:06:28.825511,0.635
2024-04-24 14:06:28.830104,0.635
2024-04-24 14:06:28.834635,0.64
2024-04-24 14:06:28.837992,0.635
2024-04-24 14:06:28.842836,0.635
2024-04-24 14:06:28.846353,0.635
2024-04-24 14:06:28.850564,0.64
2024-04-24 14:06:28.855012,0.635
2024-04-24 14:06:28.858894,0.635
2024-04-24 14:06:28.862994,0.635
2024-04-24 14:06:28.871337,0.64
2024-04-24 14:06:28.872522,0.64
2024-04-24 14:06:28.875644,0.635
2024-04-24 14:06:28.879742,0.635
2024-04-24 14:06:28.884064,0.635
2024-04-24 14:06:28.888082,0.64
2024-04-24 14:06:28.892282,0.635
2024-04-24 14:06:28.896470,0.635
2024-04-24 14:06:28.900644,0.635
2024-04-24 14:06:28.906688,0.64
2024-04-24 14:06:28.908982,0.635
2024-04-24 14:06:28.913219,0.64
2024-04-24 14:06:28.917350,0.635
2024-04-24 14:06:28.921525,0.635
2024-04-24 14:06:28.925706,0.64
2024-04-24 14:06:28.929859,0.635
2024-04-24 14:06:28.934035,0.635
2024-04-24 14:06:28.938534,0.635
2024-04-24 14:06:28.943926,0.64
2024-04-24 14:06:28.946579,0.635
2024-04-24 14:06:28.950736,0.64
2024-04-24 14:06:28.955239,0.635
2024-04-24 14:06:28.959371,0.64
2024-04-24 14:06:28.963272,0.64
2024-04-24 14:06:28.968386,0.635
2024-04-24 14:06:28.971688,0.635
2024-04-24 14:06:28.978180,0.635
2024-04-24 14:06:28.979955,0.635
2024-04-24 14:06:28.984162,0.635
2024-04-24 14:06:28.988282,0.635
2024-04-24 14:06:28.992578,0.64
2024-04-24 14:06:28.996744,0.635
2024-04-24 14:06:29.000885,0.64
2024-04-24 14:06:29.005090,0.635
2024-04-24 14:06:29.009630,0.635
2024-04-24 14:06:29.014533,0.64
2024-04-24 14:06:29.017570,0.635
2024-04-24 14:06:29.021753,0.635
2024-04-24 14:06:29.025957,0.635
2024-04-24 14:06:29.030093,0.635
2024-04-24 14:06:29.034319,0.635
2024-04-24 14:06:29.038489,0.635
2024-04-24 14:06:29.042660,0.635
2024-04-24 14:06:29.049369,0.635
2024-04-24 14:06:29.050988,0.635
2024-04-24 14:06:29.055281,0.64
2024-04-24 14:06:29.059372,0.635
2024-04-24 14:06:29.063489,0.635
2024-04-24 14:06:29.067808,0.635
2024-04-24 14:06:29.071893,0.635
2024-04-24 14:06:29.075990,0.635
2024-04-24 14:06:29.080232,0.64
2024-04-24 14:06:29.085015,0.635
2024-04-24 14:06:29.088533,0.635
2024-04-24 14:06:29.093202,0.635
2024-04-24 14:06:29.096928,0.64
2024-04-24 14:06:29.101064,0.635
2024-04-24 14:06:29.105215,0.645
2024-04-24 14:06:29.109457,0.64
2024-04-24 14:06:29.113634,0.635
2024-04-24 14:06:29.121147,0.635
2024-04-24 14:06:29.122305,0.635
2024-04-24 14:06:29.126518,0.64
2024-04-24 14:06:29.130312,0.635
2024-04-24 14:06:29.134617,0.635
2024-04-24 14:06:29.138659,0.635
2024-04-24 14:06:29.142890,0.645
2024-04-24 14:06:29.147024,0.635
2024-04-24 14:06:29.151222,0.635
2024-04-24 14:06:29.155992,0.635
2024-04-24 14:06:29.159635,0.635
2024-04-24 14:06:29.163756,0.635
2024-04-24 14:06:29.167944,0.64
2024-04-24 14:06:29.172116,0.635
2024-04-24 14:06:29.176316,0.635
2024-04-24 14:06:29.180496,0.64
2024-04-24 14:06:29.184636,0.64
2024-04-24 14:06:29.194152,0.64
2024-04-24 14:06:29.194959,0.635
2024-04-24 14:06:29.197331,0.635
2024-04-24 14:06:29.201361,0.635
2024-04-24 14:06:29.206270,0.635
2024-04-24 14:06:29.209712,0.635
2024-04-24 14:06:29.213861,0.64
2024-04-24 14:06:29.218380,0.635
2024-04-24 14:06:29.222266,0.635
2024-04-24 14:06:29.226814,0.635
2024-04-24 14:06:29.230562,0.635
2024-04-24 14:06:29.234741,0.635
2024-04-24 14:06:29.238870,0.635
2024-04-24 14:06:29.243185,0.635
2024-04-24 14:06:29.247527,0.635
2024-04-24 14:06:29.251450,0.64
2024-04-24 14:06:29.255599,0.635
2024-04-24 14:06:29.263176,0.635
2024-04-24 14:06:29.264243,0.635
2024-04-24 14:06:29.269260,0.64
2024-04-24 14:06:29.272364,0.64
2024-04-24 14:06:29.276729,0.635
2024-04-24 14:06:29.280732,0.64
2024-04-24 14:06:29.284851,0.635
2024-04-24 14:06:29.289034,0.635
2024-04-24 14:06:29.293267,0.635
2024-04-24 14:06:29.297829,0.635
2024-04-24 14:06:29.301568,0.64
2024-04-24 14:06:29.305808,0.635
2024-04-24 14:06:29.309905,0.635
2024-04-24 14:06:29.314019,0.645
2024-04-24 14:06:29.319502,0.635
2024-04-24 14:06:29.322478,0.635
2024-04-24 14:06:29.326582,0.635
2024-04-24 14:06:29.334413,0.64
2024-04-24 14:06:29.335100,0.635
2024-04-24 14:06:29.339353,0.635
2024-04-24 14:06:29.343344,0.635
2024-04-24 14:06:29.347529,0.635
2024-04-24 14:06:29.351721,0.635
2024-04-24 14:06:29.355858,0.645
2024-04-24 14:06:29.360029,0.635
2024-04-24 14:06:29.364153,0.645
2024-04-24 14:06:29.368927,0.635
2024-04-24 14:06:29.372576,0.635
2024-04-24 14:06:29.376751,0.635
2024-04-24 14:06:29.381017,0.64
2024-04-24 14:06:29.385053,0.635
2024-04-24 14:06:29.389298,0.635
2024-04-24 14:06:29.393489,0.635
2024-04-24 14:06:29.397610,0.635
2024-04-24 14:06:29.404774,0.635
2024-04-24 14:06:29.406020,0.64
2024-04-24 14:06:29.410344,0.64
2024-04-24 14:06:29.414285,0.635
2024-04-24 14:06:29.418487,0.635
2024-04-24 14:06:29.422760,0.64
2024-04-24 14:06:29.426835,0.635
2024-04-24 14:06:29.431093,0.635
2024-04-24 14:06:29.435212,0.635
2024-04-24 14:06:29.440077,0.635
2024-04-24 14:06:29.443618,0.635
2024-04-24 14:06:29.447709,0.635
2024-04-24 14:06:29.451909,0.635
2024-04-24 14:06:29.456057,0.635
2024-04-24 14:06:29.460394,0.635
2024-04-24 14:06:29.464357,0.635
2024-04-24 14:06:29.468631,0.635
2024-04-24 14:06:29.475583,0.635
2024-04-24 14:06:29.476946,0.635
2024-04-24 14:06:29.481226,0.64
2024-04-24 14:06:29.485631,0.635
2024-04-24 14:06:29.489408,0.635
2024-04-24 14:06:29.493647,0.64
2024-04-24 14:06:29.497832,0.635
2024-04-24 14:06:29.502057,0.635
2024-04-24 14:06:29.506178,0.635
2024-04-24 14:06:29.510655,0.645
2024-04-24 14:06:29.514558,0.64
2024-04-24 14:06:29.518707,0.635
2024-04-24 14:06:29.522889,0.635
2024-04-24 14:06:29.527258,0.635
2024-04-24 14:06:29.531272,0.64
2024-04-24 14:06:29.535460,0.635
2024-04-24 14:06:29.539514,0.635
2024-04-24 14:06:29.546452,0.635
2024-04-24 14:06:29.547941,0.64
2024-04-24 14:06:29.552283,0.635
2024-04-24 14:06:29.556335,0.64
2024-04-24 14:06:29.560553,0.635
2024-04-24 14:06:29.564640,0.635
2024-04-24 14:06:29.569274,0.635
2024-04-24 14:06:29.573030,0.635
2024-04-24 14:06:29.577180,0.64
2024-04-24 14:06:29.582274,0.635
2024-04-24 14:06:29.585532,0.635
2024-04-24 14:06:29.589727,0.635
2024-04-24 14:06:29.593888,0.635
2024-04-24 14:06:29.598266,0.635
2024-04-24 14:06:29.602246,0.635
2024-04-24 14:06:29.606409,0.64
2024-04-24 14:06:29.610609,0.635
2024-04-24 14:06:29.617147,0.635
2024-04-24 14:06:29.618895,0.64
2024-04-24 14:06:29.623124,0.635
2024-04-24 14:06:29.627546,0.64
2024-04-24 14:06:29.631473,0.635
2024-04-24 14:06:29.635618,0.64
2024-04-24 14:06:29.639776,0.635
2024-04-24 14:06:29.644009,0.635
2024-04-24 14:06:29.648252,0.64
2024-04-24 14:06:29.653537,0.64
2024-04-24 14:06:29.656572,0.635
2024-04-24 14:06:29.660729,0.635
2024-04-24 14:06:29.664835,0.635
2024-04-24 14:06:29.669062,0.635
2024-04-24 14:06:29.673282,0.635
2024-04-24 14:06:29.677411,0.635
2024-04-24 14:06:29.681805,0.64
2024-04-24 14:06:29.688035,0.64
2024-04-24 14:06:29.689946,0.64
2024-04-24 14:06:29.694120,0.635
2024-04-24 14:06:29.698295,0.635
2024-04-24 14:06:29.702478,0.635
2024-04-24 14:06:29.706637,0.64
2024-04-24 14:06:29.710830,0.635
2024-04-24 14:06:29.714980,0.635
2024-04-24 14:06:29.719210,0.635
2024-04-24 14:06:29.724305,0.635
2024-04-24 14:06:29.727671,0.635
2024-04-24 14:06:29.731804,0.64
2024-04-24 14:06:29.735879,0.64
2024-04-24 14:06:29.739980,0.64
2024-04-24 14:06:29.744248,0.64
2024-04-24 14:06:29.748356,0.635
2024-04-24 14:06:29.752814,0.64
2024-04-24 14:06:29.758988,0.635
2024-04-24 14:06:29.760957,0.635
2024-04-24 14:06:29.765489,0.64
2024-04-24 14:06:29.769256,0.635
2024-04-24 14:06:29.773616,0.64
2024-04-24 14:06:29.778096,0.635
2024-04-24 14:06:29.781896,0.635
2024-04-24 14:06:29.785959,0.635
2024-04-24 14:06:29.790117,0.635
2024-04-24 14:06:29.795706,0.635
2024-04-24 14:06:29.798542,0.645
2024-04-24 14:06:29.802706,0.64
2024-04-24 14:06:29.806891,0.64
2024-04-24 14:06:29.811149,0.635
2024-04-24 14:06:29.815163,0.64
2024-04-24 14:06:29.819441,0.635
2024-04-24 14:06:29.823589,0.635
2024-04-24 14:06:29.830121,0.64
2024-04-24 14:06:29.831933,0.635
2024-04-24 14:06:29.836714,0.635
2024-04-24 14:06:29.840314,0.635
2024-04-24 14:06:29.844497,0.635
2024-04-24 14:06:29.848647,0.635
2024-04-24 14:06:29.852821,0.64
2024-04-24 14:06:29.856980,0.635
2024-04-24 14:06:29.861220,0.635
2024-04-24 14:06:29.866739,0.635
2024-04-24 14:06:29.869502,0.635
2024-04-24 14:06:29.873709,0.635
2024-04-24 14:06:29.877914,0.635
2024-04-24 14:06:29.882042,0.645
2024-04-24 14:06:29.886333,0.635
2024-04-24 14:06:29.890495,0.635
2024-04-24 14:06:29.894599,0.635
2024-04-24 14:06:29.898749,0.635
2024-04-24 14:06:29.903041,0.64
2024-04-24 14:06:29.907109,0.635
2024-04-24 14:06:29.911257,0.64
2024-04-24 14:06:29.915361,0.64
2024-04-24 14:06:29.919631,0.635
2024-04-24 14:06:29.923789,0.635
2024-04-24 14:06:29.928401,0.635
2024-04-24 14:06:29.932144,0.635
2024-04-24 14:06:29.938419,0.635
2024-04-24 14:06:29.940483,0.64
2024-04-24 14:06:29.944683,0.635
2024-04-24 14:06:29.948987,0.635
2024-04-24 14:06:29.953061,0.635
2024-04-24 14:06:29.957258,0.635
2024-04-24 14:06:29.961440,0.64
2024-04-24 14:06:29.965552,0.635
2024-04-24 14:06:29.969866,0.64
2024-04-24 14:06:29.974688,0.64
2024-04-24 14:06:29.978099,0.64
2024-04-24 14:06:29.982276,0.635
2024-04-24 14:06:29.986441,0.635
2024-04-24 14:06:29.990639,0.635
2024-04-24 14:06:29.994804,0.64
2024-04-24 14:06:29.999006,0.635
2024-04-24 14:06:30.003426,0.635
2024-04-24 14:06:30.009738,0.635
2024-04-24 14:06:30.011473,0.635
2024-04-24 14:06:30.015975,0.645
2024-04-24 14:06:30.019852,0.635
2024-04-24 14:06:30.023998,0.635
2024-04-24 14:06:30.028155,0.64
2024-04-24 14:06:30.032534,0.64
2024-04-24 14:06:30.036540,0.635
2024-04-24 14:06:30.040680,0.64
2024-04-24 14:06:30.046556,0.635
2024-04-24 14:06:30.049098,0.635
2024-04-24 14:06:30.053239,0.635
2024-04-24 14:06:30.057437,0.64
2024-04-24 14:06:30.061599,0.64
2024-04-24 14:06:30.065721,0.64
2024-04-24 14:06:30.070105,0.635
2024-04-24 14:06:30.074124,0.635
2024-04-24 14:06:30.081723,0.64
2024-04-24 14:06:30.082483,0.635
2024-04-24 14:06:30.087464,0.635
2024-04-24 14:06:30.090803,0.64
2024-04-24 14:06:30.095012,0.635
2024-04-24 14:06:30.099156,0.635
2024-04-24 14:06:30.103360,0.635
2024-04-24 14:06:30.107564,0.64
2024-04-24 14:06:30.111692,0.635
2024-04-24 14:06:30.117635,0.635
2024-04-24 14:06:30.120394,0.64
2024-04-24 14:06:30.124269,0.64
2024-04-24 14:06:30.128435,0.635
2024-04-24 14:06:30.132638,0.64
2024-04-24 14:06:30.137115,0.64
2024-04-24 14:06:30.140898,0.635
2024-04-24 14:06:30.145178,0.635
2024-04-24 14:06:30.152715,0.64
2024-04-24 14:06:30.153583,0.635
2024-04-24 14:06:30.157683,0.635
2024-04-24 14:06:30.161906,0.64
2024-04-24 14:06:30.165929,0.64
2024-04-24 14:06:30.170547,0.635
2024-04-24 14:06:30.174404,0.635
2024-04-24 14:06:30.178545,0.635
2024-04-24 14:06:30.182711,0.635
2024-04-24 14:06:30.189521,0.64
2024-04-24 14:06:30.191033,0.64
2024-04-24 14:06:30.195265,0.635
2024-04-24 14:06:30.199448,0.635
2024-04-24 14:06:30.203727,0.64
2024-04-24 14:06:30.207736,0.645
2024-04-24 14:06:30.212240,0.64
2024-04-24 14:06:30.216051,0.64
2024-04-24 14:06:30.220343,0.64
2024-04-24 14:06:30.224600,0.64
2024-04-24 14:06:30.228644,0.635
2024-04-24 14:06:30.232833,0.635
2024-04-24 14:06:30.236969,0.635
2024-04-24 14:06:30.241107,0.64
2024-04-24 14:06:30.245380,0.64
2024-04-24 14:06:30.249492,0.635
2024-04-24 14:06:30.253713,0.64
2024-04-24 14:06:30.260066,0.635
2024-04-24 14:06:30.263210,0.64
2024-04-24 14:06:30.266420,0.64
2024-04-24 14:06:30.270501,0.64
2024-04-24 14:06:30.274616,0.64
2024-04-24 14:06:30.278765,0.635
2024-04-24 14:06:30.282933,0.64
2024-04-24 14:06:30.287125,0.635
2024-04-24 14:06:30.291258,0.64
2024-04-24 14:06:30.296238,0.635
2024-04-24 14:06:30.299699,0.64
2024-04-24 14:06:30.303840,0.635
2024-04-24 14:06:30.308015,0.64
2024-04-24 14:06:30.312786,0.635
2024-04-24 14:06:30.316336,0.635
2024-04-24 14:06:30.320588,0.64
2024-04-24 14:06:30.324719,0.635
2024-04-24 14:06:30.331711,0.635
2024-04-24 14:06:30.333047,0.635
2024-04-24 14:06:30.337696,0.64
2024-04-24 14:06:30.341474,0.635
2024-04-24 14:06:30.345578,0.635
2024-04-24 14:06:30.349771,0.635
2024-04-24 14:06:30.353950,0.64
2024-04-24 14:06:30.358127,0.64
2024-04-24 14:06:30.362269,0.64
2024-04-24 14:06:30.368397,0.635
2024-04-24 14:06:30.370698,0.635
2024-04-24 14:06:30.374864,0.635
2024-04-24 14:06:30.378984,0.64
2024-04-24 14:06:30.383201,0.635
2024-04-24 14:06:30.387355,0.635
2024-04-24 14:06:30.391444,0.635
2024-04-24 14:06:30.395763,0.635
2024-04-24 14:06:30.403342,0.635
2024-04-24 14:06:30.404060,0.645
2024-04-24 14:06:30.409221,0.64
2024-04-24 14:06:30.412403,0.64
2024-04-24 14:06:30.417217,0.64
2024-04-24 14:06:30.420796,0.64
2024-04-24 14:06:30.424948,0.64
2024-04-24 14:06:30.429097,0.635
2024-04-24 14:06:30.433257,0.64
2024-04-24 14:06:30.439447,0.64
2024-04-24 14:06:30.441599,0.635
2024-04-24 14:06:30.445816,0.635
2024-04-24 14:06:30.449969,0.645
2024-04-24 14:06:30.454155,0.635
2024-04-24 14:06:30.458359,0.645
2024-04-24 14:06:30.462467,0.64
2024-04-24 14:06:30.467649,0.635
2024-04-24 14:06:30.474064,0.635
2024-04-24 14:06:30.475063,0.64
2024-04-24 14:06:30.480421,0.64
2024-04-24 14:06:30.483414,0.64
2024-04-24 14:06:30.487602,0.64
2024-04-24 14:06:30.492310,0.635
2024-04-24 14:06:30.495983,0.635
2024-04-24 14:06:30.500412,0.64
2024-04-24 14:06:30.504259,0.64
2024-04-24 14:06:30.510352,0.635
2024-04-24 14:06:30.512718,0.64
2024-04-24 14:06:30.517345,0.64
2024-04-24 14:06:30.521462,0.635
2024-04-24 14:06:30.525166,0.64
2024-04-24 14:06:30.529334,0.635
2024-04-24 14:06:30.533511,0.635
2024-04-24 14:06:30.537632,0.635
2024-04-24 14:06:30.545591,0.64
2024-04-24 14:06:30.546281,0.64
2024-04-24 14:06:30.551254,0.635
2024-04-24 14:06:30.554514,0.635
2024-04-24 14:06:30.558551,0.64
2024-04-24 14:06:30.562837,0.635
2024-04-24 14:06:30.567346,0.64
2024-04-24 14:06:30.571176,0.64
2024-04-24 14:06:30.575268,0.64
2024-04-24 14:06:30.581123,0.64
2024-04-24 14:06:30.583607,0.645
2024-04-24 14:06:30.587827,0.635
2024-04-24 14:06:30.592862,0.635
2024-04-24 14:06:30.596257,0.64
2024-04-24 14:06:30.600335,0.64
2024-04-24 14:06:30.604613,0.64
2024-04-24 14:06:30.608736,0.635
2024-04-24 14:06:30.615950,0.635
2024-04-24 14:06:30.617360,0.635
2024-04-24 14:06:30.622042,0.635
2024-04-24 14:06:30.625387,0.635
2024-04-24 14:06:30.629544,0.64
2024-04-24 14:06:30.633738,0.635
2024-04-24 14:06:30.637874,0.635
2024-04-24 14:06:30.642317,0.635
2024-04-24 14:06:30.646239,0.64
2024-04-24 14:06:30.651807,0.64
2024-04-24 14:06:30.654593,0.635
2024-04-24 14:06:30.658759,0.64
2024-04-24 14:06:30.663003,0.635
2024-04-24 14:06:30.667261,0.64
2024-04-24 14:06:30.671301,0.645
2024-04-24 14:06:30.675455,0.64
2024-04-24 14:06:30.679690,0.645
2024-04-24 14:06:30.686861,0.635
2024-04-24 14:06:30.687970,0.635
2024-04-24 14:06:30.693699,0.64
2024-04-24 14:06:30.696398,0.635
2024-04-24 14:06:30.700620,0.64
2024-04-24 14:06:30.704876,0.64
2024-04-24 14:06:30.708887,0.635
2024-04-24 14:06:30.713101,0.64
2024-04-24 14:06:30.717658,0.635
2024-04-24 14:06:30.723180,0.645
2024-04-24 14:06:30.725590,0.635
2024-04-24 14:06:30.729750,0.64
2024-04-24 14:06:30.733973,0.635
2024-04-24 14:06:30.738109,0.64
2024-04-24 14:06:30.742316,0.64
2024-04-24 14:06:30.746492,0.64
2024-04-24 14:06:30.750649,0.645
2024-04-24 14:06:30.754843,0.64
2024-04-24 14:06:30.760099,0.635
2024-04-24 14:06:30.763142,0.64
2024-04-24 14:06:30.767376,0.635
2024-04-24 14:06:30.771553,0.645
2024-04-24 14:06:30.775733,0.635
2024-04-24 14:06:30.779824,0.64
2024-04-24 14:06:30.784054,0.64
2024-04-24 14:06:30.788917,0.635
2024-04-24 14:06:30.795392,0.635
2024-04-24 14:06:30.796619,0.635
2024-04-24 14:06:30.801358,0.64
2024-04-24 14:06:30.804922,0.64
2024-04-24 14:06:30.809116,0.635
2024-04-24 14:06:30.813249,0.645
2024-04-24 14:06:30.817564,0.64
2024-04-24 14:06:30.821659,0.635
2024-04-24 14:06:30.825866,0.645
2024-04-24 14:06:30.830936,0.645
2024-04-24 14:06:30.834249,0.64
2024-04-24 14:06:30.838392,0.64
2024-04-24 14:06:30.842724,0.64
2024-04-24 14:06:30.846753,0.64
2024-04-24 14:06:30.850890,0.64
2024-04-24 14:06:30.855065,0.64
2024-04-24 14:06:30.859431,0.645
2024-04-24 14:06:30.865609,0.64
2024-04-24 14:06:30.867627,0.64
2024-04-24 14:06:30.872073,0.64
2024-04-24 14:06:30.875979,0.635
2024-04-24 14:06:30.880148,0.635
2024-04-24 14:06:30.884914,0.645
2024-04-24 14:06:30.888494,0.635
2024-04-24 14:06:30.892658,0.64
2024-04-24 14:06:30.896818,0.635
2024-04-24 14:06:30.902127,0.64
2024-04-24 14:06:30.905172,0.635
2024-04-24 14:06:30.909341,0.64
2024-04-24 14:06:30.913499,0.64
2024-04-24 14:06:30.917665,0.645
2024-04-24 14:06:30.921885,0.64
2024-04-24 14:06:30.926058,0.645
2024-04-24 14:06:30.930240,0.64
2024-04-24 14:06:30.936731,0.64
2024-04-24 14:06:30.938547,0.64
2024-04-24 14:06:30.943823,0.64
2024-04-24 14:06:30.946945,0.64
2024-04-24 14:06:30.951131,0.635
2024-04-24 14:06:30.955653,0.64
2024-04-24 14:06:30.959480,0.64
2024-04-24 14:06:30.963571,0.635
2024-04-24 14:06:30.967852,0.635
2024-04-24 14:06:30.972763,0.64
2024-04-24 14:06:30.976200,0.635
2024-04-24 14:06:30.980392,0.635
2024-04-24 14:06:30.984703,0.64
2024-04-24 14:06:30.988665,0.635
2024-04-24 14:06:30.992917,0.64
2024-04-24 14:06:30.997346,0.635
2024-04-24 14:06:31.001216,0.64
2024-04-24 14:06:31.007935,0.645
2024-04-24 14:06:31.009566,0.635
2024-04-24 14:06:31.013899,0.64
2024-04-24 14:06:31.017954,0.64
2024-04-24 14:06:31.022147,0.64
2024-04-24 14:06:31.026516,0.64
2024-04-24 14:06:31.030493,0.64
2024-04-24 14:06:31.034638,0.635
2024-04-24 14:06:31.038739,0.635
2024-04-24 14:06:31.045340,0.64
2024-04-24 14:06:31.047184,0.64
2024-04-24 14:06:31.051355,0.64
2024-04-24 14:06:31.055603,0.64
2024-04-24 14:06:31.059657,0.645
2024-04-24 14:06:31.063852,0.635
2024-04-24 14:06:31.068105,0.635
2024-04-24 14:06:31.072251,0.64
2024-04-24 14:06:31.078763,0.64
2024-04-24 14:06:31.080997,0.635
2024-04-24 14:06:31.084760,0.64
2024-04-24 14:06:31.088911,0.635
2024-04-24 14:06:31.093151,0.64
2024-04-24 14:06:31.097268,0.635
2024-04-24 14:06:31.101533,0.64
2024-04-24 14:06:31.105627,0.635
2024-04-24 14:06:31.109952,0.635
2024-04-24 14:06:31.114747,0.635
2024-04-24 14:06:31.118147,0.635
2024-04-24 14:06:31.122329,0.635
2024-04-24 14:06:31.126565,0.64
2024-04-24 14:06:31.130695,0.64
2024-04-24 14:06:31.134844,0.635
2024-04-24 14:06:31.139110,0.64
2024-04-24 14:06:31.143220,0.64
2024-04-24 14:06:31.149916,0.635
2024-04-24 14:06:31.151553,0.635
2024-04-24 14:06:31.155868,0.635
2024-04-24 14:06:31.159893,0.635
2024-04-24 14:06:31.164039,0.635
2024-04-24 14:06:31.168332,0.64
2024-04-24 14:06:31.172501,0.635
2024-04-24 14:06:31.176664,0.64
2024-04-24 14:06:31.181242,0.645
2024-04-24 14:06:31.185425,0.64
2024-04-24 14:06:31.189135,0.635
2024-04-24 14:06:31.193335,0.635
2024-04-24 14:06:31.197526,0.64
2024-04-24 14:06:31.201671,0.635
2024-04-24 14:06:31.207006,0.635
2024-04-24 14:06:31.210076,0.635
2024-04-24 14:06:31.214178,0.635
2024-04-24 14:06:31.221465,0.635
2024-04-24 14:06:31.222567,0.64
2024-04-24 14:06:31.227182,0.635
2024-04-24 14:06:31.230917,0.635
2024-04-24 14:06:31.235341,0.64
2024-04-24 14:06:31.239215,0.635
2024-04-24 14:06:31.243508,0.645
2024-04-24 14:06:31.247631,0.64
2024-04-24 14:06:31.251810,0.645
2024-04-24 14:06:31.256314,0.64
2024-04-24 14:06:31.260124,0.64
2024-04-24 14:06:31.264441,0.635
2024-04-24 14:06:31.268500,0.64
2024-04-24 14:06:31.272706,0.64
2024-04-24 14:06:31.276869,0.645
2024-04-24 14:06:31.281067,0.64
2024-04-24 14:06:31.285234,0.635
2024-04-24 14:06:31.292264,0.64
2024-04-24 14:06:31.293481,0.64
2024-04-24 14:06:31.297792,0.64
2024-04-24 14:06:31.301920,0.645
2024-04-24 14:06:31.306100,0.64
2024-04-24 14:06:31.310349,0.635
2024-04-24 14:06:31.314348,0.645
2024-04-24 14:06:31.318857,0.64
2024-04-24 14:06:31.322808,0.635
2024-04-24 14:06:31.327232,0.64
2024-04-24 14:06:31.331118,0.64
2024-04-24 14:06:31.335319,0.635
2024-04-24 14:06:31.339478,0.64
2024-04-24 14:06:31.343675,0.64
2024-04-24 14:06:31.347924,0.64
2024-04-24 14:06:31.352030,0.645
2024-04-24 14:06:31.356225,0.64
2024-04-24 14:06:31.362677,0.645
2024-04-24 14:06:31.364701,0.64
2024-04-24 14:06:31.369052,0.635
2024-04-24 14:06:31.372922,0.64
2024-04-24 14:06:31.377099,0.64
2024-04-24 14:06:31.381292,0.635
2024-04-24 14:06:31.385406,0.64
2024-04-24 14:06:31.389654,0.64
2024-04-24 14:06:31.393849,0.645
2024-04-24 14:06:31.398599,0.635
2024-04-24 14:06:31.402141,0.645
2024-04-24 14:06:31.406304,0.64
2024-04-24 14:06:31.410500,0.645
2024-04-24 14:06:31.414600,0.635
2024-04-24 14:06:31.419053,0.635
2024-04-24 14:06:31.423019,0.635
2024-04-24 14:06:31.427174,0.64
2024-04-24 14:06:31.434467,0.64
2024-04-24 14:06:31.435716,0.64
2024-04-24 14:06:31.439872,0.645
2024-04-24 14:06:31.443904,0.64
2024-04-24 14:06:31.448082,0.645
2024-04-24 14:06:31.452224,0.64
2024-04-24 14:06:31.456403,0.635
2024-04-24 14:06:31.460590,0.645
2024-04-24 14:06:31.464697,0.64
2024-04-24 14:06:31.470377,0.64
2024-04-24 14:06:31.473398,0.64
2024-04-24 14:06:31.477330,0.645
2024-04-24 14:06:31.481518,0.64
2024-04-24 14:06:31.485688,0.635
2024-04-24 14:06:31.489762,0.64
2024-04-24 14:06:31.494002,0.635
2024-04-24 14:06:31.498193,0.64
2024-04-24 14:06:31.504847,0.64
2024-04-24 14:06:31.506515,0.645
2024-04-24 14:06:31.510751,0.64
2024-04-24 14:06:31.514834,0.64
2024-04-24 14:06:31.519090,0.635
2024-04-24 14:06:31.523244,0.645
2024-04-24 14:06:31.527416,0.635
2024-04-24 14:06:31.532697,0.64
2024-04-24 14:06:31.535785,0.64
2024-04-24 14:06:31.540256,0.64
2024-04-24 14:06:31.544271,0.635
2024-04-24 14:06:31.548283,0.64
2024-04-24 14:06:31.552482,0.635
2024-04-24 14:06:31.556728,0.64
2024-04-24 14:06:31.560843,0.64
2024-04-24 14:06:31.564972,0.64
2024-04-24 14:06:31.569174,0.635
2024-04-24 14:06:31.575843,0.635
2024-04-24 14:06:31.577511,0.64
2024-04-24 14:06:31.583925,0.64
2024-04-24 14:06:31.585913,0.64
2024-04-24 14:06:31.590004,0.635
2024-04-24 14:06:31.594247,0.64
2024-04-24 14:06:31.598472,0.635
2024-04-24 14:06:31.602571,0.64
2024-04-24 14:06:31.606739,0.64
2024-04-24 14:06:31.613182,0.645
2024-04-24 14:06:31.615082,0.64
2024-04-24 14:06:31.619311,0.64
2024-04-24 14:06:31.623494,0.64
2024-04-24 14:06:31.627653,0.64
2024-04-24 14:06:31.633288,0.64
2024-04-24 14:06:31.635975,0.64
2024-04-24 14:06:31.640113,0.635
2024-04-24 14:06:31.644326,0.635
2024-04-24 14:06:31.648717,0.64
2024-04-24 14:06:31.652703,0.64
2024-04-24 14:06:31.656875,0.64
2024-04-24 14:06:31.661004,0.64
2024-04-24 14:06:31.665171,0.635
2024-04-24 14:06:31.669387,0.64
2024-04-24 14:06:31.673586,0.64
2024-04-24 14:06:31.677769,0.635
2024-04-24 14:06:31.686705,0.635
2024-04-24 14:06:31.687965,0.64
2024-04-24 14:06:31.690218,0.64
2024-04-24 14:06:31.694468,0.64
2024-04-24 14:06:31.698652,0.635
2024-04-24 14:06:31.702840,0.64
2024-04-24 14:06:31.707000,0.64
2024-04-24 14:06:31.711224,0.635
2024-04-24 14:06:31.715258,0.645
2024-04-24 14:06:31.722160,0.635
2024-04-24 14:06:31.723703,0.635
2024-04-24 14:06:31.728410,0.64
2024-04-24 14:06:31.732024,0.635
2024-04-24 14:06:31.736199,0.645
2024-04-24 14:06:31.740361,0.64
2024-04-24 14:06:31.744538,0.64
2024-04-24 14:06:31.748731,0.635
2024-04-24 14:06:31.753215,0.635
2024-04-24 14:06:31.758372,0.64
2024-04-24 14:06:31.761301,0.635
2024-04-24 14:06:31.765423,0.635
2024-04-24 14:06:31.770273,0.64
2024-04-24 14:06:31.773824,0.64
2024-04-24 14:06:31.777985,0.64
2024-04-24 14:06:31.782489,0.645
2024-04-24 14:06:31.786353,0.635
2024-04-24 14:06:31.793480,0.635
2024-04-24 14:06:31.794620,0.64
2024-04-24 14:06:31.799492,0.64
2024-04-24 14:06:31.803055,0.64
2024-04-24 14:06:31.807188,0.64
2024-04-24 14:06:31.811400,0.635
2024-04-24 14:06:31.815475,0.635
2024-04-24 14:06:31.819718,0.64
2024-04-24 14:06:31.824267,0.635
2024-04-24 14:06:31.828979,0.645
2024-04-24 14:06:31.832257,0.645
2024-04-24 14:06:31.836458,0.64
2024-04-24 14:06:31.840545,0.64
2024-04-24 14:06:31.844847,0.64
2024-04-24 14:06:31.849026,0.635
2024-04-24 14:06:31.853245,0.645
2024-04-24 14:06:31.857317,0.635
2024-04-24 14:06:31.864589,0.645
2024-04-24 14:06:31.865710,0.64
2024-04-24 14:06:31.870268,0.635
2024-04-24 14:06:31.874015,0.64
2024-04-24 14:06:31.878513,0.64
2024-04-24 14:06:31.882394,0.635
2024-04-24 14:06:31.886549,0.635
2024-04-24 14:06:31.890668,0.64
2024-04-24 14:06:31.894931,0.64
2024-04-24 14:06:31.899779,0.64
2024-04-24 14:06:31.903254,0.635
2024-04-24 14:06:31.907420,0.645
2024-04-24 14:06:31.911646,0.64
2024-04-24 14:06:31.915707,0.645
2024-04-24 14:06:31.919955,0.64
2024-04-24 14:06:31.924145,0.635
2024-04-24 14:06:31.928284,0.645
2024-04-24 14:06:31.935138,0.64
2024-04-24 14:06:31.936673,0.635
2024-04-24 14:06:31.941490,0.645
2024-04-24 14:06:31.944998,0.64
2024-04-24 14:06:31.949197,0.64
2024-04-24 14:06:31.953371,0.635
2024-04-24 14:06:31.957916,0.645
2024-04-24 14:06:31.961750,0.64
2024-04-24 14:06:31.965856,0.645
2024-04-24 14:06:31.973834,0.64
2024-04-24 14:06:31.974458,0.64
2024-04-24 14:06:31.978439,0.635
2024-04-24 14:06:31.982706,0.635
2024-04-24 14:06:31.986795,0.64
2024-04-24 14:06:31.990939,0.645
2024-04-24 14:06:31.995270,0.64
2024-04-24 14:06:31.999326,0.64
2024-04-24 14:06:32.006825,0.64
2024-04-24 14:06:32.007689,0.645
2024-04-24 14:06:32.012761,0.64
2024-04-24 14:06:32.015932,0.64
2024-04-24 14:06:32.020180,0.64
2024-04-24 14:06:32.024405,0.635
2024-04-24 14:06:32.028493,0.64
2024-04-24 14:06:32.032712,0.645
2024-04-24 14:06:32.037287,0.635
2024-04-24 14:06:32.042318,0.64
2024-04-24 14:06:32.045260,0.64
2024-04-24 14:06:32.049485,0.64
2024-04-24 14:06:32.053605,0.64
2024-04-24 14:06:32.057749,0.64
2024-04-24 14:06:32.061987,0.64
2024-04-24 14:06:32.066041,0.64
2024-04-24 14:06:32.070284,0.64
2024-04-24 14:06:32.078757,0.64
2024-04-24 14:06:32.079387,0.635
2024-04-24 14:06:32.083730,0.64
2024-04-24 14:06:32.087030,0.635
2024-04-24 14:06:32.091144,0.64
2024-04-24 14:06:32.095449,0.64
2024-04-24 14:06:32.099559,0.635
2024-04-24 14:06:32.105226,0.635
2024-04-24 14:06:32.107846,0.635
2024-04-24 14:06:32.113200,0.635
2024-04-24 14:06:32.116222,0.64
2024-04-24 14:06:32.120442,0.635
2024-04-24 14:06:32.124655,0.645
2024-04-24 14:06:32.128759,0.64
2024-04-24 14:06:32.133053,0.635
2024-04-24 14:06:32.137106,0.64
2024-04-24 14:06:32.141244,0.645
2024-04-24 14:06:32.149429,0.64
2024-04-24 14:06:32.150162,0.64
2024-04-24 14:06:32.154722,0.635
2024-04-24 14:06:32.158055,0.64
2024-04-24 14:06:32.162223,0.635
2024-04-24 14:06:32.166317,0.635
2024-04-24 14:06:32.170598,0.645
2024-04-24 14:06:32.174997,0.64
2024-04-24 14:06:32.178957,0.64
2024-04-24 14:06:32.184291,0.645
2024-04-24 14:06:32.187369,0.64
2024-04-24 14:06:32.191357,0.645
2024-04-24 14:06:32.195589,0.635
2024-04-24 14:06:32.200235,0.64
2024-04-24 14:06:32.203986,0.64
2024-04-24 14:06:32.208141,0.64
2024-04-24 14:06:32.212278,0.635
2024-04-24 14:06:32.219964,0.64
2024-04-24 14:06:32.221400,0.635
2024-04-24 14:06:32.225703,0.645
2024-04-24 14:06:32.229385,0.645
2024-04-24 14:06:32.233159,0.645
2024-04-24 14:06:32.237287,0.64
2024-04-24 14:06:32.241452,0.64
2024-04-24 14:06:32.245697,0.635
2024-04-24 14:06:32.249845,0.64
2024-04-24 14:06:32.255289,0.635
2024-04-24 14:06:32.258547,0.64
2024-04-24 14:06:32.262429,0.635
2024-04-24 14:06:32.266503,0.64
2024-04-24 14:06:32.270794,0.64
2024-04-24 14:06:32.274969,0.64
2024-04-24 14:06:32.279162,0.64
2024-04-24 14:06:32.283253,0.64
2024-04-24 14:06:32.290703,0.64
2024-04-24 14:06:32.291620,0.64
2024-04-24 14:06:32.296590,0.64
2024-04-24 14:06:32.300055,0.635
2024-04-24 14:06:32.304162,0.645
2024-04-24 14:06:32.308274,0.64
2024-04-24 14:06:32.312623,0.64
2024-04-24 14:06:32.317381,0.64
2024-04-24 14:06:32.326462,0.645
2024-04-24 14:06:32.327169,0.64
2024-04-24 14:06:32.329239,0.635
2024-04-24 14:06:32.333382,0.64
2024-04-24 14:06:32.337528,0.64
2024-04-24 14:06:32.342407,0.635
2024-04-24 14:06:32.345963,0.635
2024-04-24 14:06:32.350077,0.64
2024-04-24 14:06:32.354246,0.64
2024-04-24 14:06:32.361789,0.64
2024-04-24 14:06:32.362731,0.635
2024-04-24 14:06:32.368280,0.64
2024-04-24 14:06:32.373346,0.64
2024-04-24 14:06:32.375135,0.64
2024-04-24 14:06:32.379326,0.64
2024-04-24 14:06:32.383529,0.64
2024-04-24 14:06:32.387640,0.635
2024-04-24 14:06:32.392361,0.64
2024-04-24 14:06:32.397219,0.635
2024-04-24 14:06:32.400236,0.64
2024-04-24 14:06:32.404356,0.635
2024-04-24 14:06:32.408520,0.64
2024-04-24 14:06:32.412832,0.635
2024-04-24 14:06:32.417407,0.645
2024-04-24 14:06:32.422953,0.64
2024-04-24 14:06:32.425276,0.635
2024-04-24 14:06:32.432745,0.64
2024-04-24 14:06:32.433575,0.645
2024-04-24 14:06:32.439096,0.64
2024-04-24 14:06:32.442911,0.64
2024-04-24 14:06:32.446134,0.64
2024-04-24 14:06:32.450272,0.64
2024-04-24 14:06:32.454489,0.645
2024-04-24 14:06:32.458713,0.635
2024-04-24 14:06:32.462874,0.64
2024-04-24 14:06:32.468509,0.64
2024-04-24 14:06:32.471292,0.645
2024-04-24 14:06:32.475384,0.635
2024-04-24 14:06:32.479580,0.64
2024-04-24 14:06:32.483883,0.64
2024-04-24 14:06:32.487920,0.645
2024-04-24 14:06:32.492382,0.64
2024-04-24 14:06:32.496263,0.64
2024-04-24 14:06:32.503774,0.635
2024-04-24 14:06:32.504592,0.645
2024-04-24 14:06:32.512828,0.635
2024-04-24 14:06:32.513644,0.635
2024-04-24 14:06:32.517409,0.64
2024-04-24 14:06:32.521335,0.635
2024-04-24 14:06:32.525507,0.64
2024-04-24 14:06:32.529662,0.645
2024-04-24 14:06:32.533853,0.635
2024-04-24 14:06:32.540377,0.64
2024-04-24 14:06:32.542199,0.64
2024-04-24 14:06:32.546373,0.645
2024-04-24 14:06:32.550525,0.635
2024-04-24 14:06:32.554728,0.635
2024-04-24 14:06:32.558896,0.645
2024-04-24 14:06:32.563049,0.64
2024-04-24 14:06:32.567642,0.64
2024-04-24 14:06:32.571453,0.645
2024-04-24 14:06:32.575820,0.64
2024-04-24 14:06:32.579795,0.64
2024-04-24 14:06:32.583968,0.645
2024-04-24 14:06:32.588103,0.64
2024-04-24 14:06:32.592819,0.64
2024-04-24 14:06:32.596537,0.645
2024-04-24 14:06:32.600639,0.635
2024-04-24 14:06:32.604848,0.64
2024-04-24 14:06:32.612137,0.64
2024-04-24 14:06:32.613130,0.635
2024-04-24 14:06:32.618362,0.635
2024-04-24 14:06:32.621524,0.635
2024-04-24 14:06:32.625705,0.64
2024-04-24 14:06:32.629887,0.645
2024-04-24 14:06:32.634042,0.64
2024-04-24 14:06:32.638272,0.645
2024-04-24 14:06:32.642436,0.64
2024-04-24 14:06:32.647876,0.635
2024-04-24 14:06:32.650764,0.645
2024-04-24 14:06:32.654919,0.635
2024-04-24 14:06:32.659132,0.64
2024-04-24 14:06:32.663241,0.64
2024-04-24 14:06:32.667475,0.64
2024-04-24 14:06:32.671695,0.645
2024-04-24 14:06:32.675826,0.64
2024-04-24 14:06:32.685409,0.64
2024-04-24 14:06:32.686056,0.645
2024-04-24 14:06:32.689151,0.64
2024-04-24 14:06:32.692529,0.64
2024-04-24 14:06:32.696689,0.645
2024-04-24 14:06:32.700868,0.64
2024-04-24 14:06:32.705031,0.645
2024-04-24 14:06:32.710508,0.64
2024-04-24 14:06:32.713365,0.645
2024-04-24 14:06:32.719784,0.645
2024-04-24 14:06:32.721781,0.64
2024-04-24 14:06:32.725921,0.635
2024-04-24 14:06:32.730167,0.645
2024-04-24 14:06:32.734329,0.64
2024-04-24 14:06:32.738385,0.635
2024-04-24 14:06:32.742706,0.64
2024-04-24 14:06:32.747240,0.64
2024-04-24 14:06:32.754326,0.64
2024-04-24 14:06:32.755160,0.645
2024-04-24 14:06:32.760234,0.645
2024-04-24 14:06:32.763541,0.64
2024-04-24 14:06:32.767685,0.645
2024-04-24 14:06:32.771872,0.64
2024-04-24 14:06:32.776317,0.645
2024-04-24 14:06:32.780284,0.64
2024-04-24 14:06:32.784416,0.64
2024-04-24 14:06:32.790483,0.645
2024-04-24 14:06:32.793698,0.645
2024-04-24 14:06:32.796972,0.64
2024-04-24 14:06:32.801172,0.635
2024-04-24 14:06:32.805281,0.64
2024-04-24 14:06:32.809446,0.645
2024-04-24 14:06:32.813603,0.64
2024-04-24 14:06:32.818302,0.645
2024-04-24 14:06:32.825239,0.635
2024-04-24 14:06:32.826151,0.64
2024-04-24 14:06:32.831456,0.64
2024-04-24 14:06:32.834507,0.635
2024-04-24 14:06:32.838658,0.645
2024-04-24 14:06:32.842946,0.64
2024-04-24 14:06:32.847311,0.64
2024-04-24 14:06:32.851210,0.645
2024-04-24 14:06:32.855394,0.64
2024-04-24 14:06:32.861339,0.64
2024-04-24 14:06:32.863720,0.645
2024-04-24 14:06:32.867909,0.64
2024-04-24 14:06:32.872401,0.645
2024-04-24 14:06:32.876279,0.645
2024-04-24 14:06:32.880482,0.645
2024-04-24 14:06:32.884678,0.635
2024-04-24 14:06:32.888793,0.64
2024-04-24 14:06:32.896106,0.64
2024-04-24 14:06:32.897227,0.64
2024-04-24 14:06:32.902355,0.64
2024-04-24 14:06:32.905546,0.64
2024-04-24 14:06:32.911068,0.64
2024-04-24 14:06:32.913824,0.635
2024-04-24 14:06:32.918193,0.645
2024-04-24 14:06:32.922203,0.64
2024-04-24 14:06:32.926465,0.64
2024-04-24 14:06:32.932558,0.645
2024-04-24 14:06:32.934760,0.64
2024-04-24 14:06:32.938867,0.64
2024-04-24 14:06:32.943123,0.645
2024-04-24 14:06:32.947279,0.635
2024-04-24 14:06:32.951491,0.635
2024-04-24 14:06:32.955585,0.645
2024-04-24 14:06:32.959853,0.645
2024-04-24 14:06:32.967205,0.64
2024-04-24 14:06:32.968197,0.64
2024-04-24 14:06:32.973115,0.635
2024-04-24 14:06:32.976520,0.64
2024-04-24 14:06:32.980707,0.645
2024-04-24 14:06:32.985112,0.645
2024-04-24 14:06:32.988989,0.635
2024-04-24 14:06:32.993207,0.64
2024-04-24 14:06:32.997371,0.635
2024-04-24 14:06:33.003227,0.64
2024-04-24 14:06:33.005760,0.64
2024-04-24 14:06:33.009911,0.64
2024-04-24 14:06:33.014124,0.64
2024-04-24 14:06:33.018315,0.64
2024-04-24 14:06:33.022429,0.645
2024-04-24 14:06:33.027076,0.64
2024-04-24 14:06:33.030826,0.635
2024-04-24 14:06:33.038145,0.645
2024-04-24 14:06:33.039156,0.64
2024-04-24 14:06:33.044046,0.64
2024-04-24 14:06:33.047489,0.645
2024-04-24 14:06:33.051623,0.64
2024-04-24 14:06:33.056287,0.645
2024-04-24 14:06:33.060141,0.64
2024-04-24 14:06:33.064206,0.635
2024-04-24 14:06:33.069211,0.635
2024-04-24 14:06:33.074828,0.64
2024-04-24 14:06:33.076718,0.64
2024-04-24 14:06:33.080994,0.64
2024-04-24 14:06:33.085285,0.645
2024-04-24 14:06:33.089213,0.64
2024-04-24 14:06:33.093435,0.645
2024-04-24 14:06:33.097617,0.64
2024-04-24 14:06:33.101792,0.64
2024-04-24 14:06:33.106041,0.645
2024-04-24 14:06:33.110684,0.635
2024-04-24 14:06:33.114868,0.645
2024-04-24 14:06:33.119172,0.645
2024-04-24 14:06:33.122691,0.64
2024-04-24 14:06:33.126873,0.635
2024-04-24 14:06:33.131045,0.64
2024-04-24 14:06:33.135267,0.64
2024-04-24 14:06:33.139330,0.635
2024-04-24 14:06:33.146244,0.645
2024-04-24 14:06:33.147707,0.645
2024-04-24 14:06:33.152126,0.64
2024-04-24 14:06:33.156138,0.645
2024-04-24 14:06:33.160274,0.635
2024-04-24 14:06:33.164392,0.635
2024-04-24 14:06:33.169021,0.64
2024-04-24 14:06:33.172851,0.635
2024-04-24 14:06:33.176990,0.645
2024-04-24 14:06:33.183097,0.64
2024-04-24 14:06:33.185338,0.645
2024-04-24 14:06:33.189449,0.64
2024-04-24 14:06:33.193666,0.635
2024-04-24 14:06:33.198841,0.64
2024-04-24 14:06:33.203060,0.64
2024-04-24 14:06:33.207242,0.635
2024-04-24 14:06:33.212053,0.635
2024-04-24 14:06:33.217681,0.645
2024-04-24 14:06:33.219912,0.64
2024-04-24 14:06:33.224879,0.64
2024-04-24 14:06:33.228693,0.645
2024-04-24 14:06:33.232266,0.645
2024-04-24 14:06:33.236407,0.64
2024-04-24 14:06:33.240574,0.645
2024-04-24 14:06:33.244951,0.645
2024-04-24 14:06:33.248986,0.64
2024-04-24 14:06:33.254411,0.645
2024-04-24 14:06:33.257313,0.64
2024-04-24 14:06:33.261452,0.645
2024-04-24 14:06:33.265919,0.635
2024-04-24 14:06:33.269871,0.635
2024-04-24 14:06:33.274072,0.635
2024-04-24 14:06:33.278435,0.645
2024-04-24 14:06:33.282515,0.64
2024-04-24 14:06:33.288764,0.645
2024-04-24 14:06:33.290695,0.645
2024-04-24 14:06:33.294969,0.635
2024-04-24 14:06:33.299235,0.645
2024-04-24 14:06:33.303296,0.645
2024-04-24 14:06:33.307658,0.64
2024-04-24 14:06:33.311598,0.635
2024-04-24 14:06:33.316619,0.645
2024-04-24 14:06:33.320014,0.64
2024-04-24 14:06:33.325042,0.64
2024-04-24 14:06:33.328340,0.645
2024-04-24 14:06:33.332476,0.64
2024-04-24 14:06:33.336813,0.645
2024-04-24 14:06:33.340777,0.64
2024-04-24 14:06:33.345029,0.64
2024-04-24 14:06:33.349424,0.64
2024-04-24 14:06:33.353333,0.645
2024-04-24 14:06:33.359888,0.64
2024-04-24 14:06:33.361741,0.64
2024-04-24 14:06:33.365943,0.64
2024-04-24 14:06:33.370223,0.645
2024-04-24 14:06:33.374221,0.645
2024-04-24 14:06:33.379062,0.64
2024-04-24 14:06:33.382575,0.64
2024-04-24 14:06:33.386761,0.64
2024-04-24 14:06:33.390949,0.64
2024-04-24 14:06:33.396917,0.64
2024-04-24 14:06:33.399267,0.64
2024-04-24 14:06:33.403510,0.64
2024-04-24 14:06:33.407586,0.645
2024-04-24 14:06:33.411813,0.64
2024-04-24 14:06:33.415927,0.64
2024-04-24 14:06:33.420179,0.64
2024-04-24 14:06:33.424327,0.64
2024-04-24 14:06:33.431014,0.645
2024-04-24 14:06:33.432639,0.64
2024-04-24 14:06:33.436929,0.645
2024-04-24 14:06:33.440993,0.635
2024-04-24 14:06:33.445282,0.64
2024-04-24 14:06:33.449762,0.64
2024-04-24 14:06:33.453662,0.64
2024-04-24 14:06:33.457822,0.64
2024-04-24 14:06:33.462827,0.64
2024-04-24 14:06:33.467992,0.64
2024-04-24 14:06:33.470260,0.64
2024-04-24 14:06:33.475632,0.64
2024-04-24 14:06:33.478787,0.64
2024-04-24 14:06:33.482885,0.64
2024-04-24 14:06:33.487061,0.635
2024-04-24 14:06:33.491248,0.64
2024-04-24 14:06:33.495453,0.64
2024-04-24 14:06:33.503080,0.645
2024-04-24 14:06:33.504156,0.645
2024-04-24 14:06:33.509065,0.635
2024-04-24 14:06:33.513200,0.635
2024-04-24 14:06:33.518957,0.645
2024-04-24 14:06:33.529925,0.645
2024-04-24 14:06:33.531684,0.645
2024-04-24 14:06:33.532824,0.64
2024-04-24 14:06:33.534017,0.645
2024-04-24 14:06:33.539025,0.64
2024-04-24 14:06:33.542343,0.64
2024-04-24 14:06:33.546438,0.64
2024-04-24 14:06:33.550616,0.64
2024-04-24 14:06:33.554780,0.64
2024-04-24 14:06:33.558954,0.64
2024-04-24 14:06:33.563075,0.635
2024-04-24 14:06:33.567554,0.64
2024-04-24 14:06:33.576939,0.645
2024-04-24 14:06:33.577649,0.64
2024-04-24 14:06:33.579870,0.645
2024-04-24 14:06:33.584040,0.635
2024-04-24 14:06:33.588151,0.645
2024-04-24 14:06:33.592461,0.635
2024-04-24 14:06:33.596560,0.635
2024-04-24 14:06:33.600811,0.64
2024-04-24 14:06:33.604909,0.64
2024-04-24 14:06:33.611435,0.64
2024-04-24 14:06:33.613210,0.64
2024-04-24 14:06:33.618452,0.64
2024-04-24 14:06:33.621603,0.645
2024-04-24 14:06:33.625770,0.645
2024-04-24 14:06:33.630246,0.645
2024-04-24 14:06:33.634185,0.645
2024-04-24 14:06:33.638258,0.64
2024-04-24 14:06:33.642496,0.645
2024-04-24 14:06:33.647864,0.64
2024-04-24 14:06:33.650930,0.64
2024-04-24 14:06:33.654997,0.645
2024-04-24 14:06:33.659271,0.64
2024-04-24 14:06:33.663314,0.64
2024-04-24 14:06:33.667522,0.635
2024-04-24 14:06:33.671700,0.635
2024-04-24 14:06:33.675886,0.64
2024-04-24 14:06:33.682716,0.64
2024-04-24 14:06:33.684220,0.645
2024-04-24 14:06:33.688561,0.64
2024-04-24 14:06:33.692614,0.64
2024-04-24 14:06:33.696746,0.635
2024-04-24 14:06:33.700890,0.645
2024-04-24 14:06:33.705112,0.64
2024-04-24 14:06:33.709293,0.64
2024-04-24 14:06:33.713444,0.64
2024-04-24 14:06:33.720764,0.645
2024-04-24 14:06:33.721849,0.64
2024-04-24 14:06:33.725994,0.645
2024-04-24 14:06:33.730137,0.645
2024-04-24 14:06:33.734360,0.645
2024-04-24 14:06:33.738470,0.645
2024-04-24 14:06:33.742713,0.64
2024-04-24 14:06:33.746863,0.64
2024-04-24 14:06:33.753515,0.64
2024-04-24 14:06:33.755227,0.635
2024-04-24 14:06:33.759462,0.645
2024-04-24 14:06:33.763545,0.64
2024-04-24 14:06:33.767761,0.64
2024-04-24 14:06:33.771931,0.64
2024-04-24 14:06:33.776140,0.64
2024-04-24 14:06:33.780226,0.64
2024-04-24 14:06:33.784503,0.645
2024-04-24 14:06:33.789304,0.645
2024-04-24 14:06:33.793567,0.645
2024-04-24 14:06:33.797006,0.64
2024-04-24 14:06:33.801213,0.64
2024-04-24 14:06:33.805297,0.645
2024-04-24 14:06:33.809547,0.64
2024-04-24 14:06:33.813647,0.64
2024-04-24 14:06:33.817859,0.645
2024-04-24 14:06:33.824699,0.645
2024-04-24 14:06:33.826206,0.635
2024-04-24 14:06:33.830587,0.64
2024-04-24 14:06:33.834553,0.64
2024-04-24 14:06:33.838679,0.64
2024-04-24 14:06:33.843551,0.645
2024-04-24 14:06:33.847106,0.64
2024-04-24 14:06:33.851272,0.64
2024-04-24 14:06:33.855469,0.64
2024-04-24 14:06:33.860163,0.645
2024-04-24 14:06:33.863832,0.645
2024-04-24 14:06:33.868068,0.64
2024-04-24 14:06:33.872169,0.645
2024-04-24 14:06:33.876283,0.635
2024-04-24 14:06:33.880507,0.645
2024-04-24 14:06:33.884689,0.635
2024-04-24 14:06:33.888857,0.635
2024-04-24 14:06:33.896678,0.645
2024-04-24 14:06:33.897621,0.645
2024-04-24 14:06:33.901906,0.64
2024-04-24 14:06:33.905631,0.635
2024-04-24 14:06:33.909755,0.645
2024-04-24 14:06:33.913880,0.645
2024-04-24 14:06:33.918118,0.64
2024-04-24 14:06:33.922337,0.64
2024-04-24 14:06:33.926448,0.64
2024-04-24 14:06:33.931277,0.64
2024-04-24 14:06:33.934768,0.64
2024-04-24 14:06:33.938948,0.645
2024-04-24 14:06:33.943182,0.645
2024-04-24 14:06:33.947434,0.645
2024-04-24 14:06:33.951762,0.64
2024-04-24 14:06:33.955705,0.645
2024-04-24 14:06:33.959866,0.645
2024-04-24 14:06:33.967567,0.64
2024-04-24 14:06:33.968479,0.645
2024-04-24 14:06:33.972947,0.645
2024-04-24 14:06:33.976573,0.64
2024-04-24 14:06:33.981204,0.64
2024-04-24 14:06:33.984917,0.645
2024-04-24 14:06:33.989037,0.645
2024-04-24 14:06:33.993260,0.64
2024-04-24 14:06:33.997440,0.64
2024-04-24 14:06:34.002390,0.64
2024-04-24 14:06:34.006406,0.64
2024-04-24 14:06:34.010048,0.64
2024-04-24 14:06:34.014090,0.64
2024-04-24 14:06:34.018318,0.645
2024-04-24 14:06:34.022522,0.645
2024-04-24 14:06:34.026689,0.64
2024-04-24 14:06:34.030875,0.64
2024-04-24 14:06:34.038297,0.645
2024-04-24 14:06:34.039431,0.645
2024-04-24 14:06:34.043847,0.64
2024-04-24 14:06:34.047714,0.635
2024-04-24 14:06:34.051855,0.645
2024-04-24 14:06:34.055912,0.645
2024-04-24 14:06:34.060103,0.64
2024-04-24 14:06:34.064233,0.645
2024-04-24 14:06:34.068452,0.64
2024-04-24 14:06:34.073377,0.64
2024-04-24 14:06:34.077094,0.645
2024-04-24 14:06:34.080962,0.645
2024-04-24 14:06:34.085148,0.645
2024-04-24 14:06:34.089258,0.645
2024-04-24 14:06:34.093503,0.645
2024-04-24 14:06:34.097703,0.635
2024-04-24 14:06:34.101865,0.64
2024-04-24 14:06:34.109427,0.64
2024-04-24 14:06:34.110163,0.645
2024-04-24 14:06:34.114806,0.645
2024-04-24 14:06:34.118571,0.64
2024-04-24 14:06:34.123984,0.645
2024-04-24 14:06:34.127337,0.64
2024-04-24 14:06:34.131287,0.645
2024-04-24 14:06:34.135665,0.64
2024-04-24 14:06:34.139481,0.645
2024-04-24 14:06:34.145428,0.64
2024-04-24 14:06:34.148373,0.64
2024-04-24 14:06:34.152998,0.64
2024-04-24 14:06:34.156198,0.64
2024-04-24 14:06:34.160751,0.645
2024-04-24 14:06:34.164474,0.645
2024-04-24 14:06:34.168673,0.64
2024-04-24 14:06:34.172885,0.645
2024-04-24 14:06:34.177041,0.64
2024-04-24 14:06:34.181471,0.64
2024-04-24 14:06:34.185414,0.635
2024-04-24 14:06:34.189561,0.64
2024-04-24 14:06:34.193762,0.645
2024-04-24 14:06:34.197908,0.645
2024-04-24 14:06:34.202089,0.645
2024-04-24 14:06:34.206316,0.64
2024-04-24 14:06:34.210452,0.64
2024-04-24 14:06:34.219199,0.645
2024-04-24 14:06:34.220110,0.64
2024-04-24 14:06:34.222962,0.64
2024-04-24 14:06:34.227124,0.645
2024-04-24 14:06:34.231346,0.64
2024-04-24 14:06:34.235529,0.64
2024-04-24 14:06:34.239601,0.645
2024-04-24 14:06:34.243848,0.645
2024-04-24 14:06:34.248050,0.64
2024-04-24 14:06:34.252269,0.645
2024-04-24 14:06:34.256330,0.64
2024-04-24 14:06:34.260533,0.64
2024-04-24 14:06:34.264636,0.645
2024-04-24 14:06:34.268941,0.645
2024-04-24 14:06:34.273489,0.64
2024-04-24 14:06:34.277267,0.645
2024-04-24 14:06:34.281424,0.64
2024-04-24 14:06:34.288521,0.64
2024-04-24 14:06:34.289729,0.645
2024-04-24 14:06:34.293956,0.645
2024-04-24 14:06:34.298147,0.635
2024-04-24 14:06:34.302562,0.64
2024-04-24 14:06:34.306478,0.645
2024-04-24 14:06:34.310660,0.64
2024-04-24 14:06:34.314992,0.645
2024-04-24 14:06:34.319034,0.64
2024-04-24 14:06:34.323756,0.645
2024-04-24 14:06:34.327448,0.645
2024-04-24 14:06:34.331623,0.64
2024-04-24 14:06:34.335849,0.64
2024-04-24 14:06:34.340083,0.645
2024-04-24 14:06:34.344625,0.645
2024-04-24 14:06:34.348296,0.64
2024-04-24 14:06:34.352572,0.645
2024-04-24 14:06:34.360702,0.64
2024-04-24 14:06:34.362403,0.645
2024-04-24 14:06:34.365939,0.64
2024-04-24 14:06:34.372024,0.635
2024-04-24 14:06:34.373785,0.645
2024-04-24 14:06:34.377631,0.645
2024-04-24 14:06:34.381734,0.645
2024-04-24 14:06:34.386312,0.645
2024-04-24 14:06:34.389973,0.64
2024-04-24 14:06:34.396417,0.64
2024-04-24 14:06:34.398421,0.64
2024-04-24 14:06:34.402695,0.645
2024-04-24 14:06:34.407038,0.64
2024-04-24 14:06:34.410937,0.64
2024-04-24 14:06:34.415138,0.645
2024-04-24 14:06:34.419294,0.64
2024-04-24 14:06:34.423759,0.645
2024-04-24 14:06:34.427598,0.645
2024-04-24 14:06:34.432312,0.64
2024-04-24 14:06:34.435929,0.64
2024-04-24 14:06:34.440082,0.64
2024-04-24 14:06:34.444363,0.64
2024-04-24 14:06:34.448479,0.645
2024-04-24 14:06:34.452629,0.645
2024-04-24 14:06:34.456981,0.64
2024-04-24 14:06:34.461272,0.645
2024-04-24 14:06:34.467154,0.635
2024-04-24 14:06:34.469708,0.64
2024-04-24 14:06:34.473618,0.64
2024-04-24 14:06:34.477663,0.64
2024-04-24 14:06:34.481872,0.645
2024-04-24 14:06:34.486095,0.645
2024-04-24 14:06:34.490492,0.645
2024-04-24 14:06:34.494447,0.64
2024-04-24 14:06:34.498698,0.635
2024-04-24 14:06:34.503120,0.64
2024-04-24 14:06:34.506923,0.64
2024-04-24 14:06:34.511115,0.645
2024-04-24 14:06:34.515263,0.64
2024-04-24 14:06:34.519490,0.645
2024-04-24 14:06:34.523656,0.64
2024-04-24 14:06:34.528299,0.645
2024-04-24 14:06:34.532018,0.645
2024-04-24 14:06:34.538419,0.635
2024-04-24 14:06:34.540377,0.64
2024-04-24 14:06:34.544835,0.645
2024-04-24 14:06:34.548728,0.645
2024-04-24 14:06:34.552913,0.64
2024-04-24 14:06:34.557048,0.64
2024-04-24 14:06:34.561284,0.64
2024-04-24 14:06:34.565407,0.645
2024-04-24 14:06:34.569716,0.64
2024-04-24 14:06:34.574442,0.645
2024-04-24 14:06:34.577917,0.645
2024-04-24 14:06:34.582154,0.645
2024-04-24 14:06:34.586285,0.645
2024-04-24 14:06:34.590397,0.64
2024-04-24 14:06:34.594614,0.64
2024-04-24 14:06:34.598775,0.645
2024-04-24 14:06:34.602990,0.645
2024-04-24 14:06:34.609828,0.645
2024-04-24 14:06:34.612732,0.635
2024-04-24 14:06:34.615770,0.64
2024-04-24 14:06:34.619705,0.64
2024-04-24 14:06:34.623877,0.645
2024-04-24 14:06:34.628043,0.645
2024-04-24 14:06:34.632228,0.64
2024-04-24 14:06:34.636317,0.645
2024-04-24 14:06:34.640602,0.645
2024-04-24 14:06:34.645196,0.64
2024-04-24 14:06:34.649912,0.64
2024-04-24 14:06:34.654101,0.64
2024-04-24 14:06:34.658290,0.64
2024-04-24 14:06:34.662912,0.645
2024-04-24 14:06:34.666590,0.645
2024-04-24 14:06:34.670817,0.64
2024-04-24 14:06:34.675020,0.64
2024-04-24 14:06:34.681226,0.645
2024-04-24 14:06:34.683289,0.64
2024-04-24 14:06:34.687506,0.64
2024-04-24 14:06:34.691650,0.645
2024-04-24 14:06:34.695852,0.64
2024-04-24 14:06:34.700011,0.64
2024-04-24 14:06:34.704199,0.645
2024-04-24 14:06:34.708361,0.645
2024-04-24 14:06:34.716915,0.64
2024-04-24 14:06:34.717596,0.64
2024-04-24 14:06:34.720955,0.645
2024-04-24 14:06:34.725072,0.645
2024-04-24 14:06:34.729765,0.645
2024-04-24 14:06:34.733464,0.64
2024-04-24 14:06:34.737648,0.645
2024-04-24 14:06:34.742462,0.645
2024-04-24 14:06:34.745971,0.64
2024-04-24 14:06:34.752456,0.645
2024-04-24 14:06:34.754284,0.64
2024-04-24 14:06:34.758548,0.645
2024-04-24 14:06:34.762935,0.645
2024-04-24 14:06:34.767492,0.64
2024-04-24 14:06:34.771022,0.645
2024-04-24 14:06:34.775182,0.64
2024-04-24 14:06:34.779609,0.645
2024-04-24 14:06:34.783539,0.645
2024-04-24 14:06:34.788228,0.64
2024-04-24 14:06:34.792870,0.645
2024-04-24 14:06:34.796083,0.645
2024-04-24 14:06:34.800245,0.645
2024-04-24 14:06:34.804419,0.645
2024-04-24 14:06:34.808623,0.64
2024-04-24 14:06:34.812924,0.64
2024-04-24 14:06:34.817487,0.64
2024-04-24 14:06:34.824241,0.645
2024-04-24 14:06:34.825266,0.64
2024-04-24 14:06:34.830559,0.645
2024-04-24 14:06:34.833682,0.64
2024-04-24 14:06:34.837812,0.645
2024-04-24 14:06:34.842515,0.64
2024-04-24 14:06:34.846177,0.64
2024-04-24 14:06:34.850411,0.64
2024-04-24 14:06:34.854541,0.645
2024-04-24 14:06:34.859412,0.645
2024-04-24 14:06:34.862916,0.645
2024-04-24 14:06:34.867550,0.645
2024-04-24 14:06:34.871256,0.64
2024-04-24 14:06:34.875466,0.645
2024-04-24 14:06:34.879598,0.645
2024-04-24 14:06:34.883778,0.645
2024-04-24 14:06:34.888096,0.645
2024-04-24 14:06:34.894946,0.64
2024-04-24 14:06:34.896624,0.64
2024-04-24 14:06:34.900877,0.64
2024-04-24 14:06:34.904661,0.645
2024-04-24 14:06:34.908832,0.645
2024-04-24 14:06:34.912957,0.645
2024-04-24 14:06:34.917817,0.645
2024-04-24 14:06:34.921398,0.645
2024-04-24 14:06:34.925539,0.64
2024-04-24 14:06:34.932407,0.645
2024-04-24 14:06:34.933860,0.645
2024-04-24 14:06:34.938045,0.64
2024-04-24 14:06:34.942447,0.645
2024-04-24 14:06:34.946426,0.645
2024-04-24 14:06:34.950649,0.645
2024-04-24 14:06:34.954851,0.64
2024-04-24 14:06:34.959397,0.64
2024-04-24 14:06:34.965995,0.64
2024-04-24 14:06:34.967202,0.64
2024-04-24 14:06:34.971881,0.64
2024-04-24 14:06:34.975668,0.64
2024-04-24 14:06:34.979809,0.645
2024-04-24 14:06:34.983987,0.645
2024-04-24 14:06:34.988381,0.645
2024-04-24 14:06:34.992559,0.645
2024-04-24 14:06:34.996530,0.64
2024-04-24 14:06:35.001653,0.645
2024-04-24 14:06:35.004895,0.645
2024-04-24 14:06:35.009069,0.645
2024-04-24 14:06:35.013180,0.645
2024-04-24 14:06:35.017717,0.64
2024-04-24 14:06:35.021568,0.64
2024-04-24 14:06:35.025758,0.645
2024-04-24 14:06:35.029935,0.645
2024-04-24 14:06:35.036660,0.645
2024-04-24 14:06:35.038226,0.645
2024-04-24 14:06:35.043985,0.645
2024-04-24 14:06:35.046631,0.645
2024-04-24 14:06:35.050808,0.645
2024-04-24 14:06:35.054971,0.645
2024-04-24 14:06:35.059171,0.64
2024-04-24 14:06:35.063333,0.645
2024-04-24 14:06:35.067527,0.645
2024-04-24 14:06:35.072884,0.64
2024-04-24 14:06:35.075885,0.64
2024-04-24 14:06:35.080035,0.645
2024-04-24 14:06:35.084238,0.645
2024-04-24 14:06:35.088364,0.64
2024-04-24 14:06:35.092626,0.635
2024-04-24 14:06:35.096733,0.645
2024-04-24 14:06:35.100989,0.645
2024-04-24 14:06:35.107378,0.645
2024-04-24 14:06:35.109255,0.645
2024-04-24 14:06:35.113851,0.645
2024-04-24 14:06:35.117889,0.645
2024-04-24 14:06:35.121822,0.64
2024-04-24 14:06:35.125962,0.645
2024-04-24 14:06:35.130143,0.64
2024-04-24 14:06:35.134365,0.64
2024-04-24 14:06:35.138434,0.64
2024-04-24 14:06:35.145239,0.645
2024-04-24 14:06:35.146913,0.645
2024-04-24 14:06:35.151049,0.645
2024-04-24 14:06:35.155340,0.64
2024-04-24 14:06:35.159428,0.64
2024-04-24 14:06:35.163530,0.645
2024-04-24 14:06:35.167805,0.645
2024-04-24 14:06:35.172037,0.64
2024-04-24 14:06:35.178633,0.64
2024-04-24 14:06:35.180253,0.64
2024-04-24 14:06:35.185226,0.64
2024-04-24 14:06:35.188614,0.64
2024-04-24 14:06:35.192815,0.64
2024-04-24 14:06:35.197634,0.645
2024-04-24 14:06:35.201196,0.645
2024-04-24 14:06:35.205294,0.645
2024-04-24 14:06:35.209452,0.64
2024-04-24 14:06:35.215083,0.645
2024-04-24 14:06:35.218043,0.645
2024-04-24 14:06:35.222097,0.64
2024-04-24 14:06:35.226541,0.64
2024-04-24 14:06:35.230428,0.645
2024-04-24 14:06:35.234537,0.645
2024-04-24 14:06:35.238661,0.645
2024-04-24 14:06:35.242910,0.64
2024-04-24 14:06:35.249547,0.645
2024-04-24 14:06:35.251303,0.645
2024-04-24 14:06:35.255602,0.64
2024-04-24 14:06:35.259583,0.64
2024-04-24 14:06:35.263784,0.645
2024-04-24 14:06:35.268067,0.64
2024-04-24 14:06:35.272197,0.64
2024-04-24 14:06:35.276383,0.645
2024-04-24 14:06:35.280905,0.645
2024-04-24 14:06:35.286368,0.635
2024-04-24 14:06:35.288792,0.64
2024-04-24 14:06:35.293046,0.64
2024-04-24 14:06:35.297231,0.645
2024-04-24 14:06:35.301481,0.645
2024-04-24 14:06:35.305622,0.64
2024-04-24 14:06:35.310074,0.64
2024-04-24 14:06:35.313844,0.64
2024-04-24 14:06:35.320976,0.635
2024-04-24 14:06:35.322235,0.645
2024-04-24 14:06:35.326954,0.64
2024-04-24 14:06:35.330621,0.645
2024-04-24 14:06:35.337958,0.645
2024-04-24 14:06:35.339057,0.645
2024-04-24 14:06:35.343179,0.645
2024-04-24 14:06:35.347265,0.635
2024-04-24 14:06:35.351481,0.645
2024-04-24 14:06:35.356754,0.64
2024-04-24 14:06:35.359876,0.64
2024-04-24 14:06:35.363971,0.635
2024-04-24 14:06:35.368277,0.64
2024-04-24 14:06:35.372354,0.64
2024-04-24 14:06:35.376488,0.645
2024-04-24 14:06:35.380786,0.645
2024-04-24 14:06:35.384895,0.645
2024-04-24 14:06:35.392167,0.645
2024-04-24 14:06:35.393629,0.645
2024-04-24 14:06:35.398026,0.645
2024-04-24 14:06:35.401588,0.645
2024-04-24 14:06:35.405747,0.645
2024-04-24 14:06:35.410105,0.64
2024-04-24 14:06:35.414105,0.645
2024-04-24 14:06:35.418313,0.645
2024-04-24 14:06:35.422558,0.645
2024-04-24 14:06:35.427628,0.645
2024-04-24 14:06:35.430815,0.64
2024-04-24 14:06:35.435527,0.64
2024-04-24 14:06:35.439198,0.635
2024-04-24 14:06:35.443388,0.645
2024-04-24 14:06:35.447547,0.645
2024-04-24 14:06:35.451852,0.645
2024-04-24 14:06:35.455907,0.645
2024-04-24 14:06:35.463432,0.645
2024-04-24 14:06:35.464468,0.635
2024-04-24 14:06:35.469044,0.645
2024-04-24 14:06:35.472639,0.645
2024-04-24 14:06:35.476865,0.645
2024-04-24 14:06:35.480950,0.645
2024-04-24 14:06:35.485171,0.64
2024-04-24 14:06:35.489305,0.64
2024-04-24 14:06:35.493507,0.64
2024-04-24 14:06:35.499122,0.64
2024-04-24 14:06:35.501967,0.645
2024-04-24 14:06:35.506864,0.645
2024-04-24 14:06:35.510274,0.645
2024-04-24 14:06:35.514299,0.64
2024-04-24 14:06:35.518537,0.645
2024-04-24 14:06:35.522736,0.645
2024-04-24 14:06:35.526876,0.645
2024-04-24 14:06:35.531159,0.645
2024-04-24 14:06:35.538006,0.64
2024-04-24 14:06:35.539381,0.64
2024-04-24 14:06:35.543621,0.64
2024-04-24 14:06:35.547886,0.645
2024-04-24 14:06:35.552056,0.645
2024-04-24 14:06:35.556223,0.645
2024-04-24 14:06:35.560418,0.645
2024-04-24 14:06:35.564475,0.64
2024-04-24 14:06:35.571261,0.64
2024-04-24 14:06:35.572874,0.645
2024-04-24 14:06:35.577503,0.645
2024-04-24 14:06:35.581228,0.645
2024-04-24 14:06:35.585393,0.645
2024-04-24 14:06:35.589543,0.635
2024-04-24 14:06:35.593743,0.645
2024-04-24 14:06:35.597959,0.645
2024-04-24 14:06:35.602115,0.64
2024-04-24 14:06:35.607699,0.645
2024-04-24 14:06:35.610630,0.645
2024-04-24 14:06:35.618182,0.645
2024-04-24 14:06:35.619578,0.645
2024-04-24 14:06:35.622969,0.645
2024-04-24 14:06:35.627201,0.645
2024-04-24 14:06:35.631935,0.645
2024-04-24 14:06:35.635541,0.645
2024-04-24 14:06:35.642659,0.645
2024-04-24 14:06:35.643870,0.645
2024-04-24 14:06:35.648683,0.645
2024-04-24 14:06:35.652256,0.645
2024-04-24 14:06:35.656412,0.645
2024-04-24 14:06:35.660594,0.645
2024-04-24 14:06:35.664653,0.645
2024-04-24 14:06:35.668931,0.64
2024-04-24 14:06:35.673110,0.64
2024-04-24 14:06:35.678730,0.64
2024-04-24 14:06:35.681458,0.645
2024-04-24 14:06:35.685630,0.645
2024-04-24 14:06:35.689811,0.64
2024-04-24 14:06:35.693999,0.64
2024-04-24 14:06:35.698164,0.64
2024-04-24 14:06:35.702351,0.64
2024-04-24 14:06:35.706540,0.645
2024-04-24 14:06:35.714194,0.645
2024-04-24 14:06:35.715515,0.645
2024-04-24 14:06:35.720694,0.645
2024-04-24 14:06:35.723294,0.645
2024-04-24 14:06:35.727440,0.645
2024-04-24 14:06:35.731723,0.64
2024-04-24 14:06:35.735762,0.645
2024-04-24 14:06:35.739902,0.645
2024-04-24 14:06:35.744144,0.645
2024-04-24 14:06:35.750261,0.645
2024-04-24 14:06:35.752447,0.645
2024-04-24 14:06:35.756599,0.645
2024-04-24 14:06:35.760817,0.64
2024-04-24 14:06:35.764946,0.645
2024-04-24 14:06:35.769215,0.645
2024-04-24 14:06:35.773725,0.645
2024-04-24 14:06:35.777518,0.645
2024-04-24 14:06:35.781691,0.645
2024-04-24 14:06:35.786925,0.645
2024-04-24 14:06:35.789964,0.645
2024-04-24 14:06:35.794203,0.645
2024-04-24 14:06:35.798417,0.645
2024-04-24 14:06:35.802562,0.645
2024-04-24 14:06:35.806738,0.645
2024-04-24 14:06:35.810983,0.64
2024-04-24 14:06:35.815737,0.645
2024-04-24 14:06:35.821915,0.64
2024-04-24 14:06:35.823559,0.64
2024-04-24 14:06:35.828216,0.645
2024-04-24 14:06:35.831824,0.645
2024-04-24 14:06:35.836010,0.645
2024-04-24 14:06:35.840137,0.645
2024-04-24 14:06:35.844418,0.645
2024-04-24 14:06:35.848504,0.64
2024-04-24 14:06:35.852788,0.645
2024-04-24 14:06:35.858646,0.645
2024-04-24 14:06:35.861063,0.64
2024-04-24 14:06:35.865219,0.645
2024-04-24 14:06:35.870089,0.645
2024-04-24 14:06:35.873774,0.64
2024-04-24 14:06:35.877821,0.645
2024-04-24 14:06:35.881916,0.64
2024-04-24 14:06:35.886286,0.64
2024-04-24 14:06:35.893279,0.645
2024-04-24 14:06:35.894533,0.645
2024-04-24 14:06:35.903947,0.645
2024-04-24 14:06:35.904937,0.645
2024-04-24 14:06:35.910822,0.635
2024-04-24 14:06:35.912318,0.645
2024-04-24 14:06:35.915360,0.64
2024-04-24 14:06:35.919540,0.645
2024-04-24 14:06:35.923738,0.645
2024-04-24 14:06:35.934330,0.64
2024-04-24 14:06:35.935259,0.645
2024-04-24 14:06:35.936385,0.64
2024-04-24 14:06:35.953031,0.645
2024-04-24 14:06:35.954111,0.64
2024-04-24 14:06:35.955239,0.645
2024-04-24 14:06:35.956283,0.635
2024-04-24 14:06:35.960558,0.645
2024-04-24 14:06:35.961364,0.645
2024-04-24 14:06:35.984491,0.645
2024-04-24 14:06:35.985513,0.64
2024-04-24 14:06:35.986464,0.645
2024-04-24 14:06:35.990738,0.64
2024-04-24 14:06:35.992879,0.645
2024-04-24 14:06:35.993747,0.645
2024-04-24 14:06:35.994695,0.645
2024-04-24 14:06:36.000538,0.645
2024-04-24 14:06:36.001529,0.645
2024-04-24 14:06:36.003175,0.64
2024-04-24 14:06:36.007243,0.645
2024-04-24 14:06:36.011416,0.64
2024-04-24 14:06:36.023888,0.645
2024-04-24 14:06:36.024847,0.645
2024-04-24 14:06:36.026032,0.64
2024-04-24 14:06:36.028166,0.645
2024-04-24 14:06:36.034765,0.64
2024-04-24 14:06:36.036486,0.64
2024-04-24 14:06:36.040854,0.64
2024-04-24 14:06:36.044806,0.645
2024-04-24 14:06:36.049013,0.645
2024-04-24 14:06:36.053758,0.645
2024-04-24 14:06:36.057336,0.645
2024-04-24 14:06:36.068904,0.645
2024-04-24 14:06:36.069802,0.645
2024-04-24 14:06:36.070723,0.64
2024-04-24 14:06:36.081633,0.645
2024-04-24 14:06:36.082703,0.645
2024-04-24 14:06:36.083592,0.645
2024-04-24 14:06:36.086662,0.645
2024-04-24 14:06:36.090683,0.645
2024-04-24 14:06:36.095107,0.645
2024-04-24 14:06:36.099115,0.645
2024-04-24 14:06:36.103923,0.645
2024-04-24 14:06:36.107574,0.645
2024-04-24 14:06:36.111681,0.645
2024-04-24 14:06:36.115713,0.645
2024-04-24 14:06:36.119994,0.645
2024-04-24 14:06:36.124146,0.645
2024-04-24 14:06:36.128351,0.64
2024-04-24 14:06:36.132505,0.64
2024-04-24 14:06:36.140481,0.645
2024-04-24 14:06:36.141428,0.645
2024-04-24 14:06:36.150054,0.645
2024-04-24 14:06:36.151711,0.645
2024-04-24 14:06:36.161225,0.645
2024-04-24 14:06:36.162375,0.645
2024-04-24 14:06:36.165877,0.64
2024-04-24 14:06:36.168416,0.645
2024-04-24 14:06:36.170126,0.64
2024-04-24 14:06:36.177019,0.64
2024-04-24 14:06:36.178487,0.645
2024-04-24 14:06:36.182622,0.645
2024-04-24 14:06:36.186833,0.645
2024-04-24 14:06:36.191334,0.645
2024-04-24 14:06:36.195193,0.645
2024-04-24 14:06:36.199328,0.645
2024-04-24 14:06:36.203504,0.64
2024-04-24 14:06:36.207670,0.64
2024-04-24 14:06:36.212140,0.645
2024-04-24 14:06:36.215981,0.645
2024-04-24 14:06:36.220181,0.645
2024-04-24 14:06:36.224356,0.64
2024-04-24 14:06:36.228621,0.645
2024-04-24 14:06:36.233186,0.64
2024-04-24 14:06:36.236974,0.64
2024-04-24 14:06:36.241062,0.645
2024-04-24 14:06:36.248587,0.645
2024-04-24 14:06:36.249771,0.645
2024-04-24 14:06:36.253648,0.645
2024-04-24 14:06:36.257799,0.65
2024-04-24 14:06:36.261984,0.64
2024-04-24 14:06:36.266098,0.645
2024-04-24 14:06:36.270369,0.645
2024-04-24 14:06:36.275181,0.645
2024-04-24 14:06:36.278755,0.645
2024-04-24 14:06:36.283317,0.645
2024-04-24 14:06:36.287029,0.64
2024-04-24 14:06:36.291523,0.645
2024-04-24 14:06:36.295401,0.645
2024-04-24 14:06:36.299567,0.645
2024-04-24 14:06:36.303780,0.645
2024-04-24 14:06:36.307940,0.645
2024-04-24 14:06:36.312106,0.645
2024-04-24 14:06:36.320282,0.645
2024-04-24 14:06:36.321129,0.645
2024-04-24 14:06:36.325011,0.64
2024-04-24 14:06:36.328831,0.645
2024-04-24 14:06:36.333406,0.645
2024-04-24 14:06:36.337247,0.645
2024-04-24 14:06:36.341266,0.645
2024-04-24 14:06:36.345939,0.645
2024-04-24 14:06:36.349622,0.64
2024-04-24 14:06:36.354596,0.645
2024-04-24 14:06:36.358017,0.64
2024-04-24 14:06:36.363848,0.64
2024-04-24 14:06:36.366575,0.645
2024-04-24 14:06:36.370678,0.645
2024-04-24 14:06:36.374878,0.645
2024-04-24 14:06:36.378967,0.64
2024-04-24 14:06:36.383112,0.645
2024-04-24 14:06:36.391865,0.645
2024-04-24 14:06:36.392756,0.645
2024-04-24 14:06:36.396025,0.645
2024-04-24 14:06:36.399754,0.645
2024-04-24 14:06:36.403923,0.645
2024-04-24 14:06:36.408118,0.645
2024-04-24 14:06:36.412376,0.645
2024-04-24 14:06:36.416384,0.64
2024-04-24 14:06:36.420697,0.64
2024-04-24 14:06:36.427688,0.645
2024-04-24 14:06:36.429493,0.645
2024-04-24 14:06:36.433600,0.645
2024-04-24 14:06:36.437361,0.645
2024-04-24 14:06:36.441438,0.64
2024-04-24 14:06:36.445743,0.645
2024-04-24 14:06:36.449885,0.645
2024-04-24 14:06:36.454099,0.645
2024-04-24 14:06:36.458209,0.645
2024-04-24 14:06:36.463351,0.64
2024-04-24 14:06:36.466603,0.645
2024-04-24 14:06:36.470844,0.64
2024-04-24 14:06:36.474951,0.645
2024-04-24 14:06:36.479145,0.645
2024-04-24 14:06:36.483294,0.64
2024-04-24 14:06:36.487530,0.645
2024-04-24 14:06:36.493187,0.645
2024-04-24 14:06:36.498978,0.645
2024-04-24 14:06:36.499981,0.645
2024-04-24 14:06:36.505397,0.645
2024-04-24 14:06:36.508433,0.645
2024-04-24 14:06:36.512578,0.645
2024-04-24 14:06:36.516663,0.645
2024-04-24 14:06:36.520903,0.645
2024-04-24 14:06:36.525042,0.645
2024-04-24 14:06:36.529257,0.64
2024-04-24 14:06:36.535134,0.645
2024-04-24 14:06:36.537673,0.645
2024-04-24 14:06:36.541829,0.64
2024-04-24 14:06:36.545960,0.645
2024-04-24 14:06:36.550142,0.645
2024-04-24 14:06:36.554307,0.645
2024-04-24 14:06:36.558518,0.64
2024-04-24 14:06:36.562673,0.645
2024-04-24 14:06:36.571894,0.645
2024-04-24 14:06:36.572857,0.64
2024-04-24 14:06:36.575199,0.64
2024-04-24 14:06:36.579359,0.645
2024-04-24 14:06:36.583518,0.645
2024-04-24 14:06:36.587777,0.645
2024-04-24 14:06:36.592624,0.645
2024-04-24 14:06:36.596040,0.645
2024-04-24 14:06:36.600236,0.645
2024-04-24 14:06:36.608154,0.645
2024-04-24 14:06:36.609071,0.64
2024-04-24 14:06:36.612767,0.645
2024-04-24 14:06:36.616889,0.645
2024-04-24 14:06:36.621112,0.645
2024-04-24 14:06:36.625297,0.645
2024-04-24 14:06:36.629490,0.645
2024-04-24 14:06:36.633734,0.65
2024-04-24 14:06:36.637837,0.645
2024-04-24 14:06:36.644247,0.645
2024-04-24 14:06:36.646941,0.64
2024-04-24 14:06:36.650468,0.645
2024-04-24 14:06:36.654883,0.645
2024-04-24 14:06:36.658702,0.645
2024-04-24 14:06:36.662910,0.645
2024-04-24 14:06:36.667076,0.645
2024-04-24 14:06:36.671228,0.645
2024-04-24 14:06:36.675428,0.645
2024-04-24 14:06:36.679993,0.645
2024-04-24 14:06:36.683744,0.645
2024-04-24 14:06:36.688106,0.645
2024-04-24 14:06:36.692733,0.64
2024-04-24 14:06:36.696783,0.645
2024-04-24 14:06:36.700558,0.64
2024-04-24 14:06:36.704659,0.645
2024-04-24 14:06:36.709202,0.645
2024-04-24 14:06:36.715783,0.645
2024-04-24 14:06:36.718798,0.64
2024-04-24 14:06:36.721941,0.645
2024-04-24 14:06:36.726742,0.645
2024-04-24 14:06:36.729771,0.64
2024-04-24 14:06:36.733879,0.645
2024-04-24 14:06:36.738156,0.645
2024-04-24 14:06:36.742872,0.645
2024-04-24 14:06:36.746375,0.645
2024-04-24 14:06:36.752257,0.645
2024-04-24 14:06:36.754733,0.645
2024-04-24 14:06:36.758957,0.645
2024-04-24 14:06:36.763131,0.645
2024-04-24 14:06:36.768729,0.64
2024-04-24 14:06:36.771540,0.645
2024-04-24 14:06:36.775673,0.64
2024-04-24 14:06:36.780125,0.64
2024-04-24 14:06:36.787196,0.645
2024-04-24 14:06:36.788186,0.645
2024-04-24 14:06:36.794909,0.64
2024-04-24 14:06:36.796510,0.645
2024-04-24 14:06:36.800673,0.645
2024-04-24 14:06:36.804887,0.645
2024-04-24 14:06:36.809113,0.645
2024-04-24 14:06:36.813160,0.645
2024-04-24 14:06:36.817906,0.645
2024-04-24 14:06:36.824632,0.645
2024-04-24 14:06:36.825768,0.645
2024-04-24 14:06:36.829976,0.645
2024-04-24 14:06:36.834175,0.645
2024-04-24 14:06:36.838349,0.645
2024-04-24 14:06:36.843204,0.645
2024-04-24 14:06:36.846656,0.645
2024-04-24 14:06:36.851940,0.645
2024-04-24 14:06:36.855085,0.645
2024-04-24 14:06:36.860109,0.64
2024-04-24 14:06:36.863791,0.64
2024-04-24 14:06:36.867471,0.645
2024-04-24 14:06:36.871801,0.645
2024-04-24 14:06:36.875874,0.645
2024-04-24 14:06:36.880181,0.645
2024-04-24 14:06:36.884203,0.645
2024-04-24 14:06:36.888392,0.645
2024-04-24 14:06:36.897260,0.645
2024-04-24 14:06:36.898132,0.645
2024-04-24 14:06:36.900891,0.645
2024-04-24 14:06:36.906716,0.645
2024-04-24 14:06:36.909303,0.645
2024-04-24 14:06:36.913379,0.645
2024-04-24 14:06:36.918528,0.645
2024-04-24 14:06:36.921958,0.645
2024-04-24 14:06:36.925960,0.645
2024-04-24 14:06:36.934420,0.645
2024-04-24 14:06:36.935838,0.645
2024-04-24 14:06:36.938483,0.645
2024-04-24 14:06:36.942587,0.645
2024-04-24 14:06:36.947272,0.64
2024-04-24 14:06:36.951005,0.64
2024-04-24 14:06:36.955180,0.645
2024-04-24 14:06:36.959380,0.635
2024-04-24 14:06:36.963648,0.645
2024-04-24 14:06:36.972325,0.645
2024-04-24 14:06:36.973186,0.645
2024-04-24 14:06:36.978351,0.645
2024-04-24 14:06:36.980271,0.645
2024-04-24 14:06:36.984472,0.645
2024-04-24 14:06:36.988847,0.645
2024-04-24 14:06:36.995019,0.645
2024-04-24 14:06:36.997649,0.645
2024-04-24 14:06:37.001194,0.645
2024-04-24 14:06:37.008054,0.645
2024-04-24 14:06:37.009475,0.645
2024-04-24 14:06:37.015061,0.645
2024-04-24 14:06:37.017827,0.645
2024-04-24 14:06:37.022416,0.64
2024-04-24 14:06:37.026198,0.645
2024-04-24 14:06:37.031020,0.64
2024-04-24 14:06:37.034643,0.645
2024-04-24 14:06:37.038635,0.645
2024-04-24 14:06:37.043064,0.64
2024-04-24 14:06:37.047081,0.645
2024-04-24 14:06:37.051223,0.645
2024-04-24 14:06:37.055469,0.645
2024-04-24 14:06:37.059609,0.645
2024-04-24 14:06:37.063733,0.645
2024-04-24 14:06:37.067953,0.645
2024-04-24 14:06:37.072155,0.645
2024-04-24 14:06:37.078586,0.645
2024-04-24 14:06:37.082984,0.645
2024-04-24 14:06:37.084813,0.645
2024-04-24 14:06:37.088784,0.645
2024-04-24 14:06:37.093073,0.645
2024-04-24 14:06:37.097225,0.645
2024-04-24 14:06:37.101307,0.645
2024-04-24 14:06:37.105553,0.645
2024-04-24 14:06:37.109689,0.645
2024-04-24 14:06:37.114344,0.645
2024-04-24 14:06:37.118066,0.645
2024-04-24 14:06:37.122258,0.645
2024-04-24 14:06:37.126395,0.645
2024-04-24 14:06:37.134741,0.645
2024-04-24 14:06:37.135425,0.645
2024-04-24 14:06:37.139158,0.645
2024-04-24 14:06:37.149831,0.645
2024-04-24 14:06:37.150774,0.64
2024-04-24 14:06:37.151666,0.645
2024-04-24 14:06:37.155832,0.645
2024-04-24 14:06:37.159922,0.635
2024-04-24 14:06:37.164554,0.645
2024-04-24 14:06:37.168297,0.645
2024-04-24 14:06:37.175468,0.645
2024-04-24 14:06:37.176544,0.645
2024-04-24 14:06:37.187737,0.645
2024-04-24 14:06:37.188634,0.645
2024-04-24 14:06:37.189501,0.645
2024-04-24 14:06:37.193737,0.645
2024-04-24 14:06:37.197494,0.645
2024-04-24 14:06:37.201667,0.645
2024-04-24 14:06:37.205842,0.645
2024-04-24 14:06:37.209945,0.645
2024-04-24 14:06:37.214327,0.645
2024-04-24 14:06:37.222199,0.645
2024-04-24 14:06:37.223022,0.645
2024-04-24 14:06:37.226792,0.645
2024-04-24 14:06:37.230831,0.64
2024-04-24 14:06:37.234979,0.645
2024-04-24 14:06:37.239147,0.645
2024-04-24 14:06:37.244115,0.645
2024-04-24 14:06:37.247521,0.645
2024-04-24 14:06:37.251680,0.645
2024-04-24 14:06:37.259226,0.645
2024-04-24 14:06:37.260168,0.645
2024-04-24 14:06:37.264256,0.64
2024-04-24 14:06:37.268456,0.645
2024-04-24 14:06:37.272644,0.645
2024-04-24 14:06:37.276765,0.64
2024-04-24 14:06:37.280924,0.645
2024-04-24 14:06:37.285129,0.645
2024-04-24 14:06:37.289263,0.645
2024-04-24 14:06:37.293958,0.645
2024-04-24 14:06:37.297710,0.645
2024-04-24 14:06:37.301843,0.645
2024-04-24 14:06:37.306015,0.645
2024-04-24 14:06:37.310189,0.645
2024-04-24 14:06:37.314302,0.645
2024-04-24 14:06:37.318484,0.645
2024-04-24 14:06:37.322704,0.645
2024-04-24 14:06:37.329376,0.645
2024-04-24 14:06:37.332424,0.645
2024-04-24 14:06:37.335251,0.645
2024-04-24 14:06:37.339443,0.645
2024-04-24 14:06:37.343572,0.645
2024-04-24 14:06:37.347761,0.645
2024-04-24 14:06:37.351912,0.645
2024-04-24 14:06:37.356092,0.645
2024-04-24 14:06:37.360395,0.645
2024-04-24 14:06:37.365261,0.645
2024-04-24 14:06:37.369460,0.645
2024-04-24 14:06:37.372854,0.645
2024-04-24 14:06:37.376980,0.64
2024-04-24 14:06:37.386939,0.64
2024-04-24 14:06:37.387744,0.645
2024-04-24 14:06:37.389517,0.645
2024-04-24 14:06:37.393731,0.645
2024-04-24 14:06:37.401352,0.645
2024-04-24 14:06:37.402189,0.645
2024-04-24 14:06:37.406919,0.645
2024-04-24 14:06:37.410458,0.645
2024-04-24 14:06:37.414491,0.64
2024-04-24 14:06:37.418743,0.645
2024-04-24 14:06:37.423537,0.64
2024-04-24 14:06:37.427196,0.645
2024-04-24 14:06:37.437339,0.64
2024-04-24 14:06:37.438243,0.645
2024-04-24 14:06:37.440115,0.645
2024-04-24 14:06:37.444078,0.64
2024-04-24 14:06:37.448023,0.645
2024-04-24 14:06:37.452462,0.64
2024-04-24 14:06:37.456348,0.645
2024-04-24 14:06:37.460573,0.645
2024-04-24 14:06:37.464620,0.645
2024-04-24 14:06:37.469112,0.645
2024-04-24 14:06:37.474992,0.645
2024-04-24 14:06:37.477317,0.645
2024-04-24 14:06:37.485308,0.645
2024-04-24 14:06:37.486557,0.645
2024-04-24 14:06:37.489653,0.645
2024-04-24 14:06:37.502251,0.645
2024-04-24 14:06:37.503191,0.645
2024-04-24 14:06:37.504137,0.645
2024-04-24 14:06:37.506569,0.645
2024-04-24 14:06:37.510718,0.64
2024-04-24 14:06:37.515519,0.64
2024-04-24 14:06:37.519134,0.645
2024-04-24 14:06:37.523176,0.645
2024-04-24 14:06:37.527583,0.645
2024-04-24 14:06:37.531483,0.645
2024-04-24 14:06:37.535676,0.645
2024-04-24 14:06:37.539770,0.645
2024-04-24 14:06:37.544005,0.64
2024-04-24 14:06:37.551643,0.645
2024-04-24 14:06:37.552701,0.645
2024-04-24 14:06:37.560656,0.645
2024-04-24 14:06:37.561375,0.645
2024-04-24 14:06:37.565069,0.645
2024-04-24 14:06:37.569150,0.645
2024-04-24 14:06:37.573310,0.645
2024-04-24 14:06:38.034552,0.645
2024-04-24 14:06:38.038437,0.645
2024-04-24 14:06:38.043214,0.645
2024-04-24 14:06:38.062524,0.645
2024-04-24 14:06:38.070178,0.64
2024-04-24 14:06:38.114282,0.645
2024-04-24 14:06:38.410438,0.645
2024-04-24 14:06:38.828682,0.645
2024-04-24 14:06:38.957677,0.645
2024-04-24 14:06:38.971478,0.645
2024-04-24 14:06:38.980794,0.645
2024-04-24 14:06:38.993331,0.64
2024-04-24 14:06:39.006785,0.64
2024-04-24 14:06:39.027104,0.645
2024-04-24 14:06:39.032552,0.64
2024-04-24 14:06:39.039137,0.645
2024-04-24 14:06:39.063741,0.645
2024-04-24 14:06:39.094395,0.645
2024-04-24 14:06:39.105548,0.645
2024-04-24 14:06:39.110259,0.64
2024-04-24 14:06:39.112612,0.645
2024-04-24 14:06:39.113797,0.645
2024-04-24 14:06:39.114993,0.645
2024-04-24 14:06:39.116076,0.645
2024-04-24 14:06:39.118201,0.64
2024-04-24 14:06:39.119728,0.645
2024-04-24 14:06:39.120733,0.645
2024-04-24 14:06:39.121700,0.645
2024-04-24 14:06:39.122661,0.645
2024-04-24 14:06:39.123552,0.645
2024-04-24 14:06:39.124519,0.645
2024-04-24 14:06:39.125515,0.645
2024-04-24 14:06:39.126544,0.645
2024-04-24 14:06:39.128263,0.64
2024-04-24 14:06:39.129870,0.645
2024-04-24 14:06:39.131019,0.645
2024-04-24 14:06:39.136907,0.645
2024-04-24 14:06:39.138080,0.645
2024-04-24 14:06:39.139119,0.645
2024-04-24 14:06:39.140232,0.645
2024-04-24 14:06:39.141309,0.645
2024-04-24 14:06:39.144027,0.645
2024-04-24 14:06:39.144989,0.645
2024-04-24 14:06:39.145900,0.645
2024-04-24 14:06:39.146753,0.645
2024-04-24 14:06:39.148496,0.645
2024-04-24 14:06:39.149451,0.645
2024-04-24 14:06:39.150403,0.645
2024-04-24 14:06:39.151291,0.645
2024-04-24 14:06:39.152280,0.64
2024-04-24 14:06:39.153322,0.64
2024-04-24 14:06:39.154399,0.64
2024-04-24 14:06:39.155328,0.64
2024-04-24 14:06:39.156307,0.645
2024-04-24 14:06:39.157220,0.645
2024-04-24 14:06:39.158185,0.645
2024-04-24 14:06:39.159133,0.645
2024-04-24 14:06:39.160145,0.645
2024-04-24 14:06:39.164506,0.645
2024-04-24 14:06:39.165652,0.645
2024-04-24 14:06:39.166660,0.645
2024-04-24 14:06:39.167592,0.64
2024-04-24 14:06:39.168486,0.645
2024-04-24 14:06:39.175120,0.645
2024-04-24 14:06:39.176063,0.645
2024-04-24 14:06:39.177048,0.64
2024-04-24 14:06:39.179055,0.645
2024-04-24 14:06:39.179909,0.645
2024-04-24 14:06:39.180898,0.64
2024-04-24 14:06:39.181831,0.645
2024-04-24 14:06:39.182700,0.645
2024-04-24 14:06:39.183615,0.645
2024-04-24 14:06:39.184507,0.645
2024-04-24 14:06:39.185509,0.645
2024-04-24 14:06:39.186457,0.645
2024-04-24 14:06:39.187546,0.645
2024-04-24 14:06:39.188526,0.645
2024-04-24 14:06:39.189414,0.645
2024-04-24 14:06:39.190332,0.645
2024-04-24 14:06:39.191201,0.645
2024-04-24 14:06:39.192116,0.645
2024-04-24 14:06:39.193087,0.645
2024-04-24 14:06:39.194097,0.645
2024-04-24 14:06:39.195079,0.645
2024-04-24 14:06:39.196098,0.645
2024-04-24 14:06:39.197030,0.645
2024-04-24 14:06:39.197976,0.645
2024-04-24 14:06:39.198826,0.645
2024-04-24 14:06:39.199857,0.645
2024-04-24 14:06:39.200874,0.645
2024-04-24 14:06:39.201765,0.64
2024-04-24 14:06:39.202743,0.645
2024-04-24 14:06:39.203572,0.645
2024-04-24 14:06:39.204589,0.645
2024-04-24 14:06:39.209170,0.645
2024-04-24 14:06:39.210098,0.645
2024-04-24 14:06:39.211026,0.645
2024-04-24 14:06:39.213055,0.64
2024-04-24 14:06:39.214060,0.645
2024-04-24 14:06:39.215137,0.645
2024-04-24 14:06:39.216047,0.645
2024-04-24 14:06:39.217976,0.645
2024-04-24 14:06:39.219518,0.645
2024-04-24 14:06:39.220517,0.64
2024-04-24 14:06:39.221490,0.645
2024-04-24 14:06:39.222517,0.645
2024-04-24 14:06:39.227105,0.645
2024-04-24 14:06:39.228048,0.645
2024-04-24 14:06:39.229058,0.645
2024-04-24 14:06:39.230075,0.645
2024-04-24 14:06:39.231342,0.645
2024-04-24 14:06:39.232278,0.645
2024-04-24 14:06:39.233300,0.645
2024-04-24 14:06:39.234341,0.645
2024-04-24 14:06:39.235413,0.645
2024-04-24 14:06:39.236422,0.645
2024-04-24 14:06:39.239076,0.645
2024-04-24 14:06:39.240279,0.645
2024-04-24 14:06:39.241548,0.645
2024-04-24 14:06:39.242552,0.645
2024-04-24 14:06:39.243634,0.645
2024-04-24 14:06:39.250913,0.645
2024-04-24 14:06:39.252165,0.645
2024-04-24 14:06:39.253054,0.645
2024-04-24 14:06:39.253972,0.645
2024-04-24 14:06:39.256740,0.645
2024-04-24 14:06:39.259174,0.645
2024-04-24 14:06:39.261168,0.645
2024-04-24 14:06:39.262222,0.645
2024-04-24 14:06:39.263284,0.645
2024-04-24 14:06:39.264172,0.645
2024-04-24 14:06:39.265033,0.645
2024-04-24 14:06:39.265933,0.645
2024-04-24 14:06:39.266864,0.645
2024-04-24 14:06:39.267787,0.645
2024-04-24 14:06:39.268683,0.645
2024-04-24 14:06:39.275682,0.645
2024-04-24 14:06:39.276755,0.645
2024-04-24 14:06:39.277696,0.645
2024-04-24 14:06:39.278676,0.64
2024-04-24 14:06:39.279595,0.645
2024-04-24 14:06:39.280867,0.645
2024-04-24 14:06:39.281798,0.645
2024-04-24 14:06:39.283043,0.645
2024-04-24 14:06:39.283965,0.645
2024-04-24 14:06:39.285124,0.645
2024-04-24 14:06:39.286553,0.645
2024-04-24 14:06:39.297593,0.64
2024-04-24 14:06:39.299749,0.645
2024-04-24 14:06:39.301293,0.64
2024-04-24 14:06:39.303007,0.645
2024-04-24 14:06:39.303777,0.645
2024-04-24 14:06:39.304603,0.645
2024-04-24 14:06:39.305787,0.645
2024-04-24 14:06:39.306691,0.645
2024-04-24 14:06:39.307679,0.645
2024-04-24 14:06:39.308608,0.645
2024-04-24 14:06:39.309999,0.645
2024-04-24 14:06:39.310986,0.645
2024-04-24 14:06:39.312034,0.65
2024-04-24 14:06:39.313582,0.645
2024-04-24 14:06:39.314872,0.645
2024-04-24 14:06:39.316434,0.645
2024-04-24 14:06:39.317533,0.645
2024-04-24 14:06:39.318513,0.645
2024-04-24 14:06:39.319477,0.645
2024-04-24 14:06:39.320583,0.645
2024-04-24 14:06:39.321548,0.645
2024-04-24 14:06:39.322570,0.645
2024-04-24 14:06:39.327448,0.645
2024-04-24 14:06:39.329678,0.645
2024-04-24 14:06:39.330762,0.645
2024-04-24 14:06:39.332079,0.645
2024-04-24 14:06:39.333160,0.645
2024-04-24 14:06:39.335752,0.645
2024-04-24 14:06:39.336789,0.645
2024-04-24 14:06:39.337803,0.645
2024-04-24 14:06:39.339469,0.645
2024-04-24 14:06:39.340959,0.645
2024-04-24 14:06:39.342214,0.645
2024-04-24 14:06:39.343720,0.645
2024-04-24 14:06:39.345455,0.645
2024-04-24 14:06:39.346535,0.645
2024-04-24 14:06:39.348009,0.645
2024-04-24 14:06:39.349907,0.64
2024-04-24 14:06:39.351078,0.645
2024-04-24 14:06:39.352713,0.645
2024-04-24 14:06:39.353648,0.645
2024-04-24 14:06:39.354780,0.645
2024-04-24 14:06:39.358397,0.645
2024-04-24 14:06:39.359504,0.645
2024-04-24 14:06:39.360556,0.645
2024-04-24 14:06:39.365992,0.645
2024-04-24 14:06:39.366877,0.645
2024-04-24 14:06:39.367757,0.645
2024-04-24 14:06:39.368572,0.645
2024-04-24 14:06:39.369815,0.64
2024-04-24 14:06:39.371534,0.645
2024-04-24 14:06:39.373315,0.645
2024-04-24 14:06:39.374131,0.645
2024-04-24 14:06:39.375096,0.645
2024-04-24 14:06:39.376138,0.645
2024-04-24 14:06:39.376978,0.645
2024-04-24 14:06:39.377927,0.645
2024-04-24 14:06:39.378742,0.645
2024-04-24 14:06:39.379724,0.645
2024-04-24 14:06:39.380799,0.645
2024-04-24 14:06:39.381800,0.645
2024-04-24 14:06:39.382840,0.645
2024-04-24 14:06:39.384198,0.645
2024-04-24 14:06:39.385098,0.645
2024-04-24 14:06:39.386915,0.645
2024-04-24 14:06:39.388628,0.645
2024-04-24 14:06:39.389648,0.645
2024-04-24 14:06:39.390526,0.645
2024-04-24 14:06:39.391454,0.64
2024-04-24 14:06:39.392294,0.645
2024-04-24 14:06:39.393203,0.645
2024-04-24 14:06:39.394128,0.645
2024-04-24 14:06:39.395068,0.645
2024-04-24 14:06:39.395982,0.645
2024-04-24 14:06:39.396961,0.645
2024-04-24 14:06:39.397912,0.645
2024-04-24 14:06:39.398857,0.645
2024-04-24 14:06:39.404464,0.645
2024-04-24 14:06:39.405389,0.645
2024-04-24 14:06:39.406333,0.645
2024-04-24 14:06:39.407175,0.645
2024-04-24 14:06:39.408146,0.645
2024-04-24 14:06:39.410021,0.645
2024-04-24 14:06:39.411279,0.645
2024-04-24 14:06:39.412327,0.64
2024-04-24 14:06:39.413627,0.645
2024-04-24 14:06:39.414877,0.645
2024-04-24 14:06:39.415917,0.645
2024-04-24 14:06:39.416763,0.645
2024-04-24 14:06:39.417558,0.645
2024-04-24 14:06:39.418421,0.645
2024-04-24 14:06:39.419178,0.645
2024-04-24 14:06:39.420015,0.645
2024-04-24 14:06:39.420938,0.645
2024-04-24 14:06:39.421798,0.645
2024-04-24 14:06:39.422634,0.645
2024-04-24 14:06:39.423495,0.645
2024-04-24 14:06:39.424381,0.645
2024-04-24 14:06:39.425709,0.645
2024-04-24 14:06:39.428279,0.645
2024-04-24 14:06:39.429095,0.64
2024-04-24 14:06:39.429905,0.645
2024-04-24 14:06:39.430936,0.645
2024-04-24 14:06:39.431746,0.645
2024-04-24 14:06:39.432554,0.645
2024-04-24 14:06:39.433666,0.645
2024-04-24 14:06:39.434901,0.645
2024-04-24 14:06:39.440493,0.645
2024-04-24 14:06:39.442822,0.64
2024-04-24 14:06:39.444031,0.645
2024-04-24 14:06:39.447962,0.645
2024-04-24 14:06:39.451705,0.645
2024-04-24 14:06:39.452967,0.645
2024-04-24 14:06:39.454576,0.645
2024-04-24 14:06:39.455752,0.645
2024-04-24 14:06:39.456559,0.645
2024-04-24 14:06:39.457448,0.645
2024-04-24 14:06:39.458250,0.645
2024-04-24 14:06:39.459115,0.645
2024-04-24 14:06:39.460756,0.645
2024-04-24 14:06:39.461581,0.645
2024-04-24 14:06:39.462514,0.645
2024-04-24 14:06:39.463322,0.645
2024-04-24 14:06:39.464096,0.645
2024-04-24 14:06:39.464797,0.645
2024-04-24 14:06:39.465558,0.645
2024-04-24 14:06:39.466312,0.645
2024-04-24 14:06:39.467060,0.645
2024-04-24 14:06:39.467809,0.645
2024-04-24 14:06:39.468555,0.645
2024-04-24 14:06:39.469329,0.645
2024-04-24 14:06:39.470072,0.64
2024-04-24 14:06:39.470861,0.645
2024-04-24 14:06:39.471601,0.645
2024-04-24 14:06:39.472337,0.645
2024-04-24 14:06:39.473034,0.645
2024-04-24 14:06:39.473788,0.645
2024-04-24 14:06:39.474548,0.645
2024-04-24 14:06:39.475395,0.645
2024-04-24 14:06:39.476142,0.645
2024-04-24 14:06:39.476884,0.645
2024-04-24 14:06:39.478632,0.645
2024-04-24 14:06:39.479356,0.645
2024-04-24 14:06:39.480089,0.645
2024-04-24 14:06:39.480883,0.64
2024-04-24 14:06:39.481641,0.645
2024-04-24 14:06:39.482404,0.645
2024-04-24 14:06:39.483149,0.65
2024-04-24 14:06:39.483893,0.645
2024-04-24 14:06:39.484622,0.645
2024-04-24 14:06:39.485352,0.645
2024-04-24 14:06:39.486065,0.645
2024-04-24 14:06:39.486783,0.645
2024-04-24 14:06:39.487497,0.645
2024-04-24 14:06:39.488224,0.645
2024-04-24 14:06:39.489026,0.645
2024-04-24 14:06:39.489751,0.645
2024-04-24 14:06:39.490562,0.645
2024-04-24 14:06:39.491285,0.64
2024-04-24 14:06:39.492000,0.645
2024-04-24 14:06:39.492704,0.645
2024-04-24 14:06:39.493437,0.645
2024-04-24 14:06:39.494169,0.645
2024-04-24 14:06:39.494891,0.645
2024-04-24 14:06:39.495629,0.64
2024-04-24 14:06:39.496455,0.645
2024-04-24 14:06:39.497207,0.645
2024-04-24 14:06:39.497933,0.645
2024-04-24 14:06:39.498700,0.645
2024-04-24 14:06:39.499493,0.645
2024-04-24 14:06:39.500230,0.645
2024-04-24 14:06:39.504113,0.645
2024-04-24 14:06:39.504899,0.645
2024-04-24 14:06:39.505709,0.645
2024-04-24 14:06:39.506706,0.64
2024-04-24 14:06:39.507615,0.645
2024-04-24 14:06:39.513530,0.645
2024-04-24 14:06:39.516757,0.645
2024-04-24 14:06:39.517767,0.645
