118.687045,1054.,0.24174600699148824,0.1813467235797932,0.001857756642848761,91.0,0.03,0.07,-0.91
149.699987,1055.,0.24174600699148824,0.1813467235797932,0.001857756642848761,92.0,0.03,0.07,-0.91
192.869369,1055.,0.24174600699148824,0.1813467235797932,0.001857756642848761,92.0,0.03,0.07,-0.91
210.269494,1055.,0.24174600699148824,0.1813467235797932,0.001857756642848761,88.0,0.03,0.07,-0.91
230.489133,1055.,0.24174600699148824,0.1813467235797932,0.001857756642848761,88.0,0.03,0.07,-0.91
247.241895,1055.,0.24174600699148824,0.1813467235797932,0.001857756642848761,92.0,0.03,0.07,-0.91
277.268061,1055.,0.24174600699148824,0.1813467235797932,0.001857756642848761,88.0,0.03,0.07,-0.91
298.79626,1055.,0.24174600699148824,0.1813467235797932,0.001857756642848761,90.0,0.03,0.07,-0.91
328.752387,1055.,0.24174600699148824,0.1813467235797932,0.001857756642848761,93.0,0.03,0.07,-0.91
355.882094,1055.,0.24174600699148824,0.1813467235797932,0.001857756642848761,88.0,0.03,0.07,-0.91
385.312915,1055.,0.24174600699148824,0.1813467235797932,0.001857756642848761,89.0,0.03,0.07,-0.91
408.044673,1055.,0.24174600699148824,0.1813467235797932,0.001857756642848761,92.0,0.03,0.07,-0.91
426.647579,1055.,0.24174600699148824,0.1813467235797932,0.001857756642848761,87.0,0.03,0.07,-0.91
445.825847,1055.,0.24174600699148824,0.1813467235797932,0.001857756642848761,89.0,0.03,0.07,-0.91
465.445697,1055.,0.24174600699148824,0.1813467235797932,0.001857756642848761,89.0,0.03,0.07,-0.91
491.193157,1055.,0.24174600699148824,0.1813467235797932,0.001857756642848761,89.0,0.03,0.07,-0.91
514.364015,1054.,0.24174600699148824,0.1813467235797932,0.001857756642848761,88.0,0.03,0.07,-0.91
532.910364,1054.,0.24174600699148824,0.1813467235797932,0.001857756642848761,89.0,0.03,0.07,-0.91
555.681808,1054.,0.24174600699148824,0.1813467235797932,0.001857756642848761,90.0,0.03,0.07,-0.91
573.08773,1054.,0.24174600699148824,0.1813467235797932,0.001857756642848761,91.0,0.03,0.07,-0.91
594.121013,1054.,0.24174600699148824,0.1813467235797932,0.001857756642848761,89.0,0.03,0.07,-0.91
617.760249,1054.,0.24174600699148824,0.1813467235797932,0.001857756642848761,90.0,0.03,0.07,-0.91
645.001606,1054.,0.24174600699148824,0.1813467235797932,0.001857756642848761,90.0,0.03,0.07,-0.91
667.00148,1054.,0.24174600699148824,0.1813467235797932,0.001857756642848761,91.0,0.03,0.07,-0.91
689.784776,1054.,0.24174600699148824,0.1813467235797932,0.001857756642848761,86.0,0.03,0.07,-0.91
716.932297,1054.,0.24174600699148824,0.1813467235797932,0.001857756642848761,89.0,0.03,0.07,-0.91
738.12125,1054.,0.24174600699148824,0.1813467235797932,0.001857756642848761,85.0,0.03,0.07,-0.91
757.441039,1054.,0.24174600699148824,0.1813467235797932,0.001857756642848761,90.0,0.03,0.07,-0.91
773.43601,1054.,0.24174600699148824,0.1813467235797932,0.001857756642848761,94.0,0.03,0.07,-0.91
799.668941,1054.,0.24174600699148824,0.1813467235797932,0.001857756642848761,85.0,0.03,0.07,-0.91
823.023987,1054.,0.24174600699148824,0.1813467235797932,0.001857756642848761,91.0,0.03,0.07,-0.91
839.421261,1054.,0.24174600699148824,0.1813467235797932,0.001857756642848761,90.0,0.03,0.07,-0.91
864.266168,1054.,0.24174600699148824,0.1813467235797932,0.001857756642848761,93.0,0.03,0.07,-0.91
882.789887,1054.,0.24174600699148824,0.1813467235797932,0.001857756642848761,88.0,0.03,0.07,-0.91
906.903762,1054.,0.24174600699148824,0.1813467235797932,0.001857756642848761,89.0,0.03,0.07,-0.91
930.983396,1054.,0.24174600699148824,0.1813467235797932,0.001857756642848761,89.0,0.03,0.07,-0.91
950.620191,1054.,0.24174600699148824,0.1813467235797932,0.001857756642848761,86.0,0.03,0.07,-0.91
979.850694,1054.,0.24174600699148824,0.1813467235797932,0.001857756642848761,94.0,0.03,0.07,-0.91
1005.811472,1054.,0.24174600699148824,0.1813467235797932,0.001857756642848761,87.0,0.03,0.07,-0.91
1034.611394,1054.,0.24174600699148824,0.1813467235797932,0.001857756642848761,94.0,0.03,0.07,-0.91
1057.050294,1054.,0.24174600699148824,0.1813467235797932,0.001857756642848761,88.0,0.03,0.07,-0.91
1090.491595,1054.,0.24174600699148824,0.1813467235797932,0.001857756642848761,92.0,0.03,0.07,-0.91
1114.649915,1054.,0.24174600699148824,0.1813467235797932,0.001857756642848761,87.0,0.03,0.07,-0.91
1132.359916,1054.,0.24174600699148824,0.1813467235797932,0.001857756642848761,87.0,0.03,0.07,-0.91
1151.350904,1054.,0.24174600699148824,0.1813467235797932,0.001857756642848761,89.0,0.03,0.07,-0.91
1178.493147,1054.,0.24174600699148824,0.1813467235797932,0.001857756642848761,90.0,0.03,0.07,-0.91
1202.986825,1054.,0.24174600699148824,0.1813467235797932,0.001857756642848761,88.0,0.03,0.07,-0.91
1224.492765,1054.,0.24174600699148824,0.1813467235797932,0.001857756642848761,86.0,0.03,0.07,-0.91
1242.80374,1054.,0.24174600699148824,0.1813467235797932,0.001857756642848761,91.0,0.03,0.07,-0.91
1261.561741,1054.,0.24174600699148824,0.1813467235797932,0.001857756642848761,88.0,0.03,0.07,-0.91
1287.01964,1054.,0.24174600699148824,0.1813467235797932,0.001857756642848761,90.0,0.03,0.07,-0.91
1310.193591,1054.,0.24174600699148824,0.1813467235797932,0.001857756642848761,93.0,0.03,0.07,-0.91
1328.635087,1054.,0.24174600699148824,0.1813467235797932,0.001857756642848761,93.0,0.03,0.07,-0.91
1353.742646,1054.,0.24174600699148824,0.1813467235797932,0.001857756642848761,90.0,0.03,0.07,-0.91
1372.585742,1054.,0.24174600699148824,0.1813467235797932,0.001857756642848761,89.0,0.03,0.07,-0.91
1389.522988,1054.,0.24174600699148824,0.1813467235797932,0.001857756642848761,93.0,0.03,0.07,-0.91
1414.571565,1054.,0.24174600699148824,0.1813467235797932,0.001857756642848761,90.0,0.03,0.07,-0.91
1438.058799,1054.,0.24174600699148824,0.1813467235797932,0.001857756642848761,88.0,0.03,0.07,-0.91
1454.409424,1054.,0.24174600699148824,0.1813467235797932,0.001857756642848761,93.0,0.03,0.07,-0.91
1479.059883,1054.,0.24174600699148824,0.1813467235797932,0.001857756642848761,88.0,0.03,0.07,-0.91
1495.587122,1054.,0.24174600699148824,0.1813467235797932,0.001857756642848761,90.0,0.03,0.07,-0.91
1518.445197,1054.,0.24174600699148824,0.1813467235797932,0.001857756642848761,90.0,0.03,0.07,-0.91
1540.726373,1054.,0.24174600699148824,0.1813467235797932,0.001857756642848761,87.0,0.03,0.07,-0.91
1561.763267,1054.,0.24174600699148824,0.1813467235797932,0.001857756642848761,89.0,0.03,0.07,-0.91
1581.918423,1054.,0.24174600699148824,0.1813467235797932,0.001857756642848761,91.0,0.03,0.07,-0.91
1603.575476,1054.,0.24174600699148824,0.1813467235797932,0.001857756642848761,89.0,0.03,0.07,-0.91
1620.84771,1054.,0.24174600699148824,0.1813467235797932,0.001857756642848761,92.0,0.03,0.07,-0.91
1643.335575,1054.,0.24174600699148824,0.1813467235797932,0.001857756642848761,86.0,0.03,0.07,-0.91
1662.93248,1054.,0.24174600699148824,0.1813467235797932,0.001857756642848761,94.0,0.03,0.07,-0.91
1681.130342,1054.,0.24174600699148824,0.1813467235797932,0.001857756642848761,85.0,0.03,0.07,-0.91
1704.538649,1054.,0.24174600699148824,0.1813467235797932,0.001857756642848761,90.0,0.03,0.07,-0.91
1728.079828,1054.,0.24174600699148824,0.1813467235797932,0.001857756642848761,89.0,0.03,0.07,-0.91
1746.01337,1054.,0.24174600699148824,0.1813467235797932,0.001857756642848761,84.0,0.03,0.07,-0.91
1764.465181,1054.,0.24174600699148824,0.1813467235797932,0.001857756642848761,90.0,0.03,0.07,-0.91
1787.316923,1054.,0.24174600699148824,0.1813467235797932,0.001857756642848761,92.0,0.03,0.07,-0.91
1811.272943,1054.,0.24174600699148824,0.1813467235797932,0.001857756642848761,90.0,0.03,0.07,-0.91
1835.843844,1054.,0.24174600699148824,0.1813467235797932,0.001857756642848761,91.0,0.03,0.07,-0.91
1856.733421,1054.,0.24174600699148824,0.1813467235797932,0.001857756642848761,95.0,0.03,0.07,-0.91
1875.44007,1054.,0.24174600699148824,0.1813467235797932,0.001857756642848761,86.0,0.03,0.07,-0.91
1893.630709,1054.,0.24174600699148824,0.1813467235797932,0.001857756642848761,87.0,0.03,0.07,-0.91
1917.661694,1054.,0.24174600699148824,0.1813467235797932,0.001857756642848761,93.0,0.03,0.07,-0.91
1933.587941,1054.,0.24174600699148824,0.1813467235797932,0.001857756642848761,90.0,0.03,0.07,-0.91
1962.113265,1054.,0.24174600699148824,0.1813467235797932,0.001857756642848761,87.0,0.03,0.07,-0.91
1977.631783,1054.,0.24174600699148824,0.1813467235797932,0.001857756642848761,87.0,0.03,0.07,-0.91
2003.916919,1054.,0.24174600699148824,0.1813467235797932,0.001857756642848761,89.0,0.03,0.07,-0.91
2023.814366,1055.,0.24174600699148824,0.1813467235797932,0.001857756642848761,90.0,0.03,0.07,-0.91
2041.739501,1055.,0.24174600699148824,0.1813467235797932,0.001857756642848761,90.0,0.03,0.07,-0.91
2060.732803,1055.,0.24174600699148824,0.1813467235797932,0.001857756642848761,94.0,0.03,0.07,-0.91
2084.336891,1055.,0.24174600699148824,0.1813467235797932,0.001857756642848761,94.0,0.03,0.07,-0.91
2107.847589,1055.,0.24174600699148824,0.1813467235797932,0.001857756642848761,90.0,0.03,0.07,-0.91
2126.202194,1054.,0.24174600699148824,0.1813467235797932,0.001857756642848761,90.0,0.03,0.07,-0.91
2145.625893,1054.,0.24174600699148824,0.1813467235797932,0.001857756642848761,88.0,0.03,0.07,-0.91
2172.663987,1054.,0.24174600699148824,0.1813467235797932,0.001857756642848761,90.0,0.03,0.07,-0.91
2198.424724,1054.,0.24174600699148824,0.1813467235797932,0.001857756642848761,89.0,0.03,0.07,-0.91
2215.896055,1054.,0.24174600699148824,0.1813467235797932,0.001857756642848761,88.0,0.03,0.07,-0.91
2238.650239,1054.,0.24174600699148824,0.1813467235797932,0.001857756642848761,93.0,0.03,0.07,-0.91
2256.084957,1054.,0.24174600699148824,0.1813467235797932,0.001857756642848761,97.0,0.03,0.07,-0.91
2281.784546,1054.,0.24174600699148824,0.1813467235797932,0.001857756642848761,89.0,0.03,0.07,-0.91
2304.608601,1054.,0.24174600699148824,0.1813467235797932,0.001857756642848761,92.0,0.03,0.07,-0.91
2321.015265,1054.,0.24174600699148824,0.1813467235797932,0.001857756642848761,89.0,0.03,0.07,-0.91
2341.460833,1054.,0.24174600699148824,0.1813467235797932,0.001857756642848761,90.0,0.03,0.07,-0.91
2366.055643,1054.,0.24174600699148824,0.1813467235797932,0.001857756642848761,88.0,0.03,0.07,-0.91
2383.654438,1054.,0.24174600699148824,0.1813467235797932,0.001857756642848761,87.0,0.03,0.07,-0.91
2407.912445,1054.,0.24174600699148824,0.1813467235797932,0.001857756642848761,93.0,0.03,0.07,-0.91
2431.606313,1054.,0.24174600699148824,0.1813467235797932,0.001857756642848761,90.0,0.03,0.07,-0.91
2449.902343,1054.,0.24174600699148824,0.1813467235797932,0.001857756642848761,87.0,0.03,0.07,-0.91
2470.60375,1054.,0.7908788916855284,-0.995857147415875,-0.2535347068031569,92.0,-0.02,0.07,-0.99
2490.063208,1054.,0.7728084641713143,-0.9756239403615801,-0.23378376776080467,92.0,-0.02,0.07,-0.99
2508.432203,1054.,0.7561623116184897,-0.9553294419484548,-0.2153841152240931,91.0,-0.02,0.07,-0.99
2533.7921,1054.,0.772203523521378,-0.9325631234501348,-0.2138991519582038,94.0,-0.01,0.07,-0.99
2557.165795,1054.,0.768307504785059,-0.9042397376980578,-0.22280676348632314,90.0,0.0,0.05,-0.99
2575.086708,1054.,0.7541890399072216,-0.8842170461427432,-0.20671413936705713,95.0,0.03,0.13,-1.0
2594.450146,1054.,0.7703909413527661,-0.8618633796105287,-0.20494251221877943,94.0,0.07,0.11,-0.95
2619.415869,1054.,0.7576750599409996,-0.8419742010692508,-0.19005107735483892,94.0,-0.02,0.02,-1.01
2635.871459,1054.,0.7458259920887648,-0.8220655062831311,-0.1759490097067315,84.0,-0.02,0.04,-0.99
2662.089594,1054.,0.7435105379311112,-0.794385977987568,-0.18628347099584763,89.0,-0.1,0.05,-1.01
2689.271987,1054.,0.7601611875274148,-0.7725492019454178,-0.18434465811319162,92.0,-0.07,0.01,-1.01
2711.153025,1054.,0.7498381931667361,-0.7529009179288074,-0.17152816922557937,89.0,-0.06,0.06,-1.0
2728.724246,1054.,0.7401730490137576,-0.7332454585217487,-0.1592886207583952,93.0,-0.02,0.07,-1.0
2752.442244,1054.,0.7311205246271534,-0.7135882908150954,-0.1475798153370479,89.0,-0.06,0.03,-1.0
2775.838662,1054.,0.7553187011268264,-0.6846051991986308,-0.16770892932792,90.0,0.01,0.1,-0.97
2796.670311,1054.,0.7468110753021558,-0.6651895358917789,-0.15637124498951013,87.0,-0.02,0.09,-0.98
2813.63517,1054.,0.7388234848889473,-0.6457726575957994,-0.14546769567437257,91.0,-0.05,-0.0,-1.04
2834.908772,1054.,0.7313247099994463,-0.626358170946656,-0.1349657150012566,86.0,0.02,0.09,-0.97
2856.562473,1054.,0.7242862475779714,-0.6069491673009617,-0.12483535548340252,100.0,-0.06,0.06,-0.94
2882.205097,1055.,0.7420769640723398,-0.5862303948136587,-0.12239681000809409,91.0,-0.07,-0.0,-1.04
2901.608685,1055.,0.7356465552192901,-0.5669505614446229,-0.11260784156853842,90.0,-0.02,0.01,-0.98
2921.91764,1055.,0.7296166665074184,-0.5476788697275881,-0.10312310097724597,90.0,0.08,-0.02,-0.98
2937.420694,1055.,0.7239668985973507,-0.5284172048266012,-0.09392029372769405,90.0,-0.0,0.14,-1.0
2965.450176,1055.,0.7232518723827374,-0.5019064136782347,-0.10542139814968599,87.0,0.05,0.14,-0.95
2980.794672,1055.,0.7181090089327035,-0.48273237411962966,-0.09660528819211639,91.0,-0.02,0.06,-0.94
3000.326762,1055.,0.713297563293414,-0.4635685335224735,-0.08801815428294443,85.0,-0.0,0.08,-1.05
3034.978825,1055.,0.713297563293414,-0.4635685335224735,-0.08801815428294443,95.0,-0.03,0.05,-1.01
3054.030795,1055.,0.7046121689693075,-0.42527540603610325,-0.07146458686970773,86.0,0.02,0.04,-0.94
3092.099122,1055.,0.7046121689693075,-0.42527540603610325,-0.07146458686970773,86.0,0.04,0.04,-0.95
3113.495541,1055.,0.7007127147848965,-0.40614763757212025,-0.06346758945311959,90.0,-0.04,-0.0,-0.98
3136.118519,1055.,0.6970934920103343,-0.38703314569089375,-0.055638254728028184,93.0,-0.13,0.01,-1.02
3154.427531,1055.,0.6969078641413173,-0.3610139179351479,-0.06763772522788311,93.0,-0.11,0.01,-1.02
3176.88634,1055.,0.6936411712434807,-0.3419674299534523,-0.06002589935528113,89.0,0.02,0.08,-0.98
3197.889918,1055.,0.6936411712434807,-0.3419674299534523,-0.06002589935528113,90.0,0.04,0.09,-0.96
3218.083872,1055.,0.6906285446817869,-0.3229320209323294,-0.052548914319260086,87.0,0.07,0.11,-0.97
3236.413477,1055.,0.6906285446817869,-0.3229320209323294,-0.052548914319260086,87.0,0.11,0.12,-0.96
3258.586947,1055.,0.6878620559690284,-0.3039078453999946,-0.04519554540164565,88.0,0.13,0.14,-0.92
3282.475947,1055.,0.6853344787893382,-0.28489496889160515,-0.03795510141486206,94.0,0.05,0.13,-0.93
3301.435934,1055.,0.6853344787893382,-0.28489496889160515,-0.03795510141486206,86.0,0.18,0.1,-0.87
3319.882874,1055.,0.6612927023631491,-0.2662069565791194,-0.027907940304856098,88.0,-0.07,0.07,-0.95
3343.374701,1055.,0.6612927023631491,-0.2662069565791194,-0.027907940304856098,95.0,-0.05,0.08,-0.95
3360.664417,1055.,0.6612927023631491,-0.2662069565791194,-0.027907940304856098,90.0,0.16,0.13,-0.92
3383.66192,1055.,0.6593078542210382,-0.24714218621931794,-0.021083634887515985,93.0,-0.1,0.02,-1.02
3410.257006,1055.,0.6593078542210382,-0.24714218621931794,-0.021083634887515985,88.0,-0.05,0.12,-0.92
3427.495258,1055.,0.6377224884540492,-0.2473519821205692,-0.01840172977027979,89.0,-0.07,0.02,-1.05
3448.103293,1055.,0.6360292827071624,-0.22822868631261728,-0.011875725556769615,89.0,-0.03,0.09,-0.97
3471.294022,1055.,0.6360292827071624,-0.22822868631261728,-0.011875725556769615,88.0,0.01,0.1,-0.95
3489.157396,1055.,0.6379790019120164,-0.2219280141838842,-0.031204644364946674,92.0,0.08,0.09,-1.01
3511.871931,1055.,0.6363184339722967,-0.2028383082433154,-0.02469876365424454,88.0,0.09,0.07,-0.95
3534.987825,1055.,0.614977904651813,-0.20308765988380606,-0.022525909150052776,89.0,0.0,0.1,-1.02
3551.466194,1055.,0.614977904651813,-0.20308765988380606,-0.022525909150052776,88.0,-0.06,0.01,-1.04
3571.280788,1055.,0.614977904651813,-0.20308765988380606,-0.022525909150052776,89.0,-0.07,0.07,-0.99
3595.234012,1055.,0.6135792524644406,-0.1839407312803676,-0.01629668376438994,85.0,-0.04,0.06,-0.92
3611.888865,1055.,0.5923701626628761,-0.18410179596520715,-0.014339791944260242,93.0,0.04,0.08,-1.0
3634.910406,1055.,0.5923701626628761,-0.18410179596520715,-0.014339791944260242,88.0,-0.03,0.09,-1.03
3652.529035,1055.,0.5923701626628761,-0.18410179596520715,-0.014339791944260242,92.0,-0.01,0.05,-0.97
3674.726283,1055.,0.5923701626628761,-0.18410179596520715,-0.014339791944260242,95.0,-0.01,0.09,-0.97
3700.890121,1055.,0.5912172157776828,-0.16490110368545086,-0.00837501275911821,83.0,-0.02,0.07,-1.01
3714.557457,1055.,0.5701303358265953,-0.16497967720201112,-0.00663202863224542,87.0,-0.03,0.04,-1.04
3747.031926,1055.,0.5701303358265953,-0.16497967720201112,-0.00663202863224542,90.0,-0.05,0.05,-1.01
3773.752329,1055.,0.5701303358265953,-0.16497967720201112,-0.00663202863224542,89.0,0.02,0.08,-1.01
3797.987835,1055.,0.5491076596590259,-0.16503983865047922,-0.004893607419695713,90.0,0.0,0.08,-0.99
3812.45426,1133.,0.5491076596590259,-0.16503983865047922,-0.004893607419695713,87.0,-0.04,0.04,-1.0
3831.312375,1133.,0.5482337768193033,-0.14572985049989629,0.0006106391404297126,85.0,-0.06,0.06,-1.04
3858.535509,1133.,0.5482337768193033,-0.14572985049989629,0.0006106391404297126,90.0,0.05,0.11,-0.97
3881.13319,1133.,0.5273213434139251,-0.14571556161608745,0.002137062530562704,86.0,-0.02,0.07,-1.0
3905.361252,1133.,0.5273213434139251,-0.14571556161608745,0.002137062530562704,90.0,-0.02,0.05,-0.99
3918.656897,1172.,0.5273213434139251,-0.14571556161608745,0.002137062530562704,90.0,-0.09,0.04,-1.0
3952.164792,1172.,0.5273213434139251,-0.14571556161608745,0.002137062530562704,88.0,-0.0,0.07,-1.01
3972.040165,1198.,0.5064675479002884,-0.1456855049313719,0.003658970903085679,90.0,-0.01,0.1,-1.02
3988.873743,1198.,0.5064675479002884,-0.1456855049313719,0.003658970903085679,90.0,0.07,0.13,-0.96
4019.565643,1198.,0.5064675479002884,-0.1456855049313719,0.003658970903085679,89.0,-0.02,0.08,-1.02
4040.401663,1198.,0.5069712779265546,-0.12125691967126184,-0.010752491581339108,91.0,-0.03,0.02,-1.07
4064.88686,1240.,0.4862257694468893,-0.12136153325583465,-0.009492656312712872,90.0,-0.1,0.13,-1.01
4092.711597,1247.,0.4862257694468893,-0.12136153325583465,-0.009492656312712872,86.0,0.14,0.05,-0.91
4119.136662,1246.,0.4862257694468893,-0.12136153325583465,-0.009492656312712872,87.0,-0.05,0.09,-1.04
4134.151819,1246.,0.4655329892141932,-0.12145290452745683,-0.00823499810730622,93.0,-0.09,0.06,-0.99
4158.939076,1246.,0.4655329892141932,-0.12145290452745683,-0.00823499810730622,89.0,0.01,0.11,-1.0
4178.308385,1246.,0.4655329892141932,-0.12145290452745683,-0.00823499810730622,90.0,0.04,0.1,-0.95
4201.475928,1247.,0.4655329892141932,-0.12145290452745683,-0.00823499810730622,94.0,-0.07,0.09,-1.0
4233.052788,1269.,0.44489038527235725,-0.12153113190240306,-0.006979504614316642,86.0,0.07,0.06,-1.01
4257.3775,1278.,0.44489038527235725,-0.12153113190240306,-0.006979504614316642,90.0,-0.08,-0.01,-1.02
4279.957681,1278.,0.4443455970449335,-0.10199337259607577,-0.0025298235086003897,90.0,-0.14,0.07,-1.0
4298.64507,1278.,0.42429545776114663,-0.12159630850977554,-0.0057261643326397505,93.0,0.15,0.13,-0.99
4320.282679,1278.,0.4237850505471265,-0.1020139315541384,-0.0014802797553250045,87.0,-0.01,0.02,-0.96
4338.154239,1302.,0.4237850505471265,-0.1020139315541384,-0.0014802797553250045,83.0,0.0,0.08,-1.04
4357.558863,1302.,0.4237850505471265,-0.1020139315541384,-0.0014802797553250045,91.0,-0.04,0.11,-0.99
4383.073467,1302.,0.4032697175063484,-0.10202371837995461,-0.0004328871745725307,92.0,0.13,0.2,-0.97
4405.895467,1303.,0.4032697175063484,-0.10202371837995461,-0.0004328871745725307,92.0,-0.07,-0.05,-0.96
4423.584227,1303.,0.4032697175063484,-0.10202371837995461,-0.0004328871745725307,89.0,-0.11,0.15,-1.01
4446.149259,1303.,0.4032697175063484,-0.10202371837995461,-0.0004328871745725307,82.0,-0.18,0.06,-1.03
4460.630981,1303.,0.4032697175063484,-0.10202371837995461,-0.0004328871745725307,85.0,-0.08,-0.02,-1.07
4480.165348,1303.,0.3827971895289456,-0.10202280217136717,0.000612365748697098,87.0,0.02,0.12,-1.0
4506.36176,1298.,0.3827971895289456,-0.10202280217136717,0.000612365748697098,94.0,-0.15,0.03,-1.02
4530.057887,1298.,0.3827971895289456,-0.10202280217136717,0.000612365748697098,89.0,-0.2,-0.02,-0.96
4553.965055,1298.,0.3827971895289456,-0.10202280217136717,0.000612365748697098,91.0,0.11,0.07,-1.0
4568.390275,1297.,0.36236510100622715,-0.10201124800585237,0.0016554897465626919,97.0,0.1,0.05,-1.01
4597.87045,1297.,0.3620671948624718,-0.0823171027140972,0.005273924941689619,88.0,0.11,0.16,-0.92
4625.611426,1297.,0.36236510100622715,-0.10201124800585237,0.0016554897465626919,96.0,0.2,0.06,-0.9
4654.159399,1297.,0.3620671948624718,-0.0823171027140972,0.005273924941689619,88.0,0.05,0.07,-1.01
4679.521481,1297.,0.34170144487508175,-0.08225922790452089,0.006112328639274236,91.0,-0.1,0.04,-0.99
4706.179161,1297.,0.34170144487508175,-0.08225922790452089,0.006112328639274236,88.0,-0.14,0.01,-1.01
4734.296219,1297.,0.34170144487508175,-0.08225922790452089,0.006112328639274236,88.0,-0.24,-0.0,-1.08
4750.807402,1297.,0.341971126298266,-0.1019891170510363,0.0026964947899906036,90.0,0.18,0.04,-0.91
4774.869962,1297.,0.3213714846888091,-0.08219295725977527,0.006948624767477572,87.0,0.29,0.14,-0.96
4791.925748,1297.,0.3213714846888091,-0.08219295725977527,0.006948624767477572,92.0,-0.09,0.05,-0.96
4815.875583,1298.,0.3213714846888091,-0.08219295725977527,0.006948624767477572,88.0,-0.11,0.08,-1.02
4838.616544,1298.,0.3213714846888091,-0.08219295725977527,0.006948624767477572,90.0,0.04,0.04,-1.05
4856.737312,1347.,0.3213714846888091,-0.08219295725977527,0.006948624767477572,90.0,0.02,0.15,-0.95
4877.452349,1347.,0.3010750579507089,-0.08211833361238052,0.007782822898915508,97.0,-0.1,0.06,-1.0
4899.36761,1347.,0.3010750579507089,-0.08211833361238052,0.007782822898915508,91.0,-0.17,0.06,-1.04
4916.766143,1351.,0.3010750579507089,-0.08211833361238052,0.007782822898915508,91.0,0.13,0.04,-0.92
4942.530511,1361.,0.3010750579507089,-0.08211833361238052,0.007782822898915508,91.0,-0.15,0.01,-1.02
4968.401472,1376.,0.3010750579507089,-0.08211833361238052,0.007782822898915508,91.0,-0.04,0.07,-0.97
4991.597942,1374.,0.30095215155229743,-0.06233116212411516,0.010784755109115739,92.0,-0.04,0.07,-1.03
5005.647452,1374.,0.2807090876147748,-0.06221891990532202,0.011415263688906914,93.0,0.12,0.06,-0.93
5033.317632,1374.,0.2807090876147748,-0.06221891990532202,0.011415263688906914,87.0,0.04,0.07,-1.03
5059.049109,1374.,0.2807090876147748,-0.06221891990532202,0.011415263688906914,93.0,0.01,-0.02,-0.89
5083.357469,1374.,0.2807090876147748,-0.06221891990532202,0.011415263688906914,93.0,0.08,0.09,-0.99
5100.313291,1401.,0.2807090876147748,-0.06221891990532202,0.011415263688906914,86.0,-0.2,0.04,-1.01
5116.521747,1401.,0.26049508654061,-0.06210048225139464,0.012043697935940024,86.0,0.12,0.02,-0.97
5150.217126,1398.,0.26049508654061,-0.06210048225139464,0.012043697935940024,88.0,0.2,0.12,-0.92
5166.565863,1398.,0.26049508654061,-0.06210048225139464,0.012043697935940024,93.0,0.07,0.09,-1.01
5190.557439,1398.,0.26049508654061,-0.06210048225139464,0.012043697935940024,88.0,-0.03,-0.01,-0.96
5207.851414,1398.,0.26049508654061,-0.06210048225139464,0.012043697935940024,88.0,0.06,0.2,-0.98
5232.022494,1398.,0.2403079792277166,-0.06197587483465261,0.012670065957026204,89.0,-0.24,0.03,-1.09
5256.067127,1398.,0.2403079792277166,-0.06197587483465261,0.012670065957026204,87.0,0.24,0.07,-0.92
5275.427288,1398.,0.2403079792277166,-0.06197587483465261,0.012670065957026204,88.0,0.05,0.04,-1.02
5293.964896,1398.,0.2403079792277166,-0.06197587483465261,0.012670065957026204,87.0,0.21,0.15,-0.91
5318.273293,1398.,0.2403079792277166,-0.06197587483465261,0.012670065957026204,91.0,-0.05,0.04,-1.04
5342.618191,1398.,0.2403079792277166,-0.06197587483465261,0.012670065957026204,88.0,0.09,0.13,-0.99
5364.236484,1398.,0.22017647110391445,-0.04195951239986773,0.015487851175301246,94.0,-0.04,0.15,-0.91
5388.189394,1401.,0.22017647110391445,-0.04195951239986773,0.015487851175301246,92.0,0.18,0.19,-0.93
5407.522072,1400.,0.22014562173411384,-0.06184512128555775,0.013294375185427464,87.0,0.24,0.14,-0.87
5432.86308,1404.,0.22017647110391445,-0.04195951239986773,0.015487851175301246,89.0,-0.16,0.08,-0.95
5455.519559,1433.,0.22017647110391445,-0.04195951239986773,0.015487851175301246,92.0,-0.01,0.13,-1.0
5471.743719,1433.,0.22017647110391445,-0.04195951239986773,0.015487851175301246,90.0,0.08,0.2,-0.91
5492.020062,1433.,0.22017647110391445,-0.04195951239986773,0.015487851175301246,96.0,-0.1,0.08,-1.03
5514.667559,1433.,0.20005254062916134,-0.04180161862601972,0.015909291172774363,91.0,0.06,0.05,-0.93
5534.981829,1451.,0.20005254062916134,-0.04180161862601972,0.015909291172774363,88.0,0.09,0.03,-1.02
5558.538287,1451.,0.20005254062916134,-0.04180161862601972,0.015909291172774363,91.0,0.01,0.04,-0.88
5581.284175,1451.,0.20005254062916134,-0.04180161862601972,0.015909291172774363,89.0,0.08,0.09,-1.03
5604.072137,1451.,0.20005254062916134,-0.04180161862601972,0.015909291172774363,90.0,0.19,0.12,-0.95
5623.098495,1451.,0.20005254062916134,-0.04180161862601972,0.015909291172774363,93.0,-0.07,0.0,-1.03
5639.9705,1451.,0.17988669322231882,-0.061565260322025805,0.014536843702187436,91.0,0.01,0.04,-1.0
5663.809222,1451.,0.1799490730928229,-0.04163966045759704,0.016328693071062817,94.0,-0.17,0.03,-1.05
5681.082086,1500.,0.17988669322231882,-0.061565260322025805,0.014536843702187436,90.0,0.16,0.08,-0.93
5704.071923,1499.,0.1799490730928229,-0.04163966045759704,0.016328693071062817,90.0,-0.34,-0.03,-1.11
5730.526024,1499.,0.17988669322231882,-0.061565260322025805,0.014536843702187436,94.0,-0.13,0.04,-1.07
5749.227155,1499.,0.17988669322231882,-0.061565260322025805,0.014536843702187436,88.0,0.09,0.12,-0.88
5770.278864,1499.,0.1799490730928229,-0.04163966045759704,0.016328693071062817,93.0,-0.08,0.13,-1.0
5790.883935,1499.,0.1799490730928229,-0.04163966045759704,0.016328693071062817,92.0,0.41,0.15,-0.72
5807.824849,1499.,0.1799490730928229,-0.04163966045759704,0.016328693071062817,88.0,-0.02,0.07,-1.07
5829.507144,1498.,0.15986398570675966,-0.04147364965530165,0.01674606264562011,90.0,-0.3,-0.07,-1.18
5857.775037,1498.,0.15986398570675966,-0.04147364965530165,0.01674606264562011,89.0,-0.14,0.05,-1.05
5877.443981,1498.,0.15986398570675966,-0.04147364965530165,0.01674606264562011,92.0,-0.36,0.03,-1.2
5893.992147,1498.,0.1597859408053662,-0.0614161902760213,0.015155014594427928,89.0,0.06,0.18,-0.94
5916.546809,1498.,0.15986398570675966,-0.04147364965530165,0.01674606264562011,93.0,0.15,0.12,-0.9
5933.303367,1498.,0.15986398570675966,-0.04147364965530165,0.01674606264562011,93.0,-0.07,0.02,-1.02
5952.030979,1498.,0.15986398570675966,-0.04147364965530165,0.01674606264562011,89.0,-0.44,0.05,-1.11
5971.470882,1498.,0.15986398570675966,-0.04147364965530165,0.01674606264562011,91.0,0.24,0.07,-0.86
5998.773018,1498.,0.15986398570675966,-0.04147364965530165,0.01674606264562011,92.0,-0.39,0.0,-1.17
6015.650152,1498.,0.15986398570675966,-0.04147364965530165,0.01674606264562011,92.0,-0.47,-0.05,-1.26
6047.850524,1499.,0.15986398570675966,-0.04147364965530165,0.01674606264562011,91.0,-0.03,0.06,-0.97
6073.610465,1499.,0.1397952124604856,-0.041303596703831325,0.017161405036997382,95.0,-0.12,0.05,-1.04
6095.894141,1499.,0.1397952124604856,-0.041303596703831325,0.017161405036997382,93.0,0.04,0.1,-1.02
6109.489606,1499.,0.1397952124604856,-0.041303596703831325,0.017161405036997382,92.0,0.19,0.12,-0.88
6139.919334,1499.,0.1397952124604856,-0.041303596703831325,0.017161405036997382,89.0,-0.31,-0.06,-1.12
6159.573315,1500.,0.1397952124604856,-0.041303596703831325,0.017161405036997382,84.0,-0.13,0.02,-1.17
6183.534095,1500.,0.1397952124604856,-0.041303596703831325,0.017161405036997382,92.0,0.08,0.1,-0.96
6202.870329,1534.,0.1397952124604856,-0.041303596703831325,0.017161405036997382,87.0,0.14,0.17,-0.85
6221.879798,1534.,0.1397952124604856,-0.041303596703831325,0.017161405036997382,93.0,0.16,0.12,-0.92
6246.695556,1534.,0.1397952124604856,-0.041303596703831325,0.017161405036997382,88.0,0.06,-0.01,-0.99
6273.845041,1547.,0.1397952124604856,-0.041303596703831325,0.017161405036997382,91.0,0.12,0.02,-0.94
6293.473632,1547.,0.11974070215102639,-0.041129510827874416,0.017574724758822866,90.0,-0.21,-0.01,-1.11
6314.308819,1547.,0.11974070215102639,-0.041129510827874416,0.017574724758822866,94.0,0.3,0.12,-0.87
6327.702095,1548.,0.11974070215102639,-0.041129510827874416,0.017574724758822866,92.0,0.41,0.21,-0.71
6361.798278,1548.,0.11974070215102639,-0.041129510827874416,0.017574724758822866,94.0,0.23,0.11,-0.87
6381.219421,1548.,0.11974070215102639,-0.041129510827874416,0.017574724758822866,94.0,0.14,0.25,-0.89
6395.207689,1548.,0.11974070215102639,-0.041129510827874416,0.017574724758822866,93.0,-0.26,0.1,-1.14
6426.800827,1596.,0.11974070215102639,-0.041129510827874416,0.017574724758822866,93.0,-0.52,0.06,-1.19
6453.530064,1596.,0.11974070215102639,-0.041129510827874416,0.017574724758822866,91.0,0.43,0.08,-0.84
6482.731215,1597.,0.11974070215102639,-0.041129510827874416,0.017574724758822866,93.0,-0.16,0.04,-1.1
6506.128651,1597.,0.11974070215102639,-0.041129510827874416,0.017574724758822866,94.0,-0.24,-0.02,-1.1
6523.329625,1597.,0.09969841645080875,-0.0409514000060911,0.017986025704776906,94.0,0.42,0.17,-0.72
6544.832805,1597.,0.09969841645080875,-0.0409514000060911,0.017986025704776906,90.0,0.04,0.09,-0.94
6564.668104,1597.,0.09969841645080875,-0.0409514000060911,0.017986025704776906,93.0,0.27,0.14,-0.8
6583.129248,1599.,0.09969841645080875,-0.0409514000060911,0.017986025704776906,92.0,0.5,0.24,-0.7
6609.993876,1599.,0.09969841645080875,-0.0409514000060911,0.017986025704776906,91.0,0.36,0.1,-0.79
6633.511296,1608.,0.09969841645080875,-0.0409514000060911,0.017986025704776906,96.0,0.12,0.2,-0.94
6651.244409,1608.,0.09969841645080875,-0.0409514000060911,0.017986025704776906,91.0,0.38,0.26,-0.83
6674.509658,1608.,0.09969841645080875,-0.0409514000060911,0.017986025704776906,92.0,0.21,0.14,-0.83
6691.719984,1608.,0.09969841645080875,-0.0409514000060911,0.017986025704776906,88.0,0.09,-0.04,-0.99
6716.36559,1608.,0.09969841645080875,-0.0409514000060911,0.017986025704776906,91.0,0.17,-0.05,-0.91
6740.831898,1646.,0.09969841645080875,-0.0409514000060911,0.017986025704776906,99.0,0.19,0.04,-0.86
6760.015314,1646.,0.09985268405607292,-0.020974519604914033,0.01897829514480555,90.0,-0.35,-0.1,-1.1
6778.327771,1646.,0.09985268405607292,-0.020974519604914033,0.01897829514480555,91.0,0.04,-0.03,-0.97
6801.896543,1646.,0.09985268405607292,-0.020974519604914033,0.01897829514480555,93.0,0.51,0.2,-0.8
6819.27952,1646.,0.09985268405607292,-0.020974519604914033,0.01897829514480555,94.0,-0.41,-0.18,-1.25
6845.485729,1646.,0.09985268405607292,-0.020974519604914033,0.01897829514480555,86.0,0.46,0.17,-0.75
6868.032669,1646.,0.09985268405607292,-0.020974519604914033,0.01897829514480555,94.0,0.35,0.12,-0.81
6885.618779,1646.,0.07982995337933951,-0.02078348811003594,0.019187312790932484,97.0,0.44,0.1,-0.8
6905.485912,1647.,0.07966632800842093,-0.04076927098313088,0.018395311154587497,94.0,0.07,0.05,-1.01
6928.616788,1648.,0.07982995337933951,-0.02078348811003594,0.019187312790932484,94.0,0.7,0.16,-0.57
6945.445847,1648.,0.07982995337933951,-0.02078348811003594,0.019187312790932484,91.0,0.6,0.19,-0.67
6970.064769,1648.,0.08003334780531549,-0.019984322942669053,-0.0008001598612373593,93.0,-0.18,0.17,-1.12
6993.909213,1648.,0.08003334780531549,-0.019984322942669053,-0.0008001598612373593,93.0,-0.13,0.09,-1.01
7013.402931,1649.,0.08003334780531549,-0.019984322942669053,-0.0008001598612373593,98.0,0.72,0.1,-0.87
7034.394454,1649.,0.08003334780531549,-0.019984322942669053,-0.0008001598612373593,100.0,-0.66,0.04,-1.25
7055.475405,1649.,0.08003334780531549,-0.019984322942669053,-0.0008001598612373593,98.0,0.16,-0.03,-0.93
7073.335094,1650.,0.08022875287800561,-0.01918316841937573,-0.020787313346366944,104.0,0.12,-0.02,-0.99
7098.839513,1650.,0.08022875287800561,-0.01918316841937573,-0.020787313346366944,103.0,0.01,0.04,-1.05
7121.827608,1650.,0.08022875287800561,-0.01918316841937573,-0.020787313346366944,104.0,0.44,0.21,-0.67
7139.175029,1650.,0.08022875287800561,-0.01918316841937573,-0.020787313346366944,106.0,0.09,0.12,-0.92
7158.480189,1650.,0.06004502584027715,-0.03998464508028432,-0.0012009601912307767,106.0,0.14,0.01,-0.87
7182.786271,1650.,0.06001800402074259,-0.01999132907203993,-0.0006001199519615992,106.0,0.63,0.15,-0.69
7207.546639,1650.,0.06001800402074259,-0.01999132907203993,-0.0006001199519615992,108.0,-0.26,-0.09,-1.21
7231.889685,1650.,0.06004502584027715,-0.03998464508028432,-0.0012009601912307767,113.0,0.5,0.08,-0.73
7249.637057,1650.,0.06001800402074259,-0.01999132907203993,-0.0006001199519615992,105.0,-0.13,0.1,-0.91
7269.106812,1650.,0.06001800402074259,-0.01999132907203993,-0.0006001199519615992,108.0,0.01,0.05,-0.81
7293.399876,1650.,0.06001800402074259,-0.01999132907203993,-0.0006001199519615992,111.0,0.14,0.07,-0.9
7310.948133,1651.,0.040008667896498346,-0.019996331948059165,-0.00040007999465706425,113.0,0.47,0.09,-0.8
7336.633,1650.,0.040424676227254826,-0.03959233898779546,-0.020808805814881724,113.0,0.32,0.02,-0.78
7357.048012,1650.,0.040424676227254826,-0.03959233898779546,-0.020808805814881724,111.0,0.24,0.07,-0.93
7376.294097,1650.,0.040424676227254826,-0.03959233898779546,-0.020808805814881724,111.0,0.25,0.03,-0.81
7394.09847,1650.,0.040424676227254826,-0.03959233898779546,-0.020808805814881724,111.0,0.18,0.16,-0.84
7416.665577,1650.,0.040424676227254826,-0.03959233898779546,-0.020808805814881724,110.0,-0.24,0.04,-1.18
7435.439042,1651.,0.04065533838299943,-0.05959325183232145,-0.021225264015214476,111.0,-0.21,-0.13,-1.21
7460.826606,1651.,0.040056756818548776,-0.0599969753949281,-0.0012021633158898909,111.0,-0.52,-0.04,-1.36
7484.698718,1650.,0.040056756818548776,-0.0599969753949281,-0.0012021633158898909,115.0,0.46,0.13,-0.64
7502.766892,1650.,0.020048480198030034,-0.0800173325528355,-0.0008025680459830133,109.0,0.51,0.18,-0.77
7521.702564,1650.,0.019245056868645142,-0.08021395973854295,0.019245056868645142,111.0,-0.69,-0.06,-1.43
7544.323338,1650.,0.019245056868645142,-0.08021395973854295,0.019245056868645142,108.0,-0.02,0.15,-1.06
7561.391476,1650.,0.019245056868645142,-0.08021395973854295,0.019245056868645142,110.0,0.34,0.01,-0.74
7588.207881,1650.,0.018439600490191523,-0.08040255586231315,0.03929500128321322,108.0,0.11,-0.02,-0.99
7610.857989,1651.,0.019245056868645142,-0.08021395973854295,0.019245056868645142,110.0,0.67,0.18,-0.64
7628.669196,1650.,0.01942540893973167,-0.060203351604863675,0.01942540893973167,112.0,-0.31,0.1,-1.12
7647.85915,1651.,0.01942540893973167,-0.060203351604863675,0.01942540893973167,111.0,0.08,-0.05,-0.84
7670.806189,1651.,0.01961109821437814,-0.04019882384240936,0.01961109821437814,114.0,0.1,0.2,-0.93
7687.089887,1651.,0.01961109821437814,-0.04019882384240936,0.01961109821437814,109.0,0.19,0.09,-0.93
7710.270023,1651.,0.0,-0.0400026671467808,0.0,109.0,0.53,-0.04,-0.78
7731.867854,1651.,-0.00020004000533333308,-0.01999933307328039,0.02000333387338047,108.0,0.18,0.14,-0.74
7758.596997,1651.,0.0,-0.020000333348334065,0.0,112.0,0.49,0.3,-0.84
7779.909656,1651.,-0.0,0.0,0.020000333348334228,112.0,0.27,0.12,-0.89
7797.083148,1651.,0.0,0.0,0.020000333348334228,109.0,0.47,0.07,-0.77
7821.032798,1651.,0.00020004000533333308,0.01999933307328039,0.02000333387338047,106.0,-0.39,-0.11,-1.16
7844.59957,1651.,0.00020004000533333308,0.01999933307328039,0.02000333387338047,102.0,-0.0,0.03,-1.06
7863.65717,1651.,-0.019599329862095297,0.02039541306008541,0.03980678700678857,101.0,0.79,0.29,-0.66
7882.288836,1698.,-0.01961109821437814,0.04019882384240936,0.01961109821437814,99.0,0.07,0.08,-0.86
7905.042094,1697.,-0.019207845644214436,0.04039297920092366,0.039624677167150964,101.0,-0.58,0.13,-1.37
7923.418163,1697.,-0.019802332958883437,0.020198373149734383,0.019802332958883437,95.0,0.28,0.05,-0.86
7943.499503,1696.,-0.019802332958883437,0.020198373149734383,0.019802332958883437,97.0,0.57,0.15,-0.77
7967.055201,1696.,-0.019802332958883437,0.020198373149734383,0.019802332958883437,99.0,0.34,0.1,-0.84
7989.95961,1696.,-0.019802332958883437,0.020198373149734383,0.019802332958883437,95.0,-0.15,0.08,-1.3
8006.231308,1696.,-0.01999933347332048,0.00020000000133313378,0.01999933347332048,99.0,0.38,0.25,-0.8
8029.994048,1696.,-0.019802332958883437,0.020198373149734383,0.019802332958883437,103.0,0.76,0.0,-0.84
8047.995388,1696.,-0.019802332958883437,0.020198373149734383,0.019802332958883437,107.0,-0.11,-0.07,-1.16
8067.25625,1696.,-0.019802332958883437,0.020198373149734383,0.019802332958883437,106.0,-0.23,0.16,-1.24
8093.762872,1696.,-0.01961109821437814,0.04019882384240936,0.01961109821437814,105.0,-0.58,0.08,-1.18
8113.777359,1696.,-0.01961109821437814,0.04019882384240936,0.01961109821437814,107.0,0.68,0.15,-0.85
8141.85786,1696.,-0.01961109821437814,0.04019882384240936,0.01961109821437814,109.0,0.65,0.11,-0.83
8164.243408,1696.,-0.01961109821437814,0.04019882384240936,0.01961109821437814,110.0,-0.24,0.13,-0.95
8190.287021,1696.,-0.01961109821437814,0.04019882384240936,0.01961109821437814,115.0,-0.71,-0.05,-1.32
8211.594143,1696.,-0.01961109821437814,0.04019882384240936,0.01961109821437814,114.0,-0.01,-0.07,-1.03
8228.195328,1696.,-0.01961109821437814,0.04019882384240936,0.01961109821437814,111.0,0.05,-0.05,-0.97
8262.029043,1696.,-0.01961109821437814,0.04019882384240936,0.01961109821437814,119.0,0.07,0.15,-0.97
8283.488649,1696.,-0.01942540893973167,0.0602033516048639,0.01942540893973167,127.0,-0.1,0.01,-1.13
8300.889311,1696.,-0.01942540893973167,0.0602033516048639,0.01942540893973167,131.0,-0.16,-0.0,-1.14
8320.209601,1696.,-0.01942540893973167,0.0602033516048639,0.01942540893973167,137.0,0.1,-0.02,-0.92
8346.806057,1696.,-0.01942540893973167,0.0602033516048639,0.01942540893973167,137.0,0.7,0.15,-0.73
8374.123823,1696.,-0.01942540893973167,0.0602033516048639,0.01942540893973167,143.0,-0.3,-0.08,-1.13
8396.638503,1696.,-0.01942540893973167,0.0602033516048639,0.01942540893973167,155.0,-0.63,-0.23,-1.35
8413.290281,1696.,-0.01942540893973167,0.0602033516048639,0.01942540893973167,159.0,0.34,0.1,-0.76
8436.806535,1696.,-0.01942540893973167,0.0602033516048639,0.01942540893973167,163.0,-0.22,0.08,-1.09
8459.134471,1696.,-0.01942540893973167,0.0602033516048639,0.01942540893973167,161.0,0.06,0.1,-0.94
8480.650799,1696.,-0.020027379550825623,0.06000599680889951,-0.0006010818751153217,167.0,-0.17,0.07,-0.93
8498.786586,1696.,-0.020027379550825623,0.06000599680889951,-0.0006010818751153217,178.0,-0.23,0.01,-0.95
8523.444471,1696.,-0.020027379550825623,0.06000599680889951,-0.0006010818751153217,179.0,0.4,0.07,-0.73
8544.515643,1696.,-0.020027379550825623,0.06000599680889951,-0.0006010818751153217,184.0,0.6,0.22,-0.71
8571.895484,1696.,-0.020048480198030034,0.0800173325528355,-0.0008025680459830133,181.0,0.84,0.21,-0.58
8591.853396,1696.,-0.020048480198030034,0.0800173325528355,-0.0008025680459830133,189.0,0.12,0.17,-0.85
8610.109185,1696.,-0.020027379550825623,0.06000599680889951,-0.0006010818751153217,192.0,-0.56,0.01,-1.26
8636.18854,1696.,-0.020027379550825623,0.06000599680889951,-0.0006010818751153217,191.0,-0.01,0.09,-1.04
8659.809628,1696.,-0.020027379550825623,0.06000599680889951,-0.0006010818751153217,196.0,-0.07,-0.04,-1.08
8678.216531,1696.,-0.020027379550825623,0.06000599680889951,-0.0006010818751153217,205.0,-0.37,-0.05,-1.07
8697.212722,1696.,-0.020027379550825623,0.06000599680889951,-0.0006010818751153217,200.0,-0.14,0.04,-1.01
8720.575232,1696.,-0.020027379550825623,0.06000599680889951,-0.0006010818751153217,206.0,0.07,0.01,-1.01
8737.800206,1696.,-0.020027379550825623,0.06000599680889951,-0.0006010818751153217,209.0,0.36,0.05,-0.71
8761.031417,1696.,-0.02001234235452296,0.04000066509506728,-0.0004003202348203507,213.0,0.47,0.15,-0.64
8785.88775,1696.,-0.02001234235452296,0.04000066509506728,-0.0004003202348203507,220.0,-0.32,0.15,-1.08
8804.528305,1696.,-0.02001234235452296,0.04000066509506728,-0.0004003202348203507,222.0,-0.53,0.04,-1.29
8823.700685,1696.,-0.02000333387338047,0.01999933307328039,-0.00020004000533333308,226.0,0.37,0.24,-0.72
8846.545093,1696.,-0.02000333387338047,0.01999933307328039,-0.00020004000533333308,225.0,0.26,0.16,-0.89
8863.307059,1696.,-0.02001234235452296,0.04000066509506728,-0.0004003202348203507,228.0,-0.24,0.17,-1.04
8888.860089,1696.,-0.02000333387338047,0.01999933307328039,-0.00020004000533333308,236.0,-0.95,-0.05,-1.41
8912.102282,1696.,-0.020202332937550103,0.019798293147069268,-0.020202332937550103,232.0,-0.32,0.2,-1.08
8930.258958,1696.,-0.020202332937550103,0.019798293147069268,-0.020202332937550103,239.0,-0.51,-0.07,-1.21
8949.499283,1696.,-0.01999933347332048,-0.00020000000133313378,-0.01999933347332048,236.0,-0.26,-0.07,-1.06
8974.295578,1696.,-0.01999933347332048,-0.00020000000133313378,-0.01999933347332048,246.0,0.38,0.22,-0.79
8992.80076,1696.,-0.019802332958883437,-0.02019837314973416,-0.019802332958883437,247.0,0.23,0.14,-0.93
9018.830077,1696.,-0.019802332958883437,-0.02019837314973416,-0.019802332958883437,252.0,0.4,0.11,-0.75
9038.263405,1696.,-0.019802332958883437,-0.02019837314973416,-0.019802332958883437,260.0,-0.33,0.06,-1.1
9056.382155,1696.,-0.01961109821437814,-0.04019882384240936,-0.01961109821437814,249.0,-0.3,0.01,-1.08
9076.566775,1710.,-0.02001234235452296,-0.04000066509506728,0.0004003202348203507,258.0,0.61,0.04,-0.67
9102.60674,1730.,-0.02001234235452296,-0.04000066509506728,0.0004003202348203507,247.0,-0.08,-0.02,-0.91
9127.009657,1730.,-0.02001234235452296,-0.04000066509506728,0.0004003202348203507,245.0,-0.64,0.08,-1.13
9151.334517,1747.,-0.02001234235452296,-0.04000066509506728,0.0004003202348203507,253.0,0.72,0.08,-0.68
9168.810459,1747.,-0.02001234235452296,-0.04000066509506728,0.0004003202348203507,260.0,-0.86,-0.01,-1.3
9193.674699,1747.,-0.020027379550825623,-0.06000599680889929,0.0006010818751153217,254.0,0.21,-0.09,-0.97
9211.760485,1747.,-0.020027379550825623,-0.06000599680889929,0.0006010818751153217,239.0,-0.92,-0.11,-1.51
9237.607669,1745.,-0.020027379550825623,-0.06000599680889929,0.0006010818751153217,242.0,-0.56,-0.05,-1.38
9261.421928,1745.,-0.020027379550825623,-0.06000599680889929,0.0006010818751153217,251.0,0.0,0.13,-1.04
9279.821849,1745.,-0.020027379550825623,-0.06000599680889929,0.0006010818751153217,257.0,0.59,0.23,-0.75
9300.713518,1745.,-0.020027379550825623,-0.06000599680889929,0.0006010818751153217,249.0,-0.28,-0.05,-1.13
9325.027193,1745.,-0.020027379550825623,-0.06000599680889929,0.0006010818751153217,264.0,0.42,0.26,-0.88
9349.263182,1745.,-0.020027379550825623,-0.06000599680889929,0.0006010818751153217,262.0,-0.43,0.09,-1.21
9373.772786,1745.,-0.020027379550825623,-0.06000599680889929,0.0006010818751153217,266.0,0.47,0.06,-0.9
9392.078187,1745.,-0.020027379550825623,-0.06000599680889929,0.0006010818751153217,264.0,0.76,0.14,-0.65
9417.303267,1745.,-0.020027379550825623,-0.06000599680889929,0.0006010818751153217,266.0,-0.24,0.02,-1.12
9442.366659,1745.,-0.020411578331576877,-0.039798503647672234,0.020411578331576877,265.0,0.59,0.08,-0.64
9462.202291,1745.,-0.02001234235452296,-0.04000066509506728,0.0004003202348203507,278.0,0.09,0.02,-0.9
9478.713142,1745.,-0.020202332937550103,-0.019798293147069046,0.020202332937550103,288.0,-0.09,0.09,-1.1
9507.055481,1745.,-0.020000333348334228,0.0,0.0,292.0,-0.11,0.09,-1.07
9528.902353,1745.,-0.020000333348334228,0.0,0.0,276.0,0.67,0.09,-0.56
9545.465556,1745.,-0.02000333387338047,0.01999933307328039,-0.00020004000533333308,295.0,-0.11,0.13,-0.98
9570.241795,1745.,-0.02001234235452296,0.04000066509506728,-0.0004003202348203507,306.0,0.51,0.29,-0.8
9587.980056,1745.,-0.020027379550825623,0.06000599680889951,-0.0006010818751153217,299.0,-0.61,0.05,-1.35
9606.858708,1745.,-0.020627331437881577,0.05980263044859724,-0.020627331437881577,307.0,-0.03,0.11,-1.04
9632.645946,1745.,-0.020849869934281826,0.07981267588512275,-0.020849869934281826,323.0,-0.28,-0.02,-1.03
9659.074955,1745.,-0.020849869934281826,0.07981267588512275,-0.020849869934281826,307.0,0.16,-0.05,-1.0
9680.211796,1745.,-0.020849869934281826,0.07981267588512275,-0.020849869934281826,324.0,-0.27,-0.04,-1.2
9696.042782,1745.,-0.0210794885869145,0.09983064747855797,-0.0210794885869145,330.0,-0.03,-0.02,-0.92
9719.743076,1745.,-0.02131650055412025,0.11985855974717152,-0.02131650055412025,343.0,-0.23,0.16,-1.05
9742.028029,1745.,-0.02131650055412025,0.11985855974717152,-0.02131650055412025,345.0,-0.04,0.15,-1.11
9771.806709,1745.,-0.02131650055412025,0.11985855974717152,-0.02131650055412025,363.0,-0.49,0.09,-1.18
9796.07105,1745.,-0.02131650055412025,0.11985855974717152,-0.02131650055412025,355.0,-0.13,-0.02,-1.13
9820.524117,1745.,-0.02156123881336461,0.13989843603366037,-0.02156123881336461,367.0,-0.48,-0.02,-1.2
9839.773016,1745.,-0.02156123881336461,0.13989843603366037,-0.02156123881336461,385.0,0.06,0.15,-0.96
9858.134844,1745.,-0.021814057724877874,0.15995231035369262,-0.021814057724877874,379.0,-0.14,-0.04,-1.12
9880.818286,1745.,-0.02156123881336461,0.13989843603366037,-0.02156123881336461,379.0,0.63,0.22,-0.68
9897.90535,1745.,-0.021814057724877874,0.15995231035369262,-0.021814057724877874,398.0,-0.42,0.02,-1.1
9924.381545,1745.,-0.02019471526219329,0.16016303008330857,-0.00162074412381849,380.0,-0.33,-0.11,-1.11
9947.40716,1745.,-0.020148724818965437,0.14010749933901656,-0.0014138548446172145,413.0,0.15,0.1,-0.84
9965.193922,1745.,-0.01873410579623988,0.14030239402526745,0.01873410579623988,416.0,-0.31,-0.06,-1.1
9991.175127,1745.,-0.01889958683123946,0.12026146004777605,0.01889958683123946,438.0,0.25,0.05,-1.01
10009.828775,1745.,-0.01806194540133084,0.10041857055103076,0.039147114380829566,440.0,-0.19,-0.04,-1.06
10032.445105,1745.,-0.017632111017998022,0.08058311694149434,0.05934926347368003,431.0,0.28,-0.01,-0.8
10057.410995,1745.,-0.018215410918930256,0.060580020262216205,0.05948711066236255,435.0,-0.02,-0.08,-1.02
10076.895695,1745.,-0.018215410918930256,0.060580020262216205,0.05948711066236255,473.0,-0.34,-0.05,-1.04
10094.890869,1745.,0.0024043231570650596,0.05996087623109281,0.0801295061940095,427.0,-0.17,0.02,-1.02
10118.853278,1745.,0.0016012796562065784,0.03997062231157589,0.08006937267174406,441.0,0.34,0.32,-0.75
10136.755098,1745.,0.0016012796562065784,0.03997062231157589,0.08006937267174406,463.0,-0.54,0.05,-1.2
10160.293037,1745.,0.0010001997064747884,0.019975311453208855,0.10005671023243679,483.0,-0.25,0.06,-0.9
10183.482266,1745.,0.0008001598612373593,0.019984322942669053,0.08003334780531549,488.0,0.38,0.07,-0.85
10202.270305,1745.,0.0,0.0,0.08002134870797785,487.0,0.03,0.1,-0.86
10220.268997,1745.,-0.0,0.0,0.08002134870797785,514.0,-0.19,-0.01,-1.11
10244.548134,1745.,0.0,0.0,0.08002134870797785,493.0,-0.05,0.05,-1.04
10261.994797,1745.,-0.0008001598612373593,-0.019984322942669053,0.08003334780531549,502.0,-0.61,0.05,-1.26
10286.441141,1745.,0.0,0.0,0.08002134870797785,520.0,-0.01,0.2,-0.82
10309.899801,1745.,0.0,0.0,0.08002134870797785,514.0,-0.43,0.04,-1.15
10331.728839,1745.,-0.0008001598612373593,-0.019984322942669053,0.08003334780531549,532.0,-0.63,-0.14,-1.23
10355.382725,1745.,0.0,0.0,0.08002134870797785,521.0,-0.06,0.06,-0.94
10379.206354,1745.,0.0,0.0,0.08002134870797785,550.0,0.15,0.22,-0.83
10402.068151,1745.,-0.0006001199519615992,-0.01999132907203993,0.06001800402074259,513.0,0.19,0.13,-0.92
10419.728689,1745.,-0.0006001199519615992,-0.01999132907203993,0.06001800402074259,541.0,0.26,0.16,-0.89
10443.178589,1745.,-0.00040007999465706425,-0.019996331948059165,0.040008667896498346,531.0,0.15,-0.0,-0.9
10459.796904,1745.,0.019599329862095297,-0.02039541306008541,0.03980678700678857,543.0,0.01,0.02,-0.91
10483.530476,1745.,0.019996333547979216,-0.0004000000106665347,0.04000066829682865,568.0,0.06,0.13,-0.97
10499.813193,1745.,0.019996333547979216,-0.0004000000106665347,0.04000066829682865,568.0,0.03,0.09,-0.99
10523.547765,1745.,0.020202332937550103,0.019798293147069268,0.020202332937550103,541.0,-0.2,-0.0,-0.9
10548.465636,1745.,0.020411578331576877,0.039798503647672234,0.020411578331576877,499.0,0.2,0.04,-0.9
10568.469345,1745.,0.020411578331576877,0.039798503647672234,0.020411578331576877,542.0,-0.38,-0.0,-1.06
10586.114086,1745.,0.020627331437881577,0.05980263044859724,0.020627331437881577,504.0,0.38,0.14,-0.81
10613.214922,1745.,0.020048480198030034,0.0800173325528355,0.0008025680459830133,565.0,-0.48,0.05,-1.01
10635.774066,1745.,0.020027379550825623,0.06000599680889951,0.0006010818751153217,559.0,0.08,0.08,-0.9
10654.84811,1745.,0.020048480198030034,0.0800173325528355,0.0008025680459830133,569.0,0.1,-0.05,-0.94
10677.063748,1745.,0.019245056868645142,0.08021395973854317,-0.019245056868645142,567.0,0.22,0.18,-0.9
10695.891973,1745.,0.019245056868645142,0.08021395973854317,-0.019245056868645142,548.0,-0.27,0.05,-1.02
10723.132756,1745.,0.018439600490191523,0.08040255586231337,-0.03929500128321322,575.0,-0.5,-0.1,-1.19
10747.480931,1745.,0.018439600490191523,0.08040255586231337,-0.03929500128321322,565.0,-0.15,0.09,-1.0
10766.227674,1745.,0.01806194540133084,0.10041857055103076,-0.039147114380829566,566.0,-0.37,-0.1,-1.13
10785.821653,1745.,0.017051995360826862,0.10059441724190443,-0.05922877882206165,539.0,-0.09,0.11,-0.95
10806.389465,1745.,0.01647437783215879,0.12061592667799781,-0.059125597981005425,566.0,-0.34,0.05,-1.02
10823.318915,1745.,0.01647437783215879,0.12061592667799781,-0.059125597981005425,535.0,0.36,0.09,-0.8
10851.084596,1745.,0.015898572168171858,0.14064966014730107,-0.05903970179907051,534.0,-0.27,0.07,-1.09
10875.539348,1745.,0.015898572168171858,0.14064966014730107,-0.05903970179907051,602.0,-0.34,0.13,-1.0
10893.548799,1745.,0.014477665909649506,0.14080201238583556,-0.07920131581925441,554.0,-0.19,-0.15,-1.02
10916.652712,1745.,0.014477665909649506,0.14080201238583556,-0.07920131581925441,584.0,-0.38,-0.01,-1.08
10933.561421,1745.,0.015898572168171858,0.14064966014730107,-0.05903970179907051,573.0,0.18,-0.03,-0.77
10959.661776,1745.,0.015898572168171858,0.14064966014730107,-0.05903970179907051,571.0,-0.01,0.01,-1.03
10983.596148,1745.,0.01647437783215879,0.12061592667799781,-0.059125597981005425,526.0,0.15,0.11,-0.94
11001.220371,1745.,0.01647437783215879,0.12061592667799781,-0.059125597981005425,576.0,-0.51,0.01,-1.14
11020.475863,1745.,0.01806194540133084,0.10041857055103076,-0.039147114380829566,538.0,-0.06,0.04,-0.97
11037.031121,1745.,0.01806194540133084,0.10041857055103076,-0.039147114380829566,530.0,0.2,0.18,-0.86
11068.018064,1745.,0.01806194540133084,0.10041857055103076,-0.039147114380829566,574.0,-0.48,0.11,-1.11
11094.282459,1745.,0.01806194540133084,0.10041857055103076,-0.039147114380829566,512.0,-0.34,0.02,-1.04
11114.218519,1745.,0.01806194540133084,0.10041857055103076,-0.039147114380829566,582.0,-0.07,-0.03,-0.98
11139.891384,1745.,0.019245056868645142,0.08021395973854317,-0.019245056868645142,517.0,0.28,0.13,-0.8
11171.478115,1745.,0.019245056868645142,0.08021395973854317,-0.019245056868645142,581.0,-0.4,-0.16,-1.03
11197.461876,1745.,0.01942540893973167,0.0602033516048639,-0.01942540893973167,549.0,0.26,0.17,-0.8
11220.494732,1745.,0.040056756818548776,0.05999697539492832,0.0012021633158898909,495.0,-0.45,-0.17,-1.15
11239.01347,1745.,0.040026683952696665,0.03999465833989757,0.0008006403413330709,524.0,-0.32,0.06,-1.11
11258.763897,1745.,0.040026683952696665,0.03999465833989757,0.0008006403413330709,523.0,-0.06,0.12,-0.86
11282.758862,1745.,0.040026683952696665,0.03999465833989757,0.0008006403413330709,504.0,0.31,0.19,-0.83
11304.541288,1746.,0.040008667896498346,0.019996331948059165,0.00040007999465706425,519.0,0.16,0.11,-0.9
11333.592678,1746.,0.040008667896498346,0.019996331948059165,0.00040007999465706425,481.0,-0.75,-0.18,-1.28
11354.128341,1746.,0.04000266714678099,0.0,0.0,505.0,-0.33,0.09,-1.01
11371.879954,1746.,0.04000066829682865,-0.0004000000106665347,0.019996333547979216,478.0,0.13,0.2,-0.98
11394.42869,1746.,0.04000266714678099,0.0,0.0,505.0,-0.46,-0.03,-1.03
11418.345302,1746.,0.04000066829682865,-0.0004000000106665347,0.019996333547979216,491.0,0.37,0.14,-0.63
11437.363068,1746.,0.04000266714678099,0.0,0.0,463.0,-0.11,0.11,-0.92
11457.278794,1797.,0.040008667896498346,-0.019996331948059165,-0.00040007999465706425,507.0,-0.13,0.06,-1.03
11478.649898,1799.,0.040008667896498346,-0.019996331948059165,-0.00040007999465706425,456.0,-0.41,-0.06,-1.06
11498.635088,1799.,0.040008667896498346,-0.019996331948059165,-0.00040007999465706425,477.0,-0.31,-0.02,-1.01
11522.582053,1799.,0.040206546889455214,-0.019595253086755138,-0.02039932988350545,464.0,0.16,-0.04,-0.99
11547.831097,1799.,0.040206546889455214,-0.019595253086755138,-0.02039932988350545,465.0,0.59,0.18,-0.87
11564.367336,1799.,0.040206546889455214,-0.019595253086755138,-0.02039932988350545,459.0,0.24,0.05,-0.88
11588.636196,1799.,0.040206546889455214,-0.019595253086755138,-0.02039932988350545,459.0,0.25,0.0,-0.91
11605.402866,1799.,0.04000066829682865,0.0004000000106665347,-0.019996333547979216,437.0,-0.07,0.06,-1.04
11622.026663,1799.,0.04000066829682865,0.0004000000106665347,-0.019996333547979216,426.0,-0.28,-0.0,-1.21
11641.998371,1799.,0.04000066829682865,0.0004000000106665347,-0.019996333547979216,452.0,-0.39,0.09,-1.2
11671.047038,1799.,0.040206546889455214,-0.019595253086755138,-0.02039932988350545,428.0,0.27,0.1,-0.97
11691.628832,1799.,0.040206546889455214,-0.019595253086755138,-0.02039932988350545,425.0,0.08,-0.01,-1.05
11714.884951,1799.,0.040206546889455214,-0.019595253086755138,-0.02039932988350545,445.0,-0.02,0.19,-1.11
11728.604381,1799.,0.01999933347332048,0.00020000000133313378,-0.01999933347332048,435.0,-0.35,-0.01,-1.14
11761.147685,1799.,0.01999933347332048,0.00020000000133313378,-0.01999933347332048,419.0,-0.62,0.02,-1.45
11780.94076,1799.,0.01999933347332048,0.00020000000133313378,-0.01999933347332048,424.0,-0.04,-0.06,-1.02
11799.912507,1799.,0.019802332958883437,0.020198373149734383,-0.019802332958883437,413.0,0.07,0.11,-1.0
11830.448737,1799.,0.019802332958883437,0.020198373149734383,-0.019802332958883437,416.0,-0.38,-0.0,-1.08
11854.198087,1799.,0.01961109821437814,0.04019882384240936,-0.01961109821437814,408.0,-0.52,-0.17,-1.2
11872.243798,1799.,0.01961109821437814,0.04019882384240936,-0.01961109821437814,406.0,-0.46,-0.09,-1.21
11894.741978,1799.,0.01961109821437814,0.04019882384240936,-0.01961109821437814,397.0,-0.06,0.0,-1.06
11911.991157,1799.,0.01961109821437814,0.04019882384240936,-0.01961109821437814,409.0,0.51,0.1,-0.7
11931.684416,1799.,0.01942540893973167,0.0602033516048639,-0.01942540893973167,405.0,-0.42,0.03,-1.23
11948.080542,1799.,0.020027379550825623,0.06000599680889951,0.0006010818751153217,428.0,-0.09,0.03,-1.0
11977.11119,1799.,0.020027379550825623,0.06000599680889951,0.0006010818751153217,423.0,0.36,0.2,-0.94
12002.761167,1799.,0.020048480198030034,0.0800173325528355,0.0008025680459830133,437.0,0.21,0.13,-0.95
12025.241994,1799.,0.020048480198030034,0.0800173325528355,0.0008025680459830133,422.0,-0.2,0.1,-1.1
12038.405304,1799.,0.020075693216124763,0.1000366820678662,0.0010050247872445926,433.0,0.12,0.05,-0.89
12058.883317,1799.,0.019069844990095418,0.1002326571255383,-0.019069844990095418,410.0,-0.03,0.17,-0.93
12092.021983,1799.,0.01889958683123946,0.12026146004777605,-0.01889958683123946,426.0,-0.13,-0.0,-1.17
12111.710446,1799.,0.01889958683123946,0.12026146004777605,-0.01889958683123946,430.0,-0.27,-0.14,-1.06
12141.250455,1799.,0.01873410579623988,0.14030239402526745,-0.01873410579623988,427.0,-0.55,0.03,-1.28
12162.710265,1799.,0.01889958683123946,0.12026146004777605,-0.01889958683123946,441.0,-0.02,0.11,-1.12
12180.807347,1799.,0.01889958683123946,0.12026146004777605,-0.01889958683123946,439.0,-0.24,-0.12,-1.06
12205.477454,1799.,0.01873410579623988,0.14030239402526745,-0.01873410579623988,473.0,0.1,0.03,-0.89
12224.873412,1799.,0.01873410579623988,0.14030239402526745,-0.01873410579623988,463.0,-0.31,0.07,-1.24
12250.109104,1799.,0.020109082003206147,0.12006606231977379,0.0012087020705234335,463.0,-0.4,0.01,-1.23
12273.281999,1799.,0.02131650055412025,0.11985855974717152,0.02131650055412025,468.0,0.27,0.11,-0.83
12290.354674,1799.,0.02131650055412025,0.11985855974717152,0.02131650055412025,481.0,-0.12,-0.03,-1.06
12309.187788,1799.,0.02252183896699407,0.11963895140574876,0.04142579870095868,470.0,-0.4,0.14,-1.29
12332.736579,1799.,0.02252183896699407,0.11963895140574876,0.04142579870095868,464.0,-0.24,-0.06,-1.06
12351.305726,1799.,0.02252183896699407,0.11963895140574876,0.04142579870095868,479.0,-0.21,0.06,-0.89
12376.657068,1799.,0.02252183896699407,0.11963895140574876,0.04142579870095868,467.0,-0.13,0.04,-1.07
12398.772426,1799.,0.022081229028913497,0.09961455245851236,0.04115554004935834,503.0,0.35,0.02,-1.03
12421.545092,1799.,0.04215359553729181,0.09919746975803112,0.04215359553729181,523.0,-0.45,0.04,-1.13
12441.703637,1799.,0.022081229028913497,0.09961455245851236,0.04115554004935834,501.0,-0.65,-0.08,-1.18
12458.574457,1799.,0.023080911887091788,0.09938839310671499,0.061235174625839765,502.0,-0.42,-0.15,-1.29
12485.351639,1799.,0.022446543509262454,0.07937926841703291,0.06095149234271437,494.0,0.02,0.04,-1.14
12510.592312,1799.,0.04327410699760193,0.07833596399816378,0.08179762416873755,560.0,-0.63,0.03,-1.15
12530.28409,1799.,0.042426858956771625,0.05834603537662075,0.08131169752350595,538.0,-0.54,-0.09,-1.16
12548.611917,1799.,0.043009281660743255,0.05791826744911521,0.10135291034482838,559.0,-0.23,0.18,-1.03
12570.890185,1799.,0.043009281660743255,0.05791826744911521,0.10135291034482838,558.0,-0.35,0.06,-1.15
12588.558667,1799.,0.043009281660743255,0.05791826744911521,0.10135291034482838,534.0,-0.39,0.07,-1.17
12612.939344,1799.,0.041976475380681284,0.037943049080998215,0.10087835798560481,555.0,-0.05,0.12,-0.98
12636.826826,1799.,0.040958017323205614,0.017970944751210416,0.10043484281177707,573.0,0.08,0.03,-1.0
12654.902834,1799.,0.040776162217147645,0.018380023818697078,0.08041616813464036,600.0,0.1,-0.04,-1.06
12674.225753,1799.,0.040776162217147645,0.018380023818697078,0.08041616813464036,603.0,0.34,0.07,-0.81
12696.051421,1799.,0.039970673501334535,-0.001600000682667524,0.08000538551413727,580.0,0.16,0.1,-0.95
12713.638217,1799.,0.039970673501334535,-0.001600000682667524,0.08000538551413727,614.0,-0.08,0.06,-1.17
12740.158301,1799.,0.039970673501334535,-0.001600000682667524,0.08000538551413727,620.0,0.19,0.13,-1.05
12763.673888,1801.,0.039970673501334535,-0.001600000682667524,0.08000538551413727,619.0,-0.1,0.08,-0.94
12781.886769,1775.,0.039970673501334535,-0.001600000682667524,0.08000538551413727,655.0,-0.51,0.06,-1.19
12805.549488,1770.,0.039970673501334535,-0.001600000682667524,0.08000538551413727,727.0,-0.7,-0.06,-1.34
12829.07526,1770.,0.03917711916513484,-0.021580664033744368,0.07961856763640368,627.0,0.37,0.15,-0.89
12848.766575,1770.,0.03939101522470591,-0.021187580292997277,0.059606646309405625,707.0,-0.08,0.06,-0.99
12873.084824,1770.,0.03939101522470591,-0.021187580292997277,0.059606646309405625,632.0,-0.1,0.06,-1.0
12890.821585,1770.,0.03939101522470591,-0.021187580292997277,0.059606646309405625,624.0,0.38,0.1,-0.77
12912.216875,1770.,0.03939101522470591,-0.021187580292997277,0.059606646309405625,736.0,0.52,0.25,-0.72
12937.478104,1770.,0.059606646309405625,-0.021187580292997277,0.03939101522470591,781.0,-0.06,-0.02,-1.06
12952.658838,1732.,0.059606646309405625,-0.021187580292997277,0.03939101522470591,683.0,-0.1,0.01,-0.94
12977.421762,1720.,0.059606646309405625,-0.021187580292997277,0.03939101522470591,820.0,0.45,0.19,-0.65
13000.183891,1720.,0.059815324992472066,-0.020590451886846495,0.019394323650751277,782.0,0.42,0.15,-0.89
13019.628238,1720.,0.059815324992472066,-0.020590451886846495,0.019394323650751277,770.0,-0.33,0.08,-1.12
13040.905266,1720.,0.059815324992472066,-0.020590451886846495,0.019394323650751277,795.0,-0.44,-0.0,-1.01
13063.179349,1636.,0.059815324992472066,-0.020590451886846495,0.019394323650751277,827.0,0.28,0.22,-0.79
13078.894871,1613.,0.06001800402074259,-0.01999132907203993,-0.0006001199519615992,758.0,-0.24,0.0,-1.05
13105.478568,1602.,0.06001800402074259,-0.01999132907203993,-0.0006001199519615992,744.0,-0.34,0.11,-0.93
13129.481404,1600.,0.06001800402074259,-0.01999132907203993,-0.0006001199519615992,749.0,0.04,-0.02,-0.86
13147.820139,1600.,0.06021468471513857,-0.019390212006851426,-0.020594323843058482,695.0,-0.21,-0.03,-0.96
13168.934961,1600.,0.06021468471513857,-0.019390212006851426,-0.020594323843058482,760.0,0.29,0.22,-0.6
13187.053358,1600.,0.06021468471513857,-0.019390212006851426,-0.020594323843058482,734.0,0.12,0.15,-0.66
13206.847601,1599.,0.06040536658619982,-0.018787100244315624,-0.04059029628124346,702.0,-0.16,-0.06,-0.86
13231.688656,1599.,0.06040536658619982,-0.018787100244315624,-0.04059029628124346,695.0,-0.25,-0.03,-0.81
13254.516026,1599.,0.06040536658619982,-0.018787100244315624,-0.04059029628124346,716.0,0.09,0.09,-0.76
13270.769224,1599.,0.06040536658619982,-0.018787100244315624,-0.04059029628124346,651.0,-0.59,-0.09,-1.06
13293.677911,1599.,0.060832188521740535,-0.03877570170754341,-0.041208614677676135,625.0,0.34,0.13,-0.57
13314.935291,1599.,0.060832188521740535,-0.03877570170754341,-0.041208614677676135,634.0,0.13,0.17,-0.67
13338.178947,1599.,0.060832188521740535,-0.03877570170754341,-0.041208614677676135,617.0,0.23,0.1,-0.57
13365.812385,1601.,0.060832188521740535,-0.03877570170754341,-0.041208614677676135,587.0,0.1,0.12,-0.62
13381.136862,1600.,0.060832188521740535,-0.03877570170754341,-0.041208614677676135,566.0,-0.11,0.09,-0.82
13414.291547,1600.,0.061278026118997166,-0.05876778507103042,-0.04184039168801589,573.0,0.26,0.08,-0.61
13437.385867,1601.,0.04081865364909733,-0.03918602067029808,-0.04081865364909733,576.0,0.11,0.15,-0.65
13453.611194,1601.,0.041208614677676135,-0.03877570170754341,-0.060832188521740535,537.0,0.21,0.15,-0.62
13477.497787,1601.,0.041208614677676135,-0.03877570170754341,-0.060832188521740535,511.0,0.27,0.03,-0.66
13494.828967,1601.,0.041208614677676135,-0.03877570170754341,-0.060832188521740535,505.0,0.14,0.15,-0.72
13519.40824,1755.,0.0404004235605208,-0.019192176158886465,-0.0404004235605208,492.0,0.39,0.11,-0.56
13543.809694,1754.,0.0404004235605208,-0.019192176158886465,-0.0404004235605208,486.0,0.2,0.07,-0.64
13563.18191,1754.,0.039994671145022476,0.0008000000853334299,-0.039994671145022476,455.0,0.21,0.21,-0.62
13580.98784,1754.,0.039994671145022476,0.0008000000853334299,-0.039994671145022476,454.0,0.09,0.1,-0.85
13602.009937,1754.,0.039600903443053274,0.020792496137719718,-0.039600903443053274,422.0,0.45,0.07,-0.78
13621.691067,1754.,0.039624677167150964,0.04039297920092366,-0.019207845644214436,408.0,0.1,0.19,-0.88
13640.834872,1754.,0.03945413964016281,0.06039469372677542,-0.01882141959652666,392.0,0.09,0.18,-0.9
13665.502572,1754.,0.03929500128321322,0.08040255586231337,-0.018439600490191523,374.0,-0.57,0.0,-1.22
13693.698001,1754.,0.039147114380829566,0.10041857055103076,-0.01806194540133084,370.0,-0.19,0.1,-0.96
13711.872826,1754.,0.03901035622422417,0.12044475025816648,-0.017688017983317837,336.0,-0.08,0.1,-0.93
13733.341172,1754.,0.03901035622422417,0.12044475025816648,-0.017688017983317837,318.0,-0.4,0.01,-1.08
13751.20638,1754.,0.037465618897228006,0.14086583893924787,-0.037465618897228006,291.0,-0.56,-0.04,-1.26
13774.37522,1754.,0.017688017983317837,0.12044475025816648,-0.03901035622422417,299.0,-0.02,-0.07,-1.01
13799.582263,1754.,0.01731738676107053,0.14048311679323922,-0.038884628836280806,258.0,-0.51,0.03,-1.12
13817.456156,1754.,0.01731738676107053,0.14048311679323922,-0.038884628836280806,268.0,0.23,0.28,-0.91
13836.953634,1754.,0.01731738676107053,0.14048311679323922,-0.038884628836280806,256.0,0.44,0.32,-0.76
13860.349923,1754.,0.01694962343311578,0.16053570315673893,-0.03876985884148466,219.0,-0.29,0.12,-1.16
13877.582879,1754.,0.01694962343311578,0.16053570315673893,-0.03876985884148466,206.0,-0.28,-0.08,-1.05
13903.105594,1754.,0.01694962343311578,0.16053570315673893,-0.03876985884148466,196.0,-0.28,-0.06,-1.1
13929.240561,1754.,0.01857323455608945,0.1603574956780729,-0.01857323455608945,190.0,-0.23,0.02,-1.02
13949.90993,1754.,0.01841681448500901,0.18042881461677873,-0.01841681448500901,168.0,-0.49,-0.18,-1.21
13969.942362,1754.,0.016584301167042393,0.18060455541561615,-0.038665997481932626,164.0,-0.5,0.08,-1.16
13988.052796,1754.,0.01857323455608945,0.1603574956780729,-0.01857323455608945,156.0,-0.06,0.04,-1.0
14012.52703,1754.,0.01857323455608945,0.1603574956780729,-0.01857323455608945,153.0,0.02,0.01,-1.05
14036.012301,1754.,0.01857323455608945,0.1603574956780729,-0.01857323455608945,135.0,-0.01,0.07,-1.01
14053.18259,1754.,0.01857323455608945,0.1603574956780729,-0.01857323455608945,125.0,-0.27,0.06,-1.13
14072.878497,1754.,0.02019471526219329,0.16016303008330857,0.00162074412381849,120.0,-0.01,0.06,-1.04
14103.344986,1754.,0.020148724818965437,0.14010749933901656,0.0014138548446172145,117.0,0.47,0.16,-0.8
14125.505826,1754.,0.020148724818965437,0.14010749933901656,0.0014138548446172145,112.0,0.13,0.15,-0.99
14150.164915,1754.,0.02156123881336461,0.13989843603366037,0.02156123881336461,108.0,0.04,0.15,-1.04
14173.772762,1754.,0.02156123881336461,0.13989843603366037,0.02156123881336461,106.0,-0.19,0.24,-1.22
14203.049619,1754.,0.02156123881336461,0.13989843603366037,0.02156123881336461,116.0,-0.26,0.12,-1.12
14223.221775,1754.,0.02131650055412025,0.11985855974717152,0.02131650055412025,120.0,-0.16,0.06,-1.26
14241.20706,1754.,0.02131650055412025,0.11985855974717152,0.02131650055412025,117.0,0.07,0.12,-0.97
14268.023687,1754.,0.02131650055412025,0.11985855974717152,0.02131650055412025,122.0,0.32,0.05,-0.97
14289.984468,1754.,0.02131650055412025,0.11985855974717152,0.02131650055412025,135.0,0.49,0.22,-0.94
14307.193387,1754.,0.020109082003206147,0.12006606231977379,0.0012087020705234335,134.0,0.04,-0.05,-1.12
14326.693476,1754.,0.02156123881336461,0.13989843603366037,0.02156123881336461,140.0,-0.33,-0.01,-1.16
14351.055355,1754.,0.02156123881336461,0.13989843603366037,0.02156123881336461,149.0,-0.15,0.03,-1.15
14368.348627,1754.,0.021814057724877874,0.15995231035369262,0.021814057724877874,158.0,-0.2,0.06,-1.25
14391.070311,1766.,0.021814057724877874,0.15995231035369262,0.021814057724877874,173.0,-0.4,0.11,-1.22
14414.784327,1797.,0.04200868679434695,0.15972533568305325,0.023431253570610475,180.0,-0.16,-0.01,-1.58
14437.697088,1795.,0.04200868679434695,0.15972533568305325,0.023431253570610475,189.0,0.24,0.04,-1.06
14456.565574,1797.,0.041710031850615906,0.13967520321506455,0.022971642202938135,204.0,-0.14,0.12,-0.97
14474.697601,1797.,0.040220153114032174,0.12004789681061823,0.002417400609324752,230.0,0.51,0.23,-1.0
14494.421361,1797.,0.040220153114032174,0.12004789681061823,0.002417400609324752,228.0,0.34,-0.03,-1.11
14520.721238,1797.,0.040220153114032174,0.12004789681061823,0.002417400609324752,247.0,0.64,0.15,-0.94
14540.905988,1819.,0.040220153114032174,0.12004789681061823,0.002417400609324752,255.0,-0.14,-0.07,-1.21
14564.191774,1819.,0.040220153114032174,0.12004789681061823,0.002417400609324752,265.0,0.15,0.04,-1.08
14584.012276,1819.,0.04142579870095868,0.11963895140574876,0.02252183896699407,299.0,0.15,0.2,-1.08
14600.465866,1819.,0.041710031850615906,0.13967520321506455,0.022971642202938135,316.0,0.17,0.16,-1.11
14620.068254,1819.,0.041710031850615906,0.13967520321506455,0.022971642202938135,315.0,0.11,0.08,-0.89
14646.421354,1819.,0.04311641646976261,0.13925001648816204,0.04311641646976261,353.0,-0.2,0.13,-1.2
14672.467282,1819.,0.04311641646976261,0.13925001648816204,0.04311641646976261,376.0,-0.07,0.17,-1.34
14689.754758,1819.,0.04262729008179844,0.11921791393711079,0.04262729008179844,388.0,0.28,0.11,-1.11
14713.282308,1819.,0.04262729008179844,0.11921791393711079,0.04262729008179844,401.0,-0.23,-0.02,-1.14
14730.681452,1819.,0.04262729008179844,0.11921791393711079,0.04262729008179844,416.0,0.19,0.08,-1.06
14755.461469,1819.,0.04215359553729181,0.09919746975803112,0.04215359553729181,453.0,-0.06,-0.02,-1.17
14778.152911,1819.,0.04215359553729181,0.09919746975803112,0.04215359553729181,455.0,0.42,0.13,-0.91
14796.418145,1819.,0.04382462320553216,0.11878478068742848,0.0627357487710637,490.0,-0.29,0.05,-1.17
14815.434225,1819.,0.04382462320553216,0.11878478068742848,0.0627357487710637,526.0,0.64,0.27,-0.9
14840.108222,1819.,0.04262729008179844,0.11921791393711079,0.04262729008179844,575.0,0.37,0.17,-1.04
14856.978115,1819.,0.04262729008179844,0.11921791393711079,0.04262729008179844,552.0,-0.43,0.05,-1.3
14881.09812,1819.,0.04262729008179844,0.11921791393711079,0.04262729008179844,561.0,-0.36,-0.12,-1.28
14903.81136,1820.,0.04215359553729181,0.09919746975803112,0.04215359553729181,601.0,0.51,0.0,-1.01
14926.287928,1820.,0.04215359553729181,0.09919746975803112,0.04215359553729181,616.0,-0.38,0.15,-1.21
14942.430068,1820.,0.04215359553729181,0.09919746975803112,0.04215359553729181,705.0,-0.04,0.06,-1.17
14967.824337,1821.,0.041694668437338586,0.07918667344681896,0.041694668437338586,678.0,-0.6,0.01,-1.35
14989.093902,1821.,0.04248642341406893,0.07876533358116933,0.061743466612148815,730.0,-0.27,0.06,-1.07
15014.162368,1821.,0.04184039168801589,0.05876778507103042,0.061278026118997166,897.0,0.02,-0.07,-1.16
15033.148911,1820.,0.041208614677676135,0.03877570170754341,0.060832188521740535,866.0,0.13,0.21,-0.9
15051.443941,1820.,0.041208614677676135,0.03877570170754341,0.060832188521740535,711.0,0.33,0.42,-0.79
15074.844563,1820.,0.041208614677676135,0.03877570170754341,0.060832188521740535,739.0,-0.15,-0.01,-1.22
15092.682826,1820.,0.04059029628124346,0.018787100244315846,0.06040536658619982,658.0,-0.44,0.04,-1.35
15118.635864,1820.,0.04059029628124346,0.018787100244315846,0.06040536658619982,640.0,-0.34,0.02,-1.11
15143.608366,1820.,0.039994671145022476,-0.0008000000853332079,0.039994671145022476,611.0,-0.1,0.06,-1.05
15161.519519,1819.,0.03980678700678857,-0.02039541306008541,0.019599329862095297,626.0,-0.58,-0.03,-1.36
15181.116851,1819.,0.039624677167150964,-0.04039297920092366,0.019207845644214436,545.0,-0.57,-0.02,-1.19
15202.768015,1819.,0.039624677167150964,-0.04039297920092366,0.019207845644214436,558.0,0.02,0.01,-0.86
15221.385144,1819.,0.03945413964016281,-0.06039469372677542,0.01882141959652666,507.0,-0.12,-0.11,-1.13
15244.306832,1819.,0.040056756818548776,-0.0599969753949281,-0.0012021633158898909,500.0,-0.18,0.15,-0.95
15266.923291,1770.,0.040056756818548776,-0.0599969753949281,-0.0012021633158898909,433.0,-0.42,0.08,-1.2
15286.212951,1756.,0.040098955940373944,-0.08000528288812037,-0.001605135058074373,383.0,0.05,0.03,-1.11
15306.130566,1747.,0.040098955940373944,-0.08000528288812037,-0.001605135058074373,374.0,0.08,0.03,-0.87
15330.13468,1748.,0.04015337912241325,-0.10002158593850519,-0.002010047544192819,354.0,0.25,0.12,-0.82
15360.21668,1748.,0.04015337912241325,-0.10002158593850519,-0.002010047544192819,323.0,-0.35,0.08,-1.05
15380.872105,1748.,0.04015337912241325,-0.10002158593850519,-0.002010047544192819,318.0,-0.18,0.17,-1.0
15404.54349,1748.,0.04115554004935834,-0.09961455245851236,-0.022081229028913497,316.0,-0.25,0.08,-1.01
15423.207917,1743.,0.04142579870095868,-0.11963895140574854,-0.02252183896699407,268.0,-0.02,0.1,-0.99
15448.925783,1726.,0.04115554004935834,-0.09961455245851236,-0.022081229028913497,241.0,-0.48,-0.02,-1.09
15472.899064,1700.,0.04115554004935834,-0.09961455245851236,-0.022081229028913497,225.0,-0.22,0.03,-0.96
15493.830993,1700.,0.04115554004935834,-0.09961455245851236,-0.022081229028913497,216.0,-0.65,-0.05,-1.25
15514.604864,1700.,0.04115554004935834,-0.09961455245851236,-0.022081229028913497,194.0,-0.06,0.17,-0.94
15535.265696,1700.,0.04115554004935834,-0.09961455245851236,-0.022081229028913497,145.0,-0.15,0.02,-0.78
15563.752576,1675.,0.04115554004935834,-0.09961455245851236,-0.022081229028913497,100.0,-0.22,0.01,-0.99
15586.258274,1674.,0.04215359553729181,-0.09919746975803112,-0.04215359553729181,90.0,-0.24,0.05,-0.92
15602.385988,1674.,0.041694668437338586,-0.07918667344681873,-0.041694668437338586,83.0,-0.17,0.01,-0.82
15626.086004,1674.,0.021649224945051934,-0.07959998891442388,-0.040898845272200626,94.0,0.11,0.08,-0.81
15653.497105,1674.,0.021649224945051934,-0.07959998891442388,-0.040898845272200626,100.0,0.05,0.01,-0.76
15674.3742,1674.,0.021225264015214476,-0.05959325183232145,-0.04065533838299943,112.0,0.03,0.04,-0.87
15699.453111,1674.,0.021225264015214476,-0.05959325183232145,-0.04065533838299943,116.0,-0.29,-0.03,-1.0
15726.647319,1721.,0.020808805814881724,-0.03959233898779546,-0.040424676227254826,130.0,-0.45,0.03,-1.11
15748.677213,1756.,0.020411578331576877,-0.039798503647672234,-0.020411578331576877,136.0,-0.55,-0.04,-1.07
15768.948723,1756.,0.020411578331576877,-0.039798503647672234,-0.020411578331576877,130.0,0.3,0.04,-0.7
15788.166288,1756.,0.020202332937550103,-0.019798293147069046,-0.020202332937550103,141.0,0.18,-0.03,-0.8
15814.84521,1756.,0.00020004000533333308,-0.01999933307328039,-0.02000333387338047,139.0,0.26,0.19,-0.74
15835.591376,1756.,0.00020004000533333308,-0.01999933307328039,-0.02000333387338047,135.0,0.39,0.26,-0.85
15856.760736,1772.,0.0,0.0,-0.020000333348334228,133.0,-0.21,-0.03,-0.93
15881.716904,1773.,-0.00020004000533333308,0.01999933307328039,-0.02000333387338047,112.0,0.01,0.13,-0.89
15903.702834,1772.,-0.0004003202348203507,0.04000066509506728,-0.02001234235452296,106.0,0.18,0.12,-0.81
15924.17207,1772.,-0.0008006403413330709,0.03999465833989757,-0.040026683952696665,102.0,0.37,0.19,-0.74
15942.032463,1772.,-0.0012021633158898909,0.05999697539492832,-0.040056756818548776,101.0,-0.16,-0.06,-1.12
15968.876906,1772.,-0.001605135058074373,0.08000528288812037,-0.040098955940373944,95.0,-0.14,-0.02,-1.04
15992.695146,1772.,-0.021649224945051934,0.0795999889144241,-0.040898845272200626,84.0,-0.34,0.0,-1.02
16011.229496,1773.,-0.021649224945051934,0.0795999889144241,-0.040898845272200626,85.0,-0.04,0.03,-1.03
16034.963661,1774.,-0.022081229028913497,0.09961455245851236,-0.04115554004935834,94.0,-0.32,0.0,-1.16
16053.101577,1774.,-0.0210794885869145,0.09983064747855797,-0.0210794885869145,90.0,-0.27,0.16,-1.12
16072.728428,1774.,-0.0210794885869145,0.09983064747855797,-0.0210794885869145,85.0,0.52,0.27,-0.72
16099.943599,1774.,-0.02131650055412025,0.11985855974717152,-0.02131650055412025,85.0,-0.29,0.04,-1.14
16122.438761,1774.,-0.0210794885869145,0.09983064747855797,-0.0210794885869145,83.0,0.15,0.25,-0.85
16142.703789,1774.,-0.04262729008179844,0.11921791393711079,-0.04262729008179844,87.0,-0.47,-0.06,-1.24
16158.610629,1772.,-0.04382462320553216,0.11878478068742848,-0.0627357487710637,88.0,0.06,0.11,-0.93
16185.682928,1772.,-0.04413737786593212,0.09833314022268902,-0.08230988045817414,90.0,-0.05,-0.1,-1.04
16204.067034,1749.,-0.04512309561528713,0.09788587759591372,-0.10239780818245,86.0,-0.24,0.16,-1.11
16228.797476,1749.,-0.04512309561528713,0.09788587759591372,-0.10239780818245,85.0,-0.03,-0.04,-1.11
16249.225878,1749.,-0.04610468973209918,0.09742853413742592,-0.12249494321147691,88.0,0.23,0.16,-0.94
16267.732301,1749.,-0.044837241221649136,0.07745310226872415,-0.1219300652712353,83.0,0.08,0.02,-0.81
16292.453817,1749.,-0.06408280010106006,0.07687544719498463,-0.10263235873741693,82.0,-0.14,0.01,-1.05
16315.852124,1740.,-0.06408280010106006,0.07687544719498463,-0.10263235873741693,85.0,-0.38,-0.01,-1.14
16333.629071,1716.,-0.06244171642247424,0.057529641824024536,-0.08189070767884675,88.0,-0.02,0.15,-0.93
16358.512886,1700.,-0.06121674180793175,0.03816524025492418,-0.06121674180793175,88.0,0.26,0.09,-0.86
16375.243481,1698.,-0.06121674180793175,0.03816524025492418,-0.06121674180793175,83.0,-0.14,-0.0,-1.04
16411.196623,1698.,-0.06121674180793175,0.03816524025492418,-0.06121674180793175,85.0,0.4,0.03,-0.69
16432.376872,1674.,-0.06121674180793175,0.03816524025492418,-0.06121674180793175,82.0,0.12,0.11,-0.85
16455.590157,1673.,-0.06121674180793175,0.03816524025492418,-0.06121674180793175,88.0,-0.32,-0.05,-1.06
16480.75194,1671.,-0.06059004733272919,0.018181992731777008,-0.06059004733272919,87.0,-0.44,0.05,-1.07
16502.294603,1649.,-0.06059004733272919,0.018181992731777008,-0.06059004733272919,86.0,-0.23,0.1,-0.89
16521.855249,1649.,-0.06040536658619982,0.018787100244315846,-0.04059029628124346,84.0,-0.18,-0.13,-0.95
16550.293886,1649.,-0.06040536658619982,0.018787100244315846,-0.04059029628124346,83.0,-0.27,0.13,-0.92
16571.333725,1649.,-0.059997018644704136,-0.0012000002880001581,-0.0399846738846122,80.0,-0.11,-0.04,-0.88
16597.2983,1649.,-0.059997018644704136,-0.0012000002880001581,-0.0399846738846122,88.0,0.26,0.07,-0.77
16620.808572,1625.,-0.06000600762296436,-0.0006000000360000257,-0.0199913326709597,82.0,-0.19,-0.02,-0.86
16642.447903,1625.,-0.06000600762296436,-0.0006000000360000257,-0.0199913326709597,85.0,-0.11,0.1,-0.79
16665.796968,1624.,-0.059815324992472066,-0.020590451886846495,-0.019394323650751277,87.0,-0.17,0.11,-0.88
16688.815195,1624.,-0.059815324992472066,-0.020590451886846495,-0.019394323650751277,86.0,0.4,0.15,-0.6
16707.862164,1624.,-0.059815324992472066,-0.020590451886846495,-0.019394323650751277,85.0,0.06,0.03,-0.8
16733.924889,1624.,-0.06004502584027715,-0.03998464508028432,0.0012009601912307767,87.0,0.3,0.11,-0.66
16752.670021,1624.,-0.06001800402074259,-0.01999132907203993,0.0006001199519615992,81.0,0.06,0.05,-0.83
16773.903548,1624.,-0.06001800402074259,-0.01999132907203993,0.0006001199519615992,84.0,-0.31,-0.04,-0.9
16790.504937,1625.,-0.06001800402074259,-0.01999132907203993,0.0006001199519615992,86.0,-0.04,-0.03,-0.83
